GAS_ZONES,gas_storage_type,gas_storage_predet_build_year,gas_storage_predet_cap,gas_storage_removed_cap,gas_storage_total_cap
AL,aquifer,1999,0,0,0
AL,aquifer,2000,0,0,0
AL,aquifer,2001,0,0,0
AL,aquifer,2002,0,0,0
AL,aquifer,2003,0,0,0
AL,aquifer,2004,0,0,0
AL,aquifer,2005,0,0,0
AL,aquifer,2006,0,0,0
AL,aquifer,2007,0,0,0
AL,aquifer,2008,0,0,0
AL,aquifer,2009,0,0,0
AL,aquifer,2010,0,0,0
AL,aquifer,2011,0,0,0
AL,aquifer,2012,0,0,0
AL,aquifer,2013,0,0,0
AL,aquifer,2014,0,0,0
AL,aquifer,2015,0,0,0
AL,aquifer,2016,0,0,0
AL,aquifer,2017,0,0,0
AL,aquifer,2018,0,0,0
AL,aquifer,2019,0,0,0
AL,aquifer,2020,0,0,0
AL,aquifer,2021,0,0,0
AL,aquifer,2022,0,0,0
AL,depleted field,1999,0,0,0
AL,depleted field,2000,0,0,0
AL,depleted field,2001,1720651.85185185,0,1720651.85185185
AL,depleted field,2002,0,0,1720651.85185185
AL,depleted field,2003,615133.037037037,0,2335784.88888889
AL,depleted field,2004,0,0,2335784.88888889
AL,depleted field,2005,0,0,2335784.88888889
AL,depleted field,2006,7127800.2962963,0,9463585.18518518
AL,depleted field,2007,0,0,9463585.18518518
AL,depleted field,2008,0,130585.185185185,9333000
AL,depleted field,2009,0,0,9333000
AL,depleted field,2010,0,0,9333000
AL,depleted field,2011,2281400,0,11614400
AL,depleted field,2012,0,0,11614400
AL,depleted field,2013,0,0,11614400
AL,depleted field,2014,0,0,11614400
AL,depleted field,2015,0,0,11614400
AL,depleted field,2016,0,0,11614400
AL,depleted field,2017,0,0,11614400
AL,depleted field,2018,0,0,11614400
AL,depleted field,2019,0,0,11614400
AL,depleted field,2020,0,0,11614400
AL,depleted field,2021,0,0,11614400
AL,depleted field,2022,0,0,11614400
AL,salt cavern,1999,2480393.75415282,0,2480393.75415282
AL,salt cavern,2000,0,0,2480393.75415282
AL,salt cavern,2001,0,0,2480393.75415282
AL,salt cavern,2002,2450145.04983389,0,4930538.80398671
AL,salt cavern,2003,1346067.34219269,0,6276606.1461794
AL,salt cavern,2004,0,0,6276606.1461794
AL,salt cavern,2005,0,0,6276606.1461794
AL,salt cavern,2006,0,0,6276606.1461794
AL,salt cavern,2007,0,0,6276606.1461794
AL,salt cavern,2008,6063693.8538206,0,12340300
AL,salt cavern,2009,0,0,12340300
AL,salt cavern,2010,4407250,0,16747550
AL,salt cavern,2011,0,0,16747550
AL,salt cavern,2012,0,0,16747550
AL,salt cavern,2013,0,0,16747550
AL,salt cavern,2014,6014600,0,22762150
AL,salt cavern,2015,0,0,22762150
AL,salt cavern,2016,0,0,22762150
AL,salt cavern,2017,0,0,22762150
AL,salt cavern,2018,0,0,22762150
AL,salt cavern,2019,0,0,22762150
AL,salt cavern,2020,0,0,22762150
AL,salt cavern,2021,0,0,22762150
AL,salt cavern,2022,0,0,22762150
AR,aquifer,1999,0,0,0
AR,aquifer,2000,0,0,0
AR,aquifer,2001,0,0,0
AR,aquifer,2002,0,0,0
AR,aquifer,2003,0,0,0
AR,aquifer,2004,0,0,0
AR,aquifer,2005,0,0,0
AR,aquifer,2006,0,0,0
AR,aquifer,2007,0,0,0
AR,aquifer,2008,0,0,0
AR,aquifer,2009,0,0,0
AR,aquifer,2010,0,0,0
AR,aquifer,2011,0,0,0
AR,aquifer,2012,0,0,0
AR,aquifer,2013,0,0,0
AR,aquifer,2014,0,0,0
AR,aquifer,2015,0,0,0
AR,aquifer,2016,0,0,0
AR,aquifer,2017,0,0,0
AR,aquifer,2018,0,0,0
AR,aquifer,2019,0,0,0
AR,aquifer,2020,0,0,0
AR,aquifer,2021,0,0,0
AR,aquifer,2022,0,0,0
AR,depleted field,1999,10200284.708624,0,10200284.708624
AR,depleted field,2000,0,923465.213389274,9276819.49523472
AR,depleted field,2001,0,0,9276819.49523472
AR,depleted field,2002,0,0,9276819.49523472
AR,depleted field,2003,0,0,9276819.49523472
AR,depleted field,2004,0,0,9276819.49523472
AR,depleted field,2005,0,0,9276819.49523472
AR,depleted field,2006,0,0,9276819.49523472
AR,depleted field,2007,0,0,9276819.49523472
AR,depleted field,2008,5759680.50476528,0,15036500
AR,depleted field,2009,0,624274,14412226
AR,depleted field,2010,0,0,14412226
AR,depleted field,2011,0,1930894,12481332
AR,depleted field,2012,147254,0,12628586
AR,depleted field,2013,0,0,12628586
AR,depleted field,2014,0,0,12628586
AR,depleted field,2015,0,0,12628586
AR,depleted field,2016,0,0,12628586
AR,depleted field,2017,0,3405508,9223078
AR,depleted field,2018,0,0,9223078
AR,depleted field,2019,0,0,9223078
AR,depleted field,2020,0,0,9223078
AR,depleted field,2021,0,0,9223078
AR,depleted field,2022,0,0,9223078
AR,salt cavern,1999,0,0,0
AR,salt cavern,2000,0,0,0
AR,salt cavern,2001,0,0,0
AR,salt cavern,2002,0,0,0
AR,salt cavern,2003,0,0,0
AR,salt cavern,2004,0,0,0
AR,salt cavern,2005,0,0,0
AR,salt cavern,2006,0,0,0
AR,salt cavern,2007,0,0,0
AR,salt cavern,2008,0,0,0
AR,salt cavern,2009,0,0,0
AR,salt cavern,2010,0,0,0
AR,salt cavern,2011,0,0,0
AR,salt cavern,2012,0,0,0
AR,salt cavern,2013,0,0,0
AR,salt cavern,2014,0,0,0
AR,salt cavern,2015,0,0,0
AR,salt cavern,2016,0,0,0
AR,salt cavern,2017,0,0,0
AR,salt cavern,2018,0,0,0
AR,salt cavern,2019,0,0,0
AR,salt cavern,2020,0,0,0
AR,salt cavern,2021,0,0,0
AR,salt cavern,2022,0,0,0
CA,aquifer,1999,0,0,0
CA,aquifer,2000,0,0,0
CA,aquifer,2001,0,0,0
CA,aquifer,2002,0,0,0
CA,aquifer,2003,0,0,0
CA,aquifer,2004,0,0,0
CA,aquifer,2005,0,0,0
CA,aquifer,2006,0,0,0
CA,aquifer,2007,0,0,0
CA,aquifer,2008,0,0,0
CA,aquifer,2009,0,0,0
CA,aquifer,2010,0,0,0
CA,aquifer,2011,0,0,0
CA,aquifer,2012,0,0,0
CA,aquifer,2013,10370000,0,10370000
CA,aquifer,2014,0,0,10370000
CA,aquifer,2015,0,0,10370000
CA,aquifer,2016,186660,0,10556660
CA,aquifer,2017,0,0,10556660
CA,aquifer,2018,0,10556660,0
CA,aquifer,2019,0,0,0
CA,aquifer,2020,0,0,0
CA,aquifer,2021,0,0,0
CA,aquifer,2022,0,0,0
CA,depleted field,1999,236276834.983432,0,236276834.983432
CA,depleted field,2000,0,0,236276834.983432
CA,depleted field,2001,54255640.9855412,0,290532475.968973
CA,depleted field,2002,2493499.67478567,0,293025975.643759
CA,depleted field,2003,0,20126628.8764594,272899346.767299
CA,depleted field,2004,19656191.8671586,0,292555538.634458
CA,depleted field,2005,0,305875.818791211,292249662.815667
CA,depleted field,2006,4273085.18851274,0,296522748.004179
CA,depleted field,2007,1835254.91274709,0,298358002.916927
CA,depleted field,2008,0,4061550.91692656,294296452
CA,depleted field,2009,12755100,0,307051552
CA,depleted field,2010,15555000,0,322606552
CA,depleted field,2011,25199100,0,347805652
CA,depleted field,2012,14414300,0,362219952
CA,depleted field,2013,15555000,0,377774952
CA,depleted field,2014,0,0,377774952
CA,depleted field,2015,1244400,0,379019352
CA,depleted field,2016,0,4396880,374622472
CA,depleted field,2017,1866600,0,376489072
CA,depleted field,2018,10556660,0,387045732
CA,depleted field,2019,757010,0,387802742
CA,depleted field,2020,0,0,387802742
CA,depleted field,2021,0,52988626,334814116
CA,depleted field,2022,0,0,334814116
CA,salt cavern,1999,1464658.8,0,1464658.8
CA,salt cavern,2000,75286.2,0,1539945
CA,salt cavern,2001,0,1539945,0
CA,salt cavern,2002,0,0,0
CA,salt cavern,2003,0,0,0
CA,salt cavern,2004,0,0,0
CA,salt cavern,2005,0,0,0
CA,salt cavern,2006,0,0,0
CA,salt cavern,2007,0,0,0
CA,salt cavern,2008,0,0,0
CA,salt cavern,2009,0,0,0
CA,salt cavern,2010,0,0,0
CA,salt cavern,2011,0,0,0
CA,salt cavern,2012,0,0,0
CA,salt cavern,2013,0,0,0
CA,salt cavern,2014,0,0,0
CA,salt cavern,2015,0,0,0
CA,salt cavern,2016,0,0,0
CA,salt cavern,2017,0,0,0
CA,salt cavern,2018,0,0,0
CA,salt cavern,2019,0,0,0
CA,salt cavern,2020,0,0,0
CA,salt cavern,2021,0,0,0
CA,salt cavern,2022,0,0,0
CO,aquifer,1999,0,0,0
CO,aquifer,2000,0,0,0
CO,aquifer,2001,0,0,0
CO,aquifer,2002,0,0,0
CO,aquifer,2003,0,0,0
CO,aquifer,2004,0,0,0
CO,aquifer,2005,0,0,0
CO,aquifer,2006,0,0,0
CO,aquifer,2007,0,0,0
CO,aquifer,2008,0,0,0
CO,aquifer,2009,0,0,0
CO,aquifer,2010,0,0,0
CO,aquifer,2011,0,0,0
CO,aquifer,2012,0,0,0
CO,aquifer,2013,0,0,0
CO,aquifer,2014,0,0,0
CO,aquifer,2015,0,0,0
CO,aquifer,2016,0,0,0
CO,aquifer,2017,0,0,0
CO,aquifer,2018,0,0,0
CO,aquifer,2019,0,0,0
CO,aquifer,2020,0,0,0
CO,aquifer,2021,0,0,0
CO,aquifer,2022,0,0,0
CO,depleted field,1999,52751544.8714424,0,52751544.8714424
CO,depleted field,2000,332083.84255258,0,53083628.713995
CO,depleted field,2001,0,0,53083628.713995
CO,depleted field,2002,438541.342318237,0,53522170.0563132
CO,depleted field,2003,529.639302320778,0,53522699.6956155
CO,depleted field,2004,0,0,53522699.6956155
CO,depleted field,2005,0,1582032.59602003,51940667.0995955
CO,depleted field,2006,0,0,51940667.0995955
CO,depleted field,2007,0,0,51940667.0995955
CO,depleted field,2008,0,7786244.09959551,44154423
CO,depleted field,2009,5755350,0,49909773
CO,depleted field,2010,1026630,0,50936403
CO,depleted field,2011,0,425170,50511233
CO,depleted field,2012,12312301,0,62823534
CO,depleted field,2013,0,0,62823534
CO,depleted field,2014,3310104,0,66133638
CO,depleted field,2015,0,0,66133638
CO,depleted field,2016,0,0,66133638
CO,depleted field,2017,4562800,0,70696438
CO,depleted field,2018,4542060,0,75238498
CO,depleted field,2019,207400,0,75445898
CO,depleted field,2020,0,0,75445898
CO,depleted field,2021,0,0,75445898
CO,depleted field,2022,212585,0,75658483
CO,salt cavern,1999,0,0,0
CO,salt cavern,2000,0,0,0
CO,salt cavern,2001,0,0,0
CO,salt cavern,2002,0,0,0
CO,salt cavern,2003,0,0,0
CO,salt cavern,2004,0,0,0
CO,salt cavern,2005,0,0,0
CO,salt cavern,2006,0,0,0
CO,salt cavern,2007,0,0,0
CO,salt cavern,2008,0,0,0
CO,salt cavern,2009,0,0,0
CO,salt cavern,2010,0,0,0
CO,salt cavern,2011,0,0,0
CO,salt cavern,2012,0,0,0
CO,salt cavern,2013,0,0,0
CO,salt cavern,2014,0,0,0
CO,salt cavern,2015,0,0,0
CO,salt cavern,2016,0,0,0
CO,salt cavern,2017,0,0,0
CO,salt cavern,2018,0,0,0
CO,salt cavern,2019,0,0,0
CO,salt cavern,2020,0,0,0
CO,salt cavern,2021,0,0,0
CO,salt cavern,2022,0,0,0
IL,aquifer,1999,214397583.290257,0,214397583.290257
IL,aquifer,2000,0,0,214397583.290257
IL,aquifer,2001,0,0,214397583.290257
IL,aquifer,2002,13103546.7244872,0,227501130.014744
IL,aquifer,2003,0,6948257.64897546,220552872.365769
IL,aquifer,2004,24744.3023649752,0,220577616.668134
IL,aquifer,2005,32120693.9897583,0,252698310.657892
IL,aquifer,2006,797572.164601415,0,253495882.822493
IL,aquifer,2007,0,1173052.56676769,252322830.255726
IL,aquifer,2008,1638469.74427435,0,253961300
IL,aquifer,2009,7719428,0,261680728
IL,aquifer,2010,0,37551844,224128884
IL,aquifer,2011,0,1156255,222972629
IL,aquifer,2012,598349,0,223570978
IL,aquifer,2013,78760150,0,302331128
IL,aquifer,2014,1037000,0,303368128
IL,aquifer,2015,0,724863,302643265
IL,aquifer,2016,0,0,302643265
IL,aquifer,2017,0,42869580,259773685
IL,aquifer,2018,1389580,0,261163265
IL,aquifer,2019,0,0,261163265
IL,aquifer,2020,0,0,261163265
IL,aquifer,2021,0,0,261163265
IL,aquifer,2022,0,1389580,259773685
IL,depleted field,1999,77360451.4336175,0,77360451.4336175
IL,depleted field,2000,0,0,77360451.4336175
IL,depleted field,2001,0,0,77360451.4336175
IL,depleted field,2002,605107.334487125,0,77965558.7681046
IL,depleted field,2003,25833544.8775912,0,103799103.645696
IL,depleted field,2004,5042561.12072597,0,108841664.766422
IL,depleted field,2005,0,56534674.0050192,52306990.7614026
IL,depleted field,2006,0,0,52306990.7614026
IL,depleted field,2007,0,0,52306990.7614026
IL,depleted field,2008,1013475.23859742,0,53320466
IL,depleted field,2009,0,0,53320466
IL,depleted field,2010,37280150,0,90600616
IL,depleted field,2011,0,0,90600616
IL,depleted field,2012,0,0,90600616
IL,depleted field,2013,0,78397200,12203416
IL,depleted field,2014,0,0,12203416
IL,depleted field,2015,0,0,12203416
IL,depleted field,2016,0,0,12203416
IL,depleted field,2017,42869580,0,55072996
IL,depleted field,2018,0,1389580,53683416
IL,depleted field,2019,0,0,53683416
IL,depleted field,2020,0,0,53683416
IL,depleted field,2021,0,0,53683416
IL,depleted field,2022,1596980,0,55280396
IL,salt cavern,1999,0,0,0
IL,salt cavern,2000,0,0,0
IL,salt cavern,2001,0,0,0
IL,salt cavern,2002,0,0,0
IL,salt cavern,2003,0,0,0
IL,salt cavern,2004,0,0,0
IL,salt cavern,2005,0,0,0
IL,salt cavern,2006,0,0,0
IL,salt cavern,2007,0,0,0
IL,salt cavern,2008,0,0,0
IL,salt cavern,2009,0,0,0
IL,salt cavern,2010,0,0,0
IL,salt cavern,2011,0,0,0
IL,salt cavern,2012,0,0,0
IL,salt cavern,2013,0,0,0
IL,salt cavern,2014,0,0,0
IL,salt cavern,2015,0,0,0
IL,salt cavern,2016,0,0,0
IL,salt cavern,2017,0,0,0
IL,salt cavern,2018,0,0,0
IL,salt cavern,2019,0,0,0
IL,salt cavern,2020,0,0,0
IL,salt cavern,2021,0,0,0
IL,salt cavern,2022,0,0,0
IN,aquifer,1999,23717839.6887497,0,23717839.6887497
IN,aquifer,2000,0,0,23717839.6887497
IN,aquifer,2001,0,9342022.91878528,14375816.7699645
IN,aquifer,2002,0,474176.155239664,13901640.6147248
IN,aquifer,2003,6499725.74274815,0,20401366.3574729
IN,aquifer,2004,0,0,20401366.3574729
IN,aquifer,2005,81287.3408982269,0,20482653.6983712
IN,aquifer,2006,0,37883.9150482491,20444769.7833229
IN,aquifer,2007,0,0,20444769.7833229
IN,aquifer,2008,272416.216677073,0,20717186
IN,aquifer,2009,0,633607,20083579
IN,aquifer,2010,72590,0,20156169
IN,aquifer,2011,43554,0,20199723
IN,aquifer,2012,0,273768,19925955
IN,aquifer,2013,0,0,19925955
IN,aquifer,2014,0,0,19925955
IN,aquifer,2015,863821,0,20789776
IN,aquifer,2016,0,0,20789776
IN,aquifer,2017,83997,0,20873773
IN,aquifer,2018,11407,0,20885180
IN,aquifer,2019,0,866932,20018248
IN,aquifer,2020,0,65331,19952917
IN,aquifer,2021,0,0,19952917
IN,aquifer,2022,0,0,19952917
IN,depleted field,1999,7835180.70241199,0,7835180.70241199
IN,depleted field,2000,0,0,7835180.70241199
IN,depleted field,2001,14930187.9587224,0,22765368.6611344
IN,depleted field,2002,599607.627255756,0,23364976.2883902
IN,depleted field,2003,0,9820305.74408238,13544670.5443078
IN,depleted field,2004,0,83919.8918482512,13460750.6524595
IN,depleted field,2005,150636.205867611,0,13611386.8583271
IN,depleted field,2006,153153.802623058,0,13764540.6609502
IN,depleted field,2007,0,0,13764540.6609502
IN,depleted field,2008,0,500273.660950193,13264267
IN,depleted field,2009,0,0,13264267
IN,depleted field,2010,781898,0,14046165
IN,depleted field,2011,0,0,14046165
IN,depleted field,2012,273768,0,14319933
IN,depleted field,2013,0,0,14319933
IN,depleted field,2014,0,0,14319933
IN,depleted field,2015,0,273768,14046165
IN,depleted field,2016,0,0,14046165
IN,depleted field,2017,406504,0,14452669
IN,depleted field,2018,0,1004853,13447816
IN,depleted field,2019,105774,0,13553590
IN,depleted field,2020,0,209474,13344116
IN,depleted field,2021,137921,0,13482037
IN,depleted field,2022,33184,0,13515221
IN,salt cavern,1999,0,0,0
IN,salt cavern,2000,0,0,0
IN,salt cavern,2001,0,0,0
IN,salt cavern,2002,0,0,0
IN,salt cavern,2003,0,0,0
IN,salt cavern,2004,0,0,0
IN,salt cavern,2005,0,0,0
IN,salt cavern,2006,0,0,0
IN,salt cavern,2007,0,0,0
IN,salt cavern,2008,0,0,0
IN,salt cavern,2009,0,0,0
IN,salt cavern,2010,0,0,0
IN,salt cavern,2011,0,0,0
IN,salt cavern,2012,0,0,0
IN,salt cavern,2013,0,0,0
IN,salt cavern,2014,0,0,0
IN,salt cavern,2015,0,0,0
IN,salt cavern,2016,0,0,0
IN,salt cavern,2017,0,0,0
IN,salt cavern,2018,0,0,0
IN,salt cavern,2019,0,0,0
IN,salt cavern,2020,0,0,0
IN,salt cavern,2021,0,0,0
IN,salt cavern,2022,0,0,0
IA,aquifer,1999,88777042.8826203,0,88777042.8826203
IA,aquifer,2000,0,0,88777042.8826203
IA,aquifer,2001,0,0,88777042.8826203
IA,aquifer,2002,0,0,88777042.8826203
IA,aquifer,2003,0,0,88777042.8826203
IA,aquifer,2004,0,0,88777042.8826203
IA,aquifer,2005,0,0,88777042.8826203
IA,aquifer,2006,649905.145553589,0,89426948.0281739
IA,aquifer,2007,987205.916095898,0,90414153.9442698
IA,aquifer,2008,167796.055730194,0,90581950
IA,aquifer,2009,66368,0,90648318
IA,aquifer,2010,3317363,0,93965681
IA,aquifer,2011,518500,0,94484181
IA,aquifer,2012,0,829600,93654581
IA,aquifer,2013,0,0,93654581
IA,aquifer,2014,0,0,93654581
IA,aquifer,2015,0,0,93654581
IA,aquifer,2016,0,0,93654581
IA,aquifer,2017,0,0,93654581
IA,aquifer,2018,0,0,93654581
IA,aquifer,2019,0,0,93654581
IA,aquifer,2020,0,0,93654581
IA,aquifer,2021,0,0,93654581
IA,aquifer,2022,0,0,93654581
IA,depleted field,1999,0,0,0
IA,depleted field,2000,0,0,0
IA,depleted field,2001,0,0,0
IA,depleted field,2002,0,0,0
IA,depleted field,2003,0,0,0
IA,depleted field,2004,0,0,0
IA,depleted field,2005,0,0,0
IA,depleted field,2006,0,0,0
IA,depleted field,2007,0,0,0
IA,depleted field,2008,0,0,0
IA,depleted field,2009,0,0,0
IA,depleted field,2010,0,0,0
IA,depleted field,2011,0,0,0
IA,depleted field,2012,0,0,0
IA,depleted field,2013,0,0,0
IA,depleted field,2014,0,0,0
IA,depleted field,2015,0,0,0
IA,depleted field,2016,0,0,0
IA,depleted field,2017,0,0,0
IA,depleted field,2018,0,0,0
IA,depleted field,2019,0,0,0
IA,depleted field,2020,0,0,0
IA,depleted field,2021,0,0,0
IA,depleted field,2022,0,0,0
KS,aquifer,1999,0,0,0
KS,aquifer,2000,0,0,0
KS,aquifer,2001,0,0,0
KS,aquifer,2002,0,0,0
KS,aquifer,2003,0,0,0
KS,aquifer,2004,0,0,0
KS,aquifer,2005,0,0,0
KS,aquifer,2006,0,0,0
KS,aquifer,2007,0,0,0
KS,aquifer,2008,0,0,0
KS,aquifer,2009,0,0,0
KS,aquifer,2010,0,0,0
KS,aquifer,2011,0,0,0
KS,aquifer,2012,0,0,0
KS,aquifer,2013,0,0,0
KS,aquifer,2014,0,0,0
KS,aquifer,2015,0,0,0
KS,aquifer,2016,0,0,0
KS,aquifer,2017,0,0,0
KS,aquifer,2018,0,0,0
KS,aquifer,2019,0,0,0
KS,aquifer,2020,0,0,0
KS,aquifer,2021,0,0,0
KS,aquifer,2022,0,0,0
KS,depleted field,1999,134073759.469847,0,134073759.469847
KS,depleted field,2000,0,315466.608948842,133758292.860898
KS,depleted field,2001,495733.242633909,0,134254026.103532
KS,depleted field,2002,216319.960422069,0,134470346.063954
KS,depleted field,2003,0,5081716.4035818,129388629.660372
KS,depleted field,2004,564234.563434228,0,129952864.223806
KS,depleted field,2005,134298.642095372,0,130087162.865901
KS,depleted field,2006,0,612906.554529205,129474256.311372
KS,depleted field,2007,315917.275533065,0,129790173.586905
KS,depleted field,2008,0,6506428.58690536,123283745
KS,depleted field,2009,81923,0,123365668
KS,depleted field,2010,3992450,0,127358118
KS,depleted field,2011,37332,0,127395450
KS,depleted field,2012,122366,0,127517816
KS,depleted field,2013,2074,0,127519890
KS,depleted field,2014,10370,0,127530260
KS,depleted field,2015,0,0,127530260
KS,depleted field,2016,2074,0,127532334
KS,depleted field,2017,0,0,127532334
KS,depleted field,2018,0,0,127532334
KS,depleted field,2019,0,0,127532334
KS,depleted field,2020,0,0,127532334
KS,depleted field,2021,0,0,127532334
KS,depleted field,2022,0,0,127532334
KS,salt cavern,1999,2463912,0,2463912
KS,salt cavern,2000,0,0,2463912
KS,salt cavern,2001,0,0,2463912
KS,salt cavern,2002,0,1716525.36,747386.64
KS,salt cavern,2003,684.420000000042,0,748071.06
KS,salt cavern,2004,0,0,748071.06
KS,salt cavern,2005,0,0,748071.06
KS,salt cavern,2006,0,3422.09999999998,744648.96
KS,salt cavern,2007,0,107453.94,637195.02
KS,salt cavern,2008,0,248320.02,388875
KS,salt cavern,2009,0,0,388875
KS,salt cavern,2010,0,0,388875
KS,salt cavern,2011,0,0,388875
KS,salt cavern,2012,0,0,388875
KS,salt cavern,2013,0,0,388875
KS,salt cavern,2014,0,388875,0
KS,salt cavern,2015,0,0,0
KS,salt cavern,2016,0,0,0
KS,salt cavern,2017,0,0,0
KS,salt cavern,2018,0,0,0
KS,salt cavern,2019,0,0,0
KS,salt cavern,2020,0,0,0
KS,salt cavern,2021,0,0,0
KS,salt cavern,2022,0,0,0
KY,aquifer,1999,6372987.76299854,0,6372987.76299854
KY,aquifer,2000,0,0,6372987.76299854
KY,aquifer,2001,0,510931.495162526,5862056.26783601
KY,aquifer,2002,0,0,5862056.26783601
KY,aquifer,2003,510931.495162526,0,6372987.76299854
KY,aquifer,2004,0,0,6372987.76299854
KY,aquifer,2005,0,0,6372987.76299854
KY,aquifer,2006,0,0,6372987.76299854
KY,aquifer,2007,0,0,6372987.76299854
KY,aquifer,2008,501285.237001461,0,6874273
KY,aquifer,2009,0,0,6874273
KY,aquifer,2010,0,0,6874273
KY,aquifer,2011,0,0,6874273
KY,aquifer,2012,0,0,6874273
KY,aquifer,2013,0,0,6874273
KY,aquifer,2014,0,2084370,4789903
KY,aquifer,2015,0,0,4789903
KY,aquifer,2016,0,0,4789903
KY,aquifer,2017,4780570,0,9570473
KY,aquifer,2018,0,0,9570473
KY,aquifer,2019,0,0,9570473
KY,aquifer,2020,0,0,9570473
KY,aquifer,2021,0,0,9570473
KY,aquifer,2022,0,0,9570473
KY,depleted field,1999,103488874.043646,0,103488874.043646
KY,depleted field,2000,2952.04547049105,0,103491826.089117
KY,depleted field,2001,713410.988700613,0,104205237.077817
KY,depleted field,2002,0,0,104205237.077817
KY,depleted field,2003,0,275032.236333549,103930204.841484
KY,depleted field,2004,19680.3031365722,0,103949885.14462
KY,depleted field,2005,0,943178.527820051,103006706.6168
KY,depleted field,2006,0,262240.039294779,102744466.577506
KY,depleted field,2007,966794.891583934,0,103711261.46909
KY,depleted field,2008,0,5613135.46908952,98098126
KY,depleted field,2009,2340509,0,100438635
KY,depleted field,2010,4268292,0,104706927
KY,depleted field,2011,0,0,104706927
KY,depleted field,2012,0,0,104706927
KY,depleted field,2013,0,0,104706927
KY,depleted field,2014,2084370,0,106791297
KY,depleted field,2015,0,30073,106761224
KY,depleted field,2016,1037,0,106762261
KY,depleted field,2017,0,4702795,102059466
KY,depleted field,2018,0,52887,102006579
KY,depleted field,2019,0,0,102006579
KY,depleted field,2020,0,0,102006579
KY,depleted field,2021,0,0,102006579
KY,depleted field,2022,0,0,102006579
KY,salt cavern,1999,0,0,0
KY,salt cavern,2000,0,0,0
KY,salt cavern,2001,0,0,0
KY,salt cavern,2002,0,0,0
KY,salt cavern,2003,0,0,0
KY,salt cavern,2004,0,0,0
KY,salt cavern,2005,0,0,0
KY,salt cavern,2006,0,0,0
KY,salt cavern,2007,0,0,0
KY,salt cavern,2008,0,0,0
KY,salt cavern,2009,0,0,0
KY,salt cavern,2010,0,0,0
KY,salt cavern,2011,0,0,0
KY,salt cavern,2012,0,0,0
KY,salt cavern,2013,0,0,0
KY,salt cavern,2014,0,0,0
KY,salt cavern,2015,0,0,0
KY,salt cavern,2016,0,0,0
KY,salt cavern,2017,0,0,0
KY,salt cavern,2018,0,0,0
KY,salt cavern,2019,0,0,0
KY,salt cavern,2020,0,0,0
KY,salt cavern,2021,0,0,0
KY,salt cavern,2022,0,0,0
LA,aquifer,1999,0,0,0
LA,aquifer,2000,0,0,0
LA,aquifer,2001,0,0,0
LA,aquifer,2002,0,0,0
LA,aquifer,2003,0,0,0
LA,aquifer,2004,0,0,0
LA,aquifer,2005,0,0,0
LA,aquifer,2006,0,0,0
LA,aquifer,2007,0,0,0
LA,aquifer,2008,0,0,0
LA,aquifer,2009,0,0,0
LA,aquifer,2010,0,0,0
LA,aquifer,2011,0,0,0
LA,aquifer,2012,0,0,0
LA,aquifer,2013,0,0,0
LA,aquifer,2014,0,0,0
LA,aquifer,2015,0,0,0
LA,aquifer,2016,0,0,0
LA,aquifer,2017,0,0,0
LA,aquifer,2018,0,0,0
LA,aquifer,2019,0,0,0
LA,aquifer,2020,0,0,0
LA,aquifer,2021,0,0,0
LA,aquifer,2022,0,0,0
LA,depleted field,1999,312457815.098892,0,312457815.098892
LA,depleted field,2000,0,0,312457815.098892
LA,depleted field,2001,0,0,312457815.098892
LA,depleted field,2002,0,0,312457815.098892
LA,depleted field,2003,0,0,312457815.098892
LA,depleted field,2004,0,0,312457815.098892
LA,depleted field,2005,0,0,312457815.098892
LA,depleted field,2006,0,0,312457815.098892
LA,depleted field,2007,0,1988109.79469103,310469705.304201
LA,depleted field,2008,0,15397577.3042006,295072128
LA,depleted field,2009,0,0,295072128
LA,depleted field,2010,0,0,295072128
LA,depleted field,2011,1280695,0,296352823
LA,depleted field,2012,0,76736963,219615860
LA,depleted field,2013,83582200,0,303198060
LA,depleted field,2014,518500,0,303716560
LA,depleted field,2015,0,518500,303198060
LA,depleted field,2016,621163,0,303819223
LA,depleted field,2017,0,0,303819223
LA,depleted field,2018,0,0,303819223
LA,depleted field,2019,0,0,303819223
LA,depleted field,2020,0,0,303819223
LA,depleted field,2021,8847684,0,312666907
LA,depleted field,2022,0,0,312666907
LA,salt cavern,1999,24656895.2956082,0,24656895.2956082
LA,salt cavern,2000,3756152.0839189,0,28413047.3795271
LA,salt cavern,2001,5610770.50162281,0,34023817.8811499
LA,salt cavern,2002,7532096.53830343,0,41555914.4194533
LA,salt cavern,2003,3341245.35489897,0,44897159.7743523
LA,salt cavern,2004,1515215.91675652,0,46412375.6911088
LA,salt cavern,2005,0,0,46412375.6911088
LA,salt cavern,2006,3976800.36207261,0,50389176.0531814
LA,salt cavern,2007,0,5189266.31578101,45199909.7374004
LA,salt cavern,2008,14562400.2625996,0,59762310
LA,salt cavern,2009,27850709,0,87613019
LA,salt cavern,2010,16418821,0,104031840
LA,salt cavern,2011,11955573,0,115987413
LA,salt cavern,2012,92140561,0,208127974
LA,salt cavern,2013,0,48084653,160043321
LA,salt cavern,2014,7183299,0,167226620
LA,salt cavern,2015,4033930,0,171260550
LA,salt cavern,2016,0,3500912,167759638
LA,salt cavern,2017,2280363,0,170040001
LA,salt cavern,2018,0,8067860,161972141
LA,salt cavern,2019,0,2706570,159265571
LA,salt cavern,2020,4593910,0,163859481
LA,salt cavern,2021,1980670,0,165840151
LA,salt cavern,2022,0,7580470,158259681
MD,depleted field,1999,18384065.625,0,18384065.625
MD,depleted field,2000,0,0,18384065.625
MD,depleted field,2001,0,0,18384065.625
MD,depleted field,2002,0,0,18384065.625
MD,depleted field,2003,0,0,18384065.625
MD,depleted field,2004,0,0,18384065.625
MD,depleted field,2005,0,0,18384065.625
MD,depleted field,2006,593034.375,0,18977100
MD,depleted field,2007,0,0,18977100
MD,depleted field,2008,0,1037000,17940100
MD,depleted field,2009,1037000,0,18977100
MD,depleted field,2010,0,0,18977100
MD,depleted field,2011,0,0,18977100
MD,depleted field,2012,0,0,18977100
MD,depleted field,2013,0,0,18977100
MD,depleted field,2014,0,0,18977100
MD,depleted field,2015,0,0,18977100
MD,depleted field,2016,0,0,18977100
MD,depleted field,2017,0,0,18977100
MD,depleted field,2018,0,0,18977100
MD,depleted field,2019,0,0,18977100
MD,depleted field,2020,0,0,18977100
MD,depleted field,2021,0,0,18977100
MD,depleted field,2022,0,0,18977100
MD,salt cavern,1999,0,0,0
MD,salt cavern,2000,0,0,0
MD,salt cavern,2001,0,0,0
MD,salt cavern,2002,0,0,0
MD,salt cavern,2003,0,0,0
MD,salt cavern,2004,0,0,0
MD,salt cavern,2005,0,0,0
MD,salt cavern,2006,0,0,0
MD,salt cavern,2007,0,0,0
MD,salt cavern,2008,0,0,0
MD,salt cavern,2009,0,0,0
MD,salt cavern,2010,0,0,0
MD,salt cavern,2011,0,0,0
MD,salt cavern,2012,0,0,0
MD,salt cavern,2013,0,0,0
MD,salt cavern,2014,0,0,0
MD,salt cavern,2015,0,0,0
MD,salt cavern,2016,0,0,0
MD,salt cavern,2017,0,0,0
MD,salt cavern,2018,0,0,0
MD,salt cavern,2019,0,0,0
MD,salt cavern,2020,0,0,0
MD,salt cavern,2021,0,0,0
MD,salt cavern,2022,0,0,0
MI,aquifer,1999,10320224,0,10320224
MI,aquifer,2000,0,0,10320224
MI,aquifer,2001,0,10320224,0
MI,aquifer,2002,0,0,0
MI,aquifer,2003,0,0,0
MI,aquifer,2004,0,0,0
MI,aquifer,2005,0,0,0
MI,aquifer,2006,0,0,0
MI,aquifer,2007,0,0,0
MI,aquifer,2008,0,0,0
MI,aquifer,2009,0,0,0
MI,aquifer,2010,0,0,0
MI,aquifer,2011,0,0,0
MI,aquifer,2012,0,0,0
MI,aquifer,2013,0,0,0
MI,aquifer,2014,0,0,0
MI,aquifer,2015,0,0,0
MI,aquifer,2016,0,0,0
MI,aquifer,2017,0,0,0
MI,aquifer,2018,0,0,0
MI,aquifer,2019,0,0,0
MI,aquifer,2020,0,0,0
MI,aquifer,2021,0,0,0
MI,aquifer,2022,0,0,0
MI,depleted field,1999,686749917.519626,0,686749917.519626
MI,depleted field,2000,0,650397.844125867,686099519.675501
MI,depleted field,2001,21249861.945961,0,707349381.621462
MI,depleted field,2002,0,24717105.0355729,682632276.585889
MI,depleted field,2003,0,4080551.03631294,678551725.549576
MI,depleted field,2004,0,12109851.5091618,666441874.040414
MI,depleted field,2005,7661050.77698946,0,674102924.817403
MI,depleted field,2006,6398669.6253562,0,680501594.44276
MI,depleted field,2007,19376159.8064171,0,699877754.249177
MI,depleted field,2008,0,14739113.2491766,685138641
MI,depleted field,2009,3933341,0,689071982
MI,depleted field,2010,435540,0,689507522
MI,depleted field,2011,5772979,0,695280501
MI,depleted field,2012,589016,0,695869517
MI,depleted field,2013,1832379,0,697701896
MI,depleted field,2014,37332,0,697739228
MI,depleted field,2015,11119751,0,708858979
MI,depleted field,2016,0,0,708858979
MI,depleted field,2017,0,18666,708840313
MI,depleted field,2018,0,1958893,706881420
MI,depleted field,2019,0,0,706881420
MI,depleted field,2020,0,0,706881420
MI,depleted field,2021,0,0,706881420
MI,depleted field,2022,0,20740,706860680
MI,salt cavern,1999,2168717.5491758,0,2168717.5491758
MI,salt cavern,2000,0,0,2168717.5491758
MI,salt cavern,2001,27459.5163823445,0,2196177.06555815
MI,salt cavern,2002,0,0,2196177.06555815
MI,salt cavern,2003,44986.8672646922,0,2241163.93282284
MI,salt cavern,2004,0,14606.1257352899,2226557.80708755
MI,salt cavern,2005,12269.1456176434,0,2238826.95270519
MI,salt cavern,2006,3505.47017646953,0,2242332.42288166
MI,salt cavern,2007,7595.18538235035,0,2249927.60826401
MI,salt cavern,2008,0,16229.6082640123,2233698
MI,salt cavern,2009,0,4148,2229550
MI,salt cavern,2010,9333,0,2238883
MI,salt cavern,2011,0,0,2238883
MI,salt cavern,2012,0,0,2238883
MI,salt cavern,2013,0,0,2238883
MI,salt cavern,2014,0,0,2238883
MI,salt cavern,2015,0,0,2238883
MI,salt cavern,2016,0,0,2238883
MI,salt cavern,2017,1037,0,2239920
MI,salt cavern,2018,0,0,2239920
MI,salt cavern,2019,0,0,2239920
MI,salt cavern,2020,0,0,2239920
MI,salt cavern,2021,0,0,2239920
MI,salt cavern,2022,1037,0,2240957
MN,aquifer,1999,2074000,0,2074000
MN,aquifer,2000,0,0,2074000
MN,aquifer,2001,0,0,2074000
MN,aquifer,2002,0,0,2074000
MN,aquifer,2003,0,0,2074000
MN,aquifer,2004,0,0,2074000
MN,aquifer,2005,0,0,2074000
MN,aquifer,2006,0,0,2074000
MN,aquifer,2007,0,0,2074000
MN,aquifer,2008,0,0,2074000
MN,aquifer,2009,0,0,2074000
MN,aquifer,2010,0,0,2074000
MN,aquifer,2011,0,0,2074000
MN,aquifer,2012,0,0,2074000
MN,aquifer,2013,0,0,2074000
MN,aquifer,2014,0,0,2074000
MN,aquifer,2015,0,0,2074000
MN,aquifer,2016,0,0,2074000
MN,aquifer,2017,0,0,2074000
MN,aquifer,2018,0,0,2074000
MN,aquifer,2019,0,0,2074000
MN,aquifer,2020,0,0,2074000
MN,aquifer,2021,0,0,2074000
MN,aquifer,2022,0,0,2074000
MS,aquifer,1999,0,0,0
MS,aquifer,2000,0,0,0
MS,aquifer,2001,0,0,0
MS,aquifer,2002,0,0,0
MS,aquifer,2003,0,0,0
MS,aquifer,2004,0,0,0
MS,aquifer,2005,0,0,0
MS,aquifer,2006,0,0,0
MS,aquifer,2007,0,0,0
MS,aquifer,2008,0,0,0
MS,aquifer,2009,0,0,0
MS,aquifer,2010,0,0,0
MS,aquifer,2011,0,0,0
MS,aquifer,2012,0,0,0
MS,aquifer,2013,0,0,0
MS,aquifer,2014,0,0,0
MS,aquifer,2015,0,0,0
MS,aquifer,2016,0,0,0
MS,aquifer,2017,0,0,0
MS,aquifer,2018,0,0,0
MS,aquifer,2019,0,0,0
MS,aquifer,2020,0,0,0
MS,aquifer,2021,0,0,0
MS,aquifer,2022,0,0,0
MS,depleted field,1999,49884959.6778984,0,49884959.6778984
MS,depleted field,2000,0,0,49884959.6778984
MS,depleted field,2001,182336.95481468,0,50067296.6327131
MS,depleted field,2002,0,0,50067296.6327131
MS,depleted field,2003,0,0,50067296.6327131
MS,depleted field,2004,1166956.51081394,0,51234253.1435271
MS,depleted field,2005,0,0,51234253.1435271
MS,depleted field,2006,27715.2171318308,0,51261968.3606589
MS,depleted field,2007,7828333.26004352,0,59090301.6207024
MS,depleted field,2008,0,3984121.62070242,55106180
MS,depleted field,2009,12526960,0,67633140
MS,depleted field,2010,5288700,0,72921840
MS,depleted field,2011,0,2240957,70680883
MS,depleted field,2012,0,0,70680883
MS,depleted field,2013,3111000,0,73791883
MS,depleted field,2014,0,250954,73540929
MS,depleted field,2015,0,1451800,72089129
MS,depleted field,2016,97478,0,72186607
MS,depleted field,2017,0,0,72186607
MS,depleted field,2018,0,725900,71460707
MS,depleted field,2019,0,0,71460707
MS,depleted field,2020,0,0,71460707
MS,depleted field,2021,0,0,71460707
MS,depleted field,2022,0,0,71460707
MS,salt cavern,1999,23553579.6220787,0,23553579.6220787
MS,salt cavern,2000,0,0,23553579.6220787
MS,salt cavern,2001,7796964.32089692,0,31350543.9429756
MS,salt cavern,2002,0,0,31350543.9429756
MS,salt cavern,2003,0,674737.297000695,30675806.6459749
MS,salt cavern,2004,0,0,30675806.6459749
MS,salt cavern,2005,3493639.78224804,0,34169446.428223
MS,salt cavern,2006,0,145443.372909039,34024003.0553139
MS,salt cavern,2007,0,0,34024003.0553139
MS,salt cavern,2008,10869800.9446861,0,44893804
MS,salt cavern,2009,483242,0,45377046
MS,salt cavern,2010,13657290,0,59034336
MS,salt cavern,2011,6226148,0,65260484
MS,salt cavern,2012,38898907,0,104159391
MS,salt cavern,2013,9386924,0,113546315
MS,salt cavern,2014,21609006,0,135155321
MS,salt cavern,2015,1593869,0,136749190
MS,salt cavern,2016,3351584,0,140100774
MS,salt cavern,2017,0,0,140100774
MS,salt cavern,2018,0,0,140100774
MS,salt cavern,2019,0,1706902,138393872
MS,salt cavern,2020,0,385764,138008108
MS,salt cavern,2021,0,144143,137863965
MS,salt cavern,2022,0,341173,137522792
MO,aquifer,1999,8563701.64362586,0,8563701.64362586
MO,aquifer,2000,165671.329721922,0,8729372.97334778
MO,aquifer,2001,30943.570675334,0,8760316.54402311
MO,aquifer,2002,29300.5492235459,0,8789617.09324666
MO,aquifer,2003,0,4929.06435536221,8784688.0288913
MO,aquifer,2004,0,20811.6050559767,8763876.42383532
MO,aquifer,2005,38884.8410256412,0,8802761.26486096
MO,aquifer,2006,98307.450198628,0,8901068.71505959
MO,aquifer,2007,119119.055254603,0,9020187.77031419
MO,aquifer,2008,2673024.22968581,0,11693212
MO,aquifer,2009,0,8540732,3152480
MO,aquifer,2010,638792,0,3791272
MO,aquifer,2011,2430728,0,6222000
MO,aquifer,2012,0,0,6222000
MO,aquifer,2013,0,0,6222000
MO,aquifer,2014,0,0,6222000
MO,aquifer,2015,0,0,6222000
MO,aquifer,2016,0,0,6222000
MO,aquifer,2017,0,2430728,3791272
MO,aquifer,2018,0,0,3791272
MO,aquifer,2019,0,0,3791272
MO,aquifer,2020,0,0,3791272
MO,aquifer,2021,0,0,3791272
MO,aquifer,2022,0,0,3791272
MT,aquifer,1999,0,0,0
MT,aquifer,2000,0,0,0
MT,aquifer,2001,0,0,0
MT,aquifer,2002,0,0,0
MT,aquifer,2003,0,0,0
MT,aquifer,2004,0,0,0
MT,aquifer,2005,0,0,0
MT,aquifer,2006,0,0,0
MT,aquifer,2007,0,0,0
MT,aquifer,2008,0,0,0
MT,aquifer,2009,0,0,0
MT,aquifer,2010,0,0,0
MT,aquifer,2011,0,0,0
MT,aquifer,2012,0,0,0
MT,aquifer,2013,0,0,0
MT,aquifer,2014,0,0,0
MT,aquifer,2015,0,0,0
MT,aquifer,2016,0,0,0
MT,aquifer,2017,0,0,0
MT,aquifer,2018,0,0,0
MT,aquifer,2019,0,0,0
MT,aquifer,2020,0,0,0
MT,aquifer,2021,0,0,0
MT,aquifer,2022,0,0,0
MT,depleted field,1999,202217219.589315,0,202217219.589315
MT,depleted field,2000,0,0,202217219.589315
MT,depleted field,2001,1423374.95417637,0,203640594.543491
MT,depleted field,2002,41367.6850926876,0,203681962.228584
MT,depleted field,2003,0,0,203681962.228584
MT,depleted field,2004,0,0,203681962.228584
MT,depleted field,2005,0,0,203681962.228584
MT,depleted field,2006,0,0,203681962.228584
MT,depleted field,2007,0,0,203681962.228584
MT,depleted field,2008,0,415444.228583932,203266518
MT,depleted field,2009,1549278,0,204815796
MT,depleted field,2010,0,7259,204808537
MT,depleted field,2011,0,0,204808537
MT,depleted field,2012,0,0,204808537
MT,depleted field,2013,0,0,204808537
MT,depleted field,2014,0,0,204808537
MT,depleted field,2015,0,0,204808537
MT,depleted field,2016,0,0,204808537
MT,depleted field,2017,0,24888,204783649
MT,depleted field,2018,0,0,204783649
MT,depleted field,2019,0,0,204783649
MT,depleted field,2020,0,0,204783649
MT,depleted field,2021,0,0,204783649
MT,depleted field,2022,0,0,204783649
MT,salt cavern,1999,0,0,0
MT,salt cavern,2000,0,0,0
MT,salt cavern,2001,0,0,0
MT,salt cavern,2002,0,0,0
MT,salt cavern,2003,0,0,0
MT,salt cavern,2004,0,0,0
MT,salt cavern,2005,0,0,0
MT,salt cavern,2006,0,0,0
MT,salt cavern,2007,0,0,0
MT,salt cavern,2008,0,0,0
MT,salt cavern,2009,0,0,0
MT,salt cavern,2010,0,0,0
MT,salt cavern,2011,0,0,0
MT,salt cavern,2012,0,0,0
MT,salt cavern,2013,0,0,0
MT,salt cavern,2014,0,0,0
MT,salt cavern,2015,0,0,0
MT,salt cavern,2016,0,0,0
MT,salt cavern,2017,0,0,0
MT,salt cavern,2018,0,0,0
MT,salt cavern,2019,0,0,0
MT,salt cavern,2020,0,0,0
MT,salt cavern,2021,0,0,0
MT,salt cavern,2022,0,0,0
NE,depleted field,1999,14859856.0214634,0,14859856.0214634
NE,depleted field,2000,0,0,14859856.0214634
NE,depleted field,2001,0,0,14859856.0214634
NE,depleted field,2002,0,0,14859856.0214634
NE,depleted field,2003,376.503902439028,0,14860232.5253659
NE,depleted field,2004,0,0,14860232.5253659
NE,depleted field,2005,0,0,14860232.5253659
NE,depleted field,2006,0,0,14860232.5253659
NE,depleted field,2007,0,1739071.52536586,13121161
NE,depleted field,2008,1001742,0,14122903
NE,depleted field,2009,0,0,14122903
NE,depleted field,2010,1244400,0,15367303
NE,depleted field,2011,0,0,15367303
NE,depleted field,2012,0,0,15367303
NE,depleted field,2013,0,0,15367303
NE,depleted field,2014,0,0,15367303
NE,depleted field,2015,0,2246142,13121161
NE,depleted field,2016,0,0,13121161
NE,depleted field,2017,0,0,13121161
NE,depleted field,2018,0,0,13121161
NE,depleted field,2019,0,0,13121161
NE,depleted field,2020,0,0,13121161
NE,depleted field,2021,0,0,13121161
NE,depleted field,2022,0,0,13121161
NE,salt cavern,1999,0,0,0
NE,salt cavern,2000,0,0,0
NE,salt cavern,2001,0,0,0
NE,salt cavern,2002,0,0,0
NE,salt cavern,2003,0,0,0
NE,salt cavern,2004,0,0,0
NE,salt cavern,2005,0,0,0
NE,salt cavern,2006,0,0,0
NE,salt cavern,2007,0,0,0
NE,salt cavern,2008,0,0,0
NE,salt cavern,2009,0,0,0
NE,salt cavern,2010,0,0,0
NE,salt cavern,2011,0,0,0
NE,salt cavern,2012,0,0,0
NE,salt cavern,2013,0,0,0
NE,salt cavern,2014,0,0,0
NE,salt cavern,2015,0,0,0
NE,salt cavern,2016,0,0,0
NE,salt cavern,2017,0,0,0
NE,salt cavern,2018,0,0,0
NE,salt cavern,2019,0,0,0
NE,salt cavern,2020,0,0,0
NE,salt cavern,2021,0,0,0
NE,salt cavern,2022,0,0,0
NM,aquifer,1999,3982080,0,3982080
NM,aquifer,2000,0,0,3982080
NM,aquifer,2001,0,0,3982080
NM,aquifer,2002,0,2256512,1725568
NM,aquifer,2003,0,0,1725568
NM,aquifer,2004,0,0,1725568
NM,aquifer,2005,0,165920,1559648
NM,aquifer,2006,0,156960.32,1402687.68
NM,aquifer,2007,0,0,1402687.68
NM,aquifer,2008,0,0,1402687.68
NM,aquifer,2009,0,0,1402687.68
NM,aquifer,2010,0,0,1402687.68
NM,aquifer,2011,0,0,1402687.68
NM,aquifer,2012,0,1402687.68,0
NM,aquifer,2013,0,0,0
NM,aquifer,2014,0,0,0
NM,aquifer,2015,0,0,0
NM,aquifer,2016,0,0,0
NM,aquifer,2017,0,0,0
NM,aquifer,2018,0,0,0
NM,aquifer,2019,0,0,0
NM,aquifer,2020,0,0,0
NM,aquifer,2021,0,0,0
NM,aquifer,2022,0,0,0
NM,depleted field,1999,58819603.6767677,0,58819603.6767677
NM,depleted field,2000,0,0,58819603.6767677
NM,depleted field,2001,0,0,58819603.6767677
NM,depleted field,2002,0,0,58819603.6767677
NM,depleted field,2003,0,4171603.09764309,54648000.5791246
NM,depleted field,2004,0,0,54648000.5791246
NM,depleted field,2005,0,122367.024197534,54525633.5549271
NM,depleted field,2006,0,0,54525633.5549271
NM,depleted field,2007,0,0,54525633.5549271
NM,depleted field,2008,2820466.44507295,0,57346100
NM,depleted field,2009,0,0,57346100
NM,depleted field,2010,3836900,0,61183000
NM,depleted field,2011,0,0,61183000
NM,depleted field,2012,4459100,0,65642100
NM,depleted field,2013,0,3693794,61948306
NM,depleted field,2014,0,0,61948306
NM,depleted field,2015,0,0,61948306
NM,depleted field,2016,0,0,61948306
NM,depleted field,2017,0,0,61948306
NM,depleted field,2018,0,0,61948306
NM,depleted field,2019,0,0,61948306
NM,depleted field,2020,0,0,61948306
NM,depleted field,2021,0,0,61948306
NM,depleted field,2022,0,0,61948306
NM,salt cavern,1999,0,0,0
NM,salt cavern,2000,0,0,0
NM,salt cavern,2001,0,0,0
NM,salt cavern,2002,0,0,0
NM,salt cavern,2003,0,0,0
NM,salt cavern,2004,0,0,0
NM,salt cavern,2005,0,0,0
NM,salt cavern,2006,0,0,0
NM,salt cavern,2007,0,0,0
NM,salt cavern,2008,0,0,0
NM,salt cavern,2009,0,0,0
NM,salt cavern,2010,0,0,0
NM,salt cavern,2011,0,0,0
NM,salt cavern,2012,0,0,0
NM,salt cavern,2013,0,0,0
NM,salt cavern,2014,0,0,0
NM,salt cavern,2015,0,0,0
NM,salt cavern,2016,0,0,0
NM,salt cavern,2017,0,0,0
NM,salt cavern,2018,0,0,0
NM,salt cavern,2019,0,0,0
NM,salt cavern,2020,0,0,0
NM,salt cavern,2021,0,0,0
NM,salt cavern,2022,0,0,0
NY,aquifer,1999,0,0,0
NY,aquifer,2000,0,0,0
NY,aquifer,2001,0,0,0
NY,aquifer,2002,0,0,0
NY,aquifer,2003,0,0,0
NY,aquifer,2004,0,0,0
NY,aquifer,2005,0,0,0
NY,aquifer,2006,0,0,0
NY,aquifer,2007,0,0,0
NY,aquifer,2008,0,0,0
NY,aquifer,2009,0,0,0
NY,aquifer,2010,0,0,0
NY,aquifer,2011,0,0,0
NY,aquifer,2012,0,0,0
NY,aquifer,2013,0,0,0
NY,aquifer,2014,0,0,0
NY,aquifer,2015,0,0,0
NY,aquifer,2016,0,0,0
NY,aquifer,2017,0,0,0
NY,aquifer,2018,0,0,0
NY,aquifer,2019,0,0,0
NY,aquifer,2020,0,0,0
NY,aquifer,2021,0,0,0
NY,aquifer,2022,0,0,0
NY,depleted field,1999,93141816.8350239,0,93141816.8350239
NY,depleted field,2000,196281.098818034,0,93338097.9338419
NY,depleted field,2001,11262.0302600563,0,93349359.9641019
NY,depleted field,2002,7373948.38455759,0,100723308.34866
NY,depleted field,2003,5571487.25579409,0,106294795.604454
NY,depleted field,2004,2263131.79511513,0,108557927.399569
NY,depleted field,2005,48265.8439716548,0,108606193.24354
NY,depleted field,2006,4488723.48936342,0,113094916.732904
NY,depleted field,2007,8466901.60693784,0,121561818.339842
NY,depleted field,2008,0,6331415.33984166,115230403
NY,depleted field,2009,17014059,0,132244462
NY,depleted field,2010,0,0,132244462
NY,depleted field,2011,0,0,132244462
NY,depleted field,2012,1555500,0,133799962
NY,depleted field,2013,0,959225,132840737
NY,depleted field,2014,0,0,132840737
NY,depleted field,2015,0,2779160,130061577
NY,depleted field,2016,0,0,130061577
NY,depleted field,2017,638792,0,130700369
NY,depleted field,2018,0,0,130700369
NY,depleted field,2019,0,0,130700369
NY,depleted field,2020,0,0,130700369
NY,depleted field,2021,0,0,130700369
NY,depleted field,2022,0,2476356,128224013
NY,salt cavern,1999,931748.931623932,0,931748.931623932
NY,salt cavern,2000,0,0,931748.931623932
NY,salt cavern,2001,0,0,931748.931623932
NY,salt cavern,2002,571901.068376068,0,1503650
NY,salt cavern,2003,0,0,1503650
NY,salt cavern,2004,0,0,1503650
NY,salt cavern,2005,0,0,1503650
NY,salt cavern,2006,0,0,1503650
NY,salt cavern,2007,0,0,1503650
NY,salt cavern,2008,0,0,1503650
NY,salt cavern,2009,0,0,1503650
NY,salt cavern,2010,0,0,1503650
NY,salt cavern,2011,0,0,1503650
NY,salt cavern,2012,0,1503650,0
NY,salt cavern,2013,1503650,0,1503650
NY,salt cavern,2014,0,0,1503650
NY,salt cavern,2015,0,0,1503650
NY,salt cavern,2016,0,0,1503650
NY,salt cavern,2017,0,0,1503650
NY,salt cavern,2018,0,0,1503650
NY,salt cavern,2019,0,0,1503650
NY,salt cavern,2020,0,0,1503650
NY,salt cavern,2021,0,0,1503650
NY,salt cavern,2022,0,0,1503650
OH,aquifer,1999,0,0,0
OH,aquifer,2000,0,0,0
OH,aquifer,2001,0,0,0
OH,aquifer,2002,0,0,0
OH,aquifer,2003,0,0,0
OH,aquifer,2004,0,0,0
OH,aquifer,2005,0,0,0
OH,aquifer,2006,0,0,0
OH,aquifer,2007,0,0,0
OH,aquifer,2008,0,0,0
OH,aquifer,2009,0,0,0
OH,aquifer,2010,0,0,0
OH,aquifer,2011,0,0,0
OH,aquifer,2012,0,0,0
OH,aquifer,2013,0,0,0
OH,aquifer,2014,0,0,0
OH,aquifer,2015,0,0,0
OH,aquifer,2016,0,0,0
OH,aquifer,2017,0,0,0
OH,aquifer,2018,0,0,0
OH,aquifer,2019,0,0,0
OH,aquifer,2020,0,0,0
OH,aquifer,2021,0,0,0
OH,aquifer,2022,0,0,0
OH,depleted field,1999,260860206.484146,0,260860206.484146
OH,depleted field,2000,0,725387.446252674,260134819.037893
OH,depleted field,2001,986073.559749693,0,261120892.597643
OH,depleted field,2002,0,1020076.09629276,260100816.50135
OH,depleted field,2003,0,591644.135849833,259509172.365501
OH,depleted field,2004,0,0,259509172.365501
OH,depleted field,2005,33095.8022352755,0,259542268.167736
OH,depleted field,2006,0,0,259542268.167736
OH,depleted field,2007,0,0,259542268.167736
OH,depleted field,2008,0,31323456.1677358,228218812
OH,depleted field,2009,5265886,0,233484698
OH,depleted field,2010,3314252,0,236798950
OH,depleted field,2011,2074000,0,238872950
OH,depleted field,2012,0,0,238872950
OH,depleted field,2013,495686,0,239368636
OH,depleted field,2014,0,0,239368636
OH,depleted field,2015,0,0,239368636
OH,depleted field,2016,12444,0,239381080
OH,depleted field,2017,22088100,0,261469180
OH,depleted field,2018,1669570,0,263138750
OH,depleted field,2019,0,0,263138750
OH,depleted field,2020,0,0,263138750
OH,depleted field,2021,0,0,263138750
OH,depleted field,2022,0,12125641,251013109
OH,salt cavern,1999,0,0,0
OH,salt cavern,2000,0,0,0
OH,salt cavern,2001,0,0,0
OH,salt cavern,2002,0,0,0
OH,salt cavern,2003,0,0,0
OH,salt cavern,2004,0,0,0
OH,salt cavern,2005,0,0,0
OH,salt cavern,2006,0,0,0
OH,salt cavern,2007,0,0,0
OH,salt cavern,2008,0,0,0
OH,salt cavern,2009,0,0,0
OH,salt cavern,2010,0,0,0
OH,salt cavern,2011,0,0,0
OH,salt cavern,2012,0,0,0
OH,salt cavern,2013,0,0,0
OH,salt cavern,2014,0,0,0
OH,salt cavern,2015,0,0,0
OH,salt cavern,2016,0,0,0
OH,salt cavern,2017,0,0,0
OH,salt cavern,2018,0,0,0
OH,salt cavern,2019,0,0,0
OH,salt cavern,2020,0,0,0
OH,salt cavern,2021,0,0,0
OH,salt cavern,2022,0,0,0
OK,aquifer,1999,0,0,0
OK,aquifer,2000,0,0,0
OK,aquifer,2001,0,0,0
OK,aquifer,2002,0,0,0
OK,aquifer,2003,0,0,0
OK,aquifer,2004,0,0,0
OK,aquifer,2005,0,0,0
OK,aquifer,2006,0,0,0
OK,aquifer,2007,0,0,0
OK,aquifer,2008,0,0,0
OK,aquifer,2009,0,0,0
OK,aquifer,2010,0,0,0
OK,aquifer,2011,0,0,0
OK,aquifer,2012,32147,0,32147
OK,aquifer,2013,0,0,32147
OK,aquifer,2014,0,0,32147
OK,aquifer,2015,0,0,32147
OK,aquifer,2016,0,0,32147
OK,aquifer,2017,0,0,32147
OK,aquifer,2018,0,0,32147
OK,aquifer,2019,0,0,32147
OK,aquifer,2020,0,0,32147
OK,aquifer,2021,0,0,32147
OK,aquifer,2022,0,0,32147
OK,depleted field,1999,216542536.291894,0,216542536.291894
OK,depleted field,2000,0,9153616.47180086,207388919.820094
OK,depleted field,2001,2138951.72199062,0,209527871.542084
OK,depleted field,2002,4239512.0028173,0,213767383.544901
OK,depleted field,2003,0,2703305.90710044,211064077.637801
OK,depleted field,2004,0,658138.991381735,210405938.646419
OK,depleted field,2005,0,2687400.88147539,207718537.764944
OK,depleted field,2006,712983.907330215,0,208431521.672274
OK,depleted field,2007,0,3455229.70475408,204976291.96752
OK,depleted field,2008,0,21562101.96752,183414190
OK,depleted field,2009,0,2074,183412116
OK,depleted field,2010,3100630,0,186512746
OK,depleted field,2011,3629500,0,190142246
OK,depleted field,2012,0,2623610,187518636
OK,depleted field,2013,204289,0,187722925
OK,depleted field,2014,7673800,0,195396725
OK,depleted field,2015,3111000,0,198507725
OK,depleted field,2016,5101003,0,203608728
OK,depleted field,2017,2385100,0,205993828
OK,depleted field,2018,0,3207441,202786387
OK,depleted field,2019,0,0,202786387
OK,depleted field,2020,2425543,0,205211930
OK,depleted field,2021,0,0,205211930
OK,depleted field,2022,0,0,205211930
OK,salt cavern,1999,0,0,0
OK,salt cavern,2000,0,0,0
OK,salt cavern,2001,0,0,0
OK,salt cavern,2002,0,0,0
OK,salt cavern,2003,0,0,0
OK,salt cavern,2004,0,0,0
OK,salt cavern,2005,0,0,0
OK,salt cavern,2006,0,0,0
OK,salt cavern,2007,0,0,0
OK,salt cavern,2008,0,0,0
OK,salt cavern,2009,0,0,0
OK,salt cavern,2010,0,0,0
OK,salt cavern,2011,0,0,0
OK,salt cavern,2012,0,0,0
OK,salt cavern,2013,0,0,0
OK,salt cavern,2014,0,0,0
OK,salt cavern,2015,0,0,0
OK,salt cavern,2016,0,0,0
OK,salt cavern,2017,0,0,0
OK,salt cavern,2018,0,0,0
OK,salt cavern,2019,0,0,0
OK,salt cavern,2020,0,0,0
OK,salt cavern,2021,0,0,0
OK,salt cavern,2022,0,0,0
OR,aquifer,1999,0,0,0
OR,aquifer,2000,0,0,0
OR,aquifer,2001,0,0,0
OR,aquifer,2002,0,0,0
OR,aquifer,2003,0,0,0
OR,aquifer,2004,0,0,0
OR,aquifer,2005,0,0,0
OR,aquifer,2006,0,0,0
OR,aquifer,2007,0,0,0
OR,aquifer,2008,0,0,0
OR,aquifer,2009,0,0,0
OR,aquifer,2010,0,0,0
OR,aquifer,2011,0,0,0
OR,aquifer,2012,0,0,0
OR,aquifer,2013,0,0,0
OR,aquifer,2014,0,0,0
OR,aquifer,2015,0,0,0
OR,aquifer,2016,0,0,0
OR,aquifer,2017,0,0,0
OR,aquifer,2018,0,0,0
OR,aquifer,2019,0,0,0
OR,aquifer,2020,0,0,0
OR,aquifer,2021,0,0,0
OR,aquifer,2022,0,0,0
OR,depleted field,1999,6832559.11226867,0,6832559.11226867
OR,depleted field,2000,2594397.12290842,0,9426956.23517708
OR,depleted field,2001,2965361.22545888,0,12392317.460636
OR,depleted field,2002,1526185.11920921,0,13918502.5798452
OR,depleted field,2003,71135.7470817845,0,13989638.326927
OR,depleted field,2004,402122.735569762,0,14391761.0624967
OR,depleted field,2005,0,262202.836351044,14129558.2261457
OR,depleted field,2006,1569101.72695277,0,15698659.9530984
OR,depleted field,2007,1594381.37260993,0,17293041.3257084
OR,depleted field,2008,0,923996.325708382,16369045
OR,depleted field,2009,155550,0,16524595
OR,depleted field,2010,0,0,16524595
OR,depleted field,2011,0,0,16524595
OR,depleted field,2012,0,440725,16083870
OR,depleted field,2013,440725,0,16524595
OR,depleted field,2014,0,0,16524595
OR,depleted field,2015,0,0,16524595
OR,depleted field,2016,0,0,16524595
OR,depleted field,2017,0,0,16524595
OR,depleted field,2018,0,0,16524595
OR,depleted field,2019,4236145,0,20760740
OR,depleted field,2020,0,0,20760740
OR,depleted field,2021,1138626,0,21899366
OR,depleted field,2022,447984,0,22347350
OR,salt cavern,1999,0,0,0
OR,salt cavern,2000,0,0,0
OR,salt cavern,2001,0,0,0
OR,salt cavern,2002,0,0,0
OR,salt cavern,2003,0,0,0
OR,salt cavern,2004,0,0,0
OR,salt cavern,2005,0,0,0
OR,salt cavern,2006,0,0,0
OR,salt cavern,2007,0,0,0
OR,salt cavern,2008,0,0,0
OR,salt cavern,2009,0,0,0
OR,salt cavern,2010,0,0,0
OR,salt cavern,2011,0,0,0
OR,salt cavern,2012,0,0,0
OR,salt cavern,2013,0,0,0
OR,salt cavern,2014,0,0,0
OR,salt cavern,2015,0,0,0
OR,salt cavern,2016,0,0,0
OR,salt cavern,2017,0,0,0
OR,salt cavern,2018,0,0,0
OR,salt cavern,2019,0,0,0
OR,salt cavern,2020,0,0,0
OR,salt cavern,2021,0,0,0
OR,salt cavern,2022,0,0,0
PA,aquifer,1999,0,0,0
PA,aquifer,2000,0,0,0
PA,aquifer,2001,0,0,0
PA,aquifer,2002,0,0,0
PA,aquifer,2003,0,0,0
PA,aquifer,2004,0,0,0
PA,aquifer,2005,0,0,0
PA,aquifer,2006,0,0,0
PA,aquifer,2007,0,0,0
PA,aquifer,2008,0,0,0
PA,aquifer,2009,0,0,0
PA,aquifer,2010,0,0,0
PA,aquifer,2011,0,0,0
PA,aquifer,2012,976854,0,976854
PA,aquifer,2013,0,4148,972706
PA,aquifer,2014,0,0,972706
PA,aquifer,2015,0,0,972706
PA,aquifer,2016,0,0,972706
PA,aquifer,2017,0,0,972706
PA,aquifer,2018,0,0,972706
PA,aquifer,2019,0,0,972706
PA,aquifer,2020,0,0,972706
PA,aquifer,2021,0,0,972706
PA,aquifer,2022,0,0,972706
PA,depleted field,1999,398184251.452888,0,398184251.452888
PA,depleted field,2000,0,188381.696027339,397995869.75686
PA,depleted field,2001,18926546.2008674,0,416922415.957728
PA,depleted field,2002,0,1659386.91500598,415263029.042722
PA,depleted field,2003,19685887.234854,0,434948916.277576
PA,depleted field,2004,548865.188425243,0,435497781.466001
PA,depleted field,2005,0,131402.047228932,435366379.418772
PA,depleted field,2006,733758.334526122,0,436100137.753298
PA,depleted field,2007,5413648.06083423,0,441513785.814132
PA,depleted field,2008,0,6993156.81413239,434520629
PA,depleted field,2009,12568440,0,447089069
PA,depleted field,2010,0,52887,447036182
PA,depleted field,2011,2098888,0,449135070
PA,depleted field,2012,130662,0,449265732
PA,depleted field,2013,0,995520,448270212
PA,depleted field,2014,0,0,448270212
PA,depleted field,2015,0,3544466,444725746
PA,depleted field,2016,0,3562095,441163651
PA,depleted field,2017,1348100,0,442511751
PA,depleted field,2018,0,62220,442449531
PA,depleted field,2019,0,0,442449531
PA,depleted field,2020,0,0,442449531
PA,depleted field,2021,25925,0,442475456
PA,depleted field,2022,0,1348100,441127356
PA,salt cavern,1999,0,0,0
PA,salt cavern,2000,0,0,0
PA,salt cavern,2001,0,0,0
PA,salt cavern,2002,0,0,0
PA,salt cavern,2003,0,0,0
PA,salt cavern,2004,0,0,0
PA,salt cavern,2005,0,0,0
PA,salt cavern,2006,0,0,0
PA,salt cavern,2007,0,0,0
PA,salt cavern,2008,0,0,0
PA,salt cavern,2009,0,0,0
PA,salt cavern,2010,0,0,0
PA,salt cavern,2011,0,0,0
PA,salt cavern,2012,0,0,0
PA,salt cavern,2013,0,0,0
PA,salt cavern,2014,0,0,0
PA,salt cavern,2015,0,0,0
PA,salt cavern,2016,0,0,0
PA,salt cavern,2017,0,0,0
PA,salt cavern,2018,0,0,0
PA,salt cavern,2019,0,0,0
PA,salt cavern,2020,0,0,0
PA,salt cavern,2021,0,0,0
PA,salt cavern,2022,0,0,0
TN,aquifer,1999,0,0,0
TN,aquifer,2000,0,0,0
TN,aquifer,2001,0,0,0
TN,aquifer,2002,0,0,0
TN,aquifer,2003,0,0,0
TN,aquifer,2004,0,0,0
TN,aquifer,2005,0,0,0
TN,aquifer,2006,0,0,0
TN,aquifer,2007,0,0,0
TN,aquifer,2008,0,0,0
TN,aquifer,2009,0,0,0
TN,aquifer,2010,0,0,0
TN,aquifer,2011,0,0,0
TN,aquifer,2012,0,0,0
TN,aquifer,2013,0,0,0
TN,aquifer,2014,0,0,0
TN,aquifer,2015,0,0,0
TN,aquifer,2016,0,0,0
TN,aquifer,2017,0,0,0
TN,aquifer,2018,0,0,0
TN,aquifer,2019,0,0,0
TN,aquifer,2020,0,0,0
TN,aquifer,2021,0,0,0
TN,aquifer,2022,0,0,0
TN,depleted field,1999,933300,0,933300
TN,depleted field,2000,0,0,933300
TN,depleted field,2001,0,0,933300
TN,depleted field,2002,0,0,933300
TN,depleted field,2003,0,0,933300
TN,depleted field,2004,0,0,933300
TN,depleted field,2005,0,0,933300
TN,depleted field,2006,0,0,933300
TN,depleted field,2007,0,0,933300
TN,depleted field,2008,0,41480,891820
TN,depleted field,2009,0,0,891820
TN,depleted field,2010,0,0,891820
TN,depleted field,2011,0,0,891820
TN,depleted field,2012,0,0,891820
TN,depleted field,2013,0,0,891820
TN,depleted field,2014,0,0,891820
TN,depleted field,2015,974780,0,1866600
TN,depleted field,2016,0,0,1866600
TN,depleted field,2017,0,0,1866600
TN,depleted field,2018,0,0,1866600
TN,depleted field,2019,0,0,1866600
TN,depleted field,2020,0,0,1866600
TN,depleted field,2021,0,0,1866600
TN,depleted field,2022,0,0,1866600
TN,salt cavern,1999,0,0,0
TN,salt cavern,2000,0,0,0
TN,salt cavern,2001,0,0,0
TN,salt cavern,2002,0,0,0
TN,salt cavern,2003,0,0,0
TN,salt cavern,2004,0,0,0
TN,salt cavern,2005,0,0,0
TN,salt cavern,2006,0,0,0
TN,salt cavern,2007,0,0,0
TN,salt cavern,2008,0,0,0
TN,salt cavern,2009,0,0,0
TN,salt cavern,2010,0,0,0
TN,salt cavern,2011,0,0,0
TN,salt cavern,2012,0,0,0
TN,salt cavern,2013,0,0,0
TN,salt cavern,2014,0,0,0
TN,salt cavern,2015,0,0,0
TN,salt cavern,2016,0,0,0
TN,salt cavern,2017,0,0,0
TN,salt cavern,2018,0,0,0
TN,salt cavern,2019,0,0,0
TN,salt cavern,2020,0,0,0
TN,salt cavern,2021,0,0,0
TN,salt cavern,2022,0,0,0
TX,aquifer,1999,0,0,0
TX,aquifer,2000,0,0,0
TX,aquifer,2001,0,0,0
TX,aquifer,2002,0,0,0
TX,aquifer,2003,0,0,0
TX,aquifer,2004,0,0,0
TX,aquifer,2005,0,0,0
TX,aquifer,2006,0,0,0
TX,aquifer,2007,0,0,0
TX,aquifer,2008,0,0,0
TX,aquifer,2009,0,0,0
TX,aquifer,2010,0,0,0
TX,aquifer,2011,0,0,0
TX,aquifer,2012,0,0,0
TX,aquifer,2013,0,0,0
TX,aquifer,2014,0,0,0
TX,aquifer,2015,0,0,0
TX,aquifer,2016,0,0,0
TX,aquifer,2017,0,0,0
TX,aquifer,2018,0,0,0
TX,aquifer,2019,0,0,0
TX,aquifer,2020,0,0,0
TX,aquifer,2021,0,0,0
TX,aquifer,2022,0,0,0
TX,depleted field,1999,382031648.437037,0,382031648.437037
TX,depleted field,2000,11024711.3245767,0,393056359.761614
TX,depleted field,2001,6597672.84534812,0,399654032.606962
TX,depleted field,2002,0,12284207.0707537,387369825.536209
TX,depleted field,2003,0,25524416.9367983,361845408.59941
TX,depleted field,2004,6356857.78649294,0,368202266.385903
TX,depleted field,2005,1027917.4293052,0,369230183.815208
TX,depleted field,2006,2901656.51738411,0,372131840.332592
TX,depleted field,2007,1291164.57583463,0,373423004.908427
TX,depleted field,2008,17755172.0915729,0,391178177
TX,depleted field,2009,3772606,0,394950783
TX,depleted field,2010,0,1575203,393375580
TX,depleted field,2011,927078,0,394302658
TX,depleted field,2012,0,11756469,382546189
TX,depleted field,2013,4273477,0,386819666
TX,depleted field,2014,0,12526960,374292706
TX,depleted field,2015,6434585,0,380727291
TX,depleted field,2016,10314002,0,391041293
TX,depleted field,2017,0,0,391041293
TX,depleted field,2018,880413,0,391921706
TX,depleted field,2019,0,1037000,390884706
TX,depleted field,2020,688568,0,391573274
TX,depleted field,2021,222955,0,391796229
TX,depleted field,2022,1183217,0,392979446
TX,salt cavern,1999,71928189.7273984,0,71928189.7273984
TX,salt cavern,2000,0,1103000.11437161,70825189.6130268
TX,salt cavern,2001,9298571.3299599,0,80123760.9429867
TX,salt cavern,2002,0,3304213.60982248,76819547.3331642
TX,salt cavern,2003,1237028.64655812,0,78056575.9797223
TX,salt cavern,2004,1345755.87419923,0,79402331.8539215
TX,salt cavern,2005,2969826.098398,0,82372157.9523195
TX,salt cavern,2006,3806820.6055219,0,86178978.5578414
TX,salt cavern,2007,0,916317.515968993,85262661.0418724
TX,salt cavern,2008,28449573.9581276,0,113712235
TX,salt cavern,2009,14527333,0,128239568
TX,salt cavern,2010,7214409,0,135453977
TX,salt cavern,2011,22275797,0,157729774
TX,salt cavern,2012,12793469,0,170523243
TX,salt cavern,2013,3841048,0,174364291
TX,salt cavern,2014,0,619089,173745202
TX,salt cavern,2015,0,154513,173590689
TX,salt cavern,2016,5601874,0,179192563
TX,salt cavern,2017,0,869006,178323557
TX,salt cavern,2018,0,4416583,173906974
TX,salt cavern,2019,0,690642,173216332
TX,salt cavern,2020,29036,0,173245368
TX,salt cavern,2021,0,587979,172657389
TX,salt cavern,2022,6584950,0,179242339
UT,aquifer,1999,2860031.07913669,0,2860031.07913669
UT,aquifer,2000,0,0,2860031.07913669
UT,aquifer,2001,0,0,2860031.07913669
UT,aquifer,2002,0,0,2860031.07913669
UT,aquifer,2003,0,0,2860031.07913669
UT,aquifer,2004,0,0,2860031.07913669
UT,aquifer,2005,0,0,2860031.07913669
UT,aquifer,2006,0,0,2860031.07913669
UT,aquifer,2007,0,0,2860031.07913669
UT,aquifer,2008,0,1876955.07913669,983076
UT,aquifer,2009,0,0,983076
UT,aquifer,2010,0,9333,973743
UT,aquifer,2011,0,0,973743
UT,aquifer,2012,9333,0,983076
UT,aquifer,2013,0,0,983076
UT,aquifer,2014,0,0,983076
UT,aquifer,2015,45628,0,1028704
UT,aquifer,2016,0,0,1028704
UT,aquifer,2017,0,0,1028704
UT,aquifer,2018,0,0,1028704
UT,aquifer,2019,0,0,1028704
UT,aquifer,2020,0,0,1028704
UT,aquifer,2021,0,0,1028704
UT,aquifer,2022,0,0,1028704
UT,depleted field,1999,51198639.7670549,0,51198639.7670549
UT,depleted field,2000,3490816.34775374,0,54689456.1148086
UT,depleted field,2001,0,0,54689456.1148086
UT,depleted field,2002,0,0,54689456.1148086
UT,depleted field,2003,0,0,54689456.1148086
UT,depleted field,2004,0,0,54689456.1148086
UT,depleted field,2005,0,0,54689456.1148086
UT,depleted field,2006,0,0,54689456.1148086
UT,depleted field,2007,0,0,54689456.1148086
UT,depleted field,2008,0,1543206.11480865,53146250
UT,depleted field,2009,0,0,53146250
UT,depleted field,2010,0,0,53146250
UT,depleted field,2011,2799900,0,55946150
UT,depleted field,2012,0,0,55946150
UT,depleted field,2013,0,0,55946150
UT,depleted field,2014,0,0,55946150
UT,depleted field,2015,0,0,55946150
UT,depleted field,2016,0,0,55946150
UT,depleted field,2017,0,0,55946150
UT,depleted field,2018,0,0,55946150
UT,depleted field,2019,0,0,55946150
UT,depleted field,2020,0,0,55946150
UT,depleted field,2021,0,0,55946150
UT,depleted field,2022,0,0,55946150
UT,salt cavern,1999,0,0,0
UT,salt cavern,2000,0,0,0
UT,salt cavern,2001,0,0,0
UT,salt cavern,2002,0,0,0
UT,salt cavern,2003,0,0,0
UT,salt cavern,2004,0,0,0
UT,salt cavern,2005,0,0,0
UT,salt cavern,2006,0,0,0
UT,salt cavern,2007,0,0,0
UT,salt cavern,2008,0,0,0
UT,salt cavern,2009,0,0,0
UT,salt cavern,2010,0,0,0
UT,salt cavern,2011,0,0,0
UT,salt cavern,2012,0,0,0
UT,salt cavern,2013,0,0,0
UT,salt cavern,2014,0,0,0
UT,salt cavern,2015,0,0,0
UT,salt cavern,2016,0,0,0
UT,salt cavern,2017,0,0,0
UT,salt cavern,2018,0,0,0
UT,salt cavern,2019,0,0,0
UT,salt cavern,2020,0,0,0
UT,salt cavern,2021,0,0,0
UT,salt cavern,2022,0,0,0
VA,aquifer,1999,0,0,0
VA,aquifer,2000,0,0,0
VA,aquifer,2001,0,0,0
VA,aquifer,2002,0,0,0
VA,aquifer,2003,0,0,0
VA,aquifer,2004,0,0,0
VA,aquifer,2005,0,0,0
VA,aquifer,2006,0,0,0
VA,aquifer,2007,0,0,0
VA,aquifer,2008,0,0,0
VA,aquifer,2009,0,0,0
VA,aquifer,2010,0,0,0
VA,aquifer,2011,0,0,0
VA,aquifer,2012,0,0,0
VA,aquifer,2013,0,0,0
VA,aquifer,2014,0,0,0
VA,aquifer,2015,0,0,0
VA,aquifer,2016,0,0,0
VA,aquifer,2017,0,0,0
VA,aquifer,2018,0,0,0
VA,aquifer,2019,0,0,0
VA,aquifer,2020,0,0,0
VA,aquifer,2021,0,0,0
VA,aquifer,2022,0,0,0
VA,depleted field,1999,1600499.51515152,0,1600499.51515152
VA,depleted field,2000,144740.060606061,0,1745239.57575758
VA,depleted field,2001,0,865360.787878788,879878.787878788
VA,depleted field,2002,747896.96969697,0,1627775.75757576
VA,depleted field,2003,131981.818181818,0,1759757.57575758
VA,depleted field,2004,0,0,1759757.57575758
VA,depleted field,2005,0,256484.666666667,1503272.90909091
VA,depleted field,2006,0,0,1503272.90909091
VA,depleted field,2007,0,51472.9090909092,1451800
VA,depleted field,2008,0,0,1451800
VA,depleted field,2009,0,0,1451800
VA,depleted field,2010,0,0,1451800
VA,depleted field,2011,0,0,1451800
VA,depleted field,2012,0,0,1451800
VA,depleted field,2013,0,0,1451800
VA,depleted field,2014,0,0,1451800
VA,depleted field,2015,0,0,1451800
VA,depleted field,2016,0,0,1451800
VA,depleted field,2017,0,0,1451800
VA,depleted field,2018,0,0,1451800
VA,depleted field,2019,0,0,1451800
VA,depleted field,2020,0,0,1451800
VA,depleted field,2021,0,0,1451800
VA,depleted field,2022,0,0,1451800
VA,salt cavern,1999,673803.348531479,0,673803.348531479
VA,salt cavern,2000,0,19625.3402484896,654178.008282989
VA,salt cavern,2001,0,5233.42406626395,648944.584216726
VA,salt cavern,2002,266904.62737946,0,915849.211596185
VA,salt cavern,2003,863514.970933546,0,1779364.18252973
VA,salt cavern,2004,902765.651430526,0,2682129.83396026
VA,salt cavern,2005,993042.216573578,0,3675172.05053383
VA,salt cavern,2006,429794.951441924,0,4104967.00197576
VA,salt cavern,2007,0,9812.67012424488,4095154.33185151
VA,salt cavern,2008,52845.6681484859,0,4148000
VA,salt cavern,2009,0,0,4148000
VA,salt cavern,2010,0,0,4148000
VA,salt cavern,2011,0,0,4148000
VA,salt cavern,2012,0,0,4148000
VA,salt cavern,2013,0,0,4148000
VA,salt cavern,2014,0,0,4148000
VA,salt cavern,2015,0,0,4148000
VA,salt cavern,2016,0,0,4148000
VA,salt cavern,2017,0,0,4148000
VA,salt cavern,2018,0,0,4148000
VA,salt cavern,2019,0,487390,3660610
VA,salt cavern,2020,0,0,3660610
VA,salt cavern,2021,0,0,3660610
VA,salt cavern,2022,0,0,3660610
WA,aquifer,1999,20288495.9488273,0,20288495.9488273
WA,aquifer,2000,0,0,20288495.9488273
WA,aquifer,2001,227905.624733474,0,20516401.5735608
WA,aquifer,2002,1037813.68017058,0,21554215.2537313
WA,aquifer,2003,337235.053304903,0,21891450.3070362
WA,aquifer,2004,552630.345415778,0,22444080.652452
WA,aquifer,2005,504764.724946696,0,22948845.3773987
WA,aquifer,2006,611918.443496801,0,23560763.8208955
WA,aquifer,2007,0,2162111.8336887,21398651.9872068
WA,aquifer,2008,2486569.01279318,0,23885221
WA,aquifer,2009,498797,0,24384018
WA,aquifer,2010,494649,0,24878667
WA,aquifer,2011,0,2569686,22308981
WA,aquifer,2012,3201219,0,25510200
WA,aquifer,2013,0,0,25510200
WA,aquifer,2014,0,0,25510200
WA,aquifer,2015,0,0,25510200
WA,aquifer,2016,0,0,25510200
WA,aquifer,2017,0,0,25510200
WA,aquifer,2018,0,0,25510200
WA,aquifer,2019,0,0,25510200
WA,aquifer,2020,0,0,25510200
WA,aquifer,2021,0,0,25510200
WA,aquifer,2022,0,0,25510200
WA,depleted field,1999,0,0,0
WA,depleted field,2000,0,0,0
WA,depleted field,2001,0,0,0
WA,depleted field,2002,0,0,0
WA,depleted field,2003,0,0,0
WA,depleted field,2004,0,0,0
WA,depleted field,2005,0,0,0
WA,depleted field,2006,0,0,0
WA,depleted field,2007,0,0,0
WA,depleted field,2008,0,0,0
WA,depleted field,2009,0,0,0
WA,depleted field,2010,0,0,0
WA,depleted field,2011,0,0,0
WA,depleted field,2012,0,0,0
WA,depleted field,2013,0,0,0
WA,depleted field,2014,0,0,0
WA,depleted field,2015,0,0,0
WA,depleted field,2016,0,0,0
WA,depleted field,2017,0,0,0
WA,depleted field,2018,0,0,0
WA,depleted field,2019,0,0,0
WA,depleted field,2020,0,0,0
WA,depleted field,2021,0,0,0
WA,depleted field,2022,0,0,0
WV,aquifer,2015,68442,0,68442
WV,aquifer,2016,0,0,68442
WV,aquifer,2017,0,0,68442
WV,aquifer,2018,0,0,68442
WV,aquifer,2019,0,0,68442
WV,aquifer,2020,0,0,68442
WV,aquifer,2021,0,0,68442
WV,aquifer,2022,0,0,68442
WV,depleted field,1999,384607266.190289,0,384607266.190289
WV,depleted field,2000,0,16786.8990108371,384590479.291278
WV,depleted field,2001,0,123346986.388076,261243492.903202
WV,depleted field,2002,0,1856001.52188581,259387491.381316
WV,depleted field,2003,8587548.02523202,0,267975039.406548
WV,depleted field,2004,690361.221820712,0,268665400.628369
WV,depleted field,2005,122754.19901675,0,268788154.827386
WV,depleted field,2006,545049.627258182,0,269333204.454644
WV,depleted field,2007,12215616.5739495,0,281548821.028594
WV,depleted field,2008,0,13418990.0285935,268129831
WV,depleted field,2009,3093371,0,271223202
WV,depleted field,2010,0,831674,270391528
WV,depleted field,2011,0,4201924,266189604
WV,depleted field,2012,0,50813,266138791
WV,depleted field,2013,1465281,0,267604072
WV,depleted field,2014,4406213,0,272010285
WV,depleted field,2015,0,3100630,268909655
WV,depleted field,2016,2036668,0,270946323
WV,depleted field,2017,7802388,0,278748711
WV,depleted field,2018,0,251991,278496720
WV,depleted field,2019,183549,0,278680269
WV,depleted field,2020,0,0,278680269
WV,depleted field,2021,0,0,278680269
WV,depleted field,2022,829600,0,279509869
WV,salt cavern,1999,0,0,0
WV,salt cavern,2000,0,0,0
WV,salt cavern,2001,0,0,0
WV,salt cavern,2002,0,0,0
WV,salt cavern,2003,0,0,0
WV,salt cavern,2004,0,0,0
WV,salt cavern,2005,0,0,0
WV,salt cavern,2006,0,0,0
WV,salt cavern,2007,0,0,0
WV,salt cavern,2008,0,0,0
WV,salt cavern,2009,0,0,0
WV,salt cavern,2010,0,0,0
WV,salt cavern,2011,0,0,0
WV,salt cavern,2012,0,0,0
WV,salt cavern,2013,0,0,0
WV,salt cavern,2014,0,0,0
WV,salt cavern,2015,0,0,0
WV,salt cavern,2016,0,0,0
WV,salt cavern,2017,0,0,0
WV,salt cavern,2018,0,0,0
WV,salt cavern,2019,0,0,0
WV,salt cavern,2020,0,0,0
WV,salt cavern,2021,0,0,0
WV,salt cavern,2022,0,0,0
WY,aquifer,1999,1292963.4601044,0,1292963.4601044
WY,aquifer,2000,0,0,1292963.4601044
WY,aquifer,2001,0,0,1292963.4601044
WY,aquifer,2002,0,0,1292963.4601044
WY,aquifer,2003,0,0,1292963.4601044
WY,aquifer,2004,0,0,1292963.4601044
WY,aquifer,2005,0,0,1292963.4601044
WY,aquifer,2006,0,0,1292963.4601044
WY,aquifer,2007,0,0,1292963.4601044
WY,aquifer,2008,0,426031.4601044,866932
WY,aquifer,2009,0,0,866932
WY,aquifer,2010,0,6222,860710
WY,aquifer,2011,0,0,860710
WY,aquifer,2012,6222,0,866932
WY,aquifer,2013,0,0,866932
WY,aquifer,2014,0,0,866932
WY,aquifer,2015,0,0,866932
WY,aquifer,2016,0,0,866932
WY,aquifer,2017,0,0,866932
WY,aquifer,2018,0,0,866932
WY,aquifer,2019,0,0,866932
WY,aquifer,2020,0,0,866932
WY,aquifer,2021,0,0,866932
WY,aquifer,2022,0,0,866932
WY,depleted field,1999,47904162.9744562,0,47904162.9744562
WY,depleted field,2000,0,0,47904162.9744562
WY,depleted field,2001,0,0,47904162.9744562
WY,depleted field,2002,4597136.6813222,0,52501299.6557784
WY,depleted field,2003,0,440225.806113571,52061073.8496648
WY,depleted field,2004,0,13491.5967821404,52047582.2528827
WY,depleted field,2005,0,0,52047582.2528827
WY,depleted field,2006,0,31980.0812613741,52015602.1716213
WY,depleted field,2007,0,14490.9743215591,52001111.1972998
WY,depleted field,2008,0,5491661.19729976,46509450
WY,depleted field,2009,0,3677202,42832248
WY,depleted field,2010,0,0,42832248
WY,depleted field,2011,0,881450,41950798
WY,depleted field,2012,7689355,0,49640153
WY,depleted field,2013,25925000,0,75565153
WY,depleted field,2014,0,0,75565153
WY,depleted field,2015,0,0,75565153
WY,depleted field,2016,0,0,75565153
WY,depleted field,2017,0,0,75565153
WY,depleted field,2018,933300,0,76498453
WY,depleted field,2019,0,16709181,59789272
WY,depleted field,2020,16389785,0,76179057
WY,depleted field,2021,0,0,76179057
WY,depleted field,2022,0,0,76179057
WY,salt cavern,1999,0,0,0
WY,salt cavern,2000,0,0,0
WY,salt cavern,2001,0,0,0
WY,salt cavern,2002,0,0,0
WY,salt cavern,2003,0,0,0
WY,salt cavern,2004,0,0,0
WY,salt cavern,2005,0,0,0
WY,salt cavern,2006,0,0,0
WY,salt cavern,2007,0,0,0
WY,salt cavern,2008,0,0,0
WY,salt cavern,2009,0,0,0
WY,salt cavern,2010,0,0,0
WY,salt cavern,2011,0,0,0
WY,salt cavern,2012,0,0,0
WY,salt cavern,2013,0,0,0
WY,salt cavern,2014,0,0,0
WY,salt cavern,2015,0,0,0
WY,salt cavern,2016,0,0,0
WY,salt cavern,2017,0,0,0
WY,salt cavern,2018,0,0,0
WY,salt cavern,2019,0,0,0
WY,salt cavern,2020,0,0,0
WY,salt cavern,2021,0,0,0
WY,salt cavern,2022,0,0,0
