BLD_YRS_FOR_GAS_D_LINE_1,BLD_YRS_FOR_GAS_D_LINE_2,BLD_YRS_FOR_GAS_D_LINE_3,BuildDirectionalGl
AL,FL,1990,1021445.0
AL,FL,1994,124440.0
AL,FL,1995,554795.0
AL,FL,1996,0.0
AL,FL,1997,0.0
AL,FL,1998,25925.0
AL,FL,1999,0.0
AL,FL,2000,0.0
AL,FL,2001,207400.0
AL,FL,2002,1480836.0
AL,FL,2003,260287.0
AL,FL,2004,0.0
AL,FL,2005,0.0
AL,FL,2006,0.0
AL,FL,2007,0.0
AL,FL,2008,160735.0
AL,FL,2009,0.0
AL,FL,2010,49776.0
AL,FL,2011,1014186.0
AL,FL,2012,41480.0
AL,FL,2013,0.0
AL,FL,2014,0.0
AL,FL,2015,0.0
AL,FL,2016,0.0
AL,FL,2017,0.0
AL,FL,2018,69479.0
AL,FL,2019,0.0
AL,FL,2020,0.0
AL,FL,2021,0.0
AL,FL,2022,29036.0
AL,GA,1990,5052264.0
AL,GA,1994,90219.0
AL,GA,1995,119255.0
AL,GA,1996,57035.0
AL,GA,1997,150365.0
AL,GA,1998,157624.0
AL,GA,1999,0.0
AL,GA,2000,207400.0
AL,GA,2001,17629.0
AL,GA,2002,487390.0
AL,GA,2003,674050.0
AL,GA,2004,198067.0
AL,GA,2005,0.0
AL,GA,2006,0.0
AL,GA,2007,0.0
AL,GA,2008,0.0
AL,GA,2009,0.0
AL,GA,2010,129625.0
AL,GA,2011,227103.0
AL,GA,2012,228140.0
AL,GA,2013,0.0
AL,GA,2014,0.0
AL,GA,2015,0.0
AL,GA,2016,0.0
AL,GA,2017,860710.0
AL,GA,2018,0.0
AL,GA,2019,0.0
AL,GA,2020,230214.0
AL,GA,2021,306952.0
AL,GA,2022,0.0
AL,MS,1990,155550.0
AL,MS,1994,51850.0
AL,MS,1995,0.0
AL,MS,1996,0.0
AL,MS,1997,0.0
AL,MS,1998,0.0
AL,MS,1999,0.0
AL,MS,2000,0.0
AL,MS,2001,0.0
AL,MS,2002,0.0
AL,MS,2003,0.0
AL,MS,2004,0.0
AL,MS,2005,0.0
AL,MS,2006,0.0
AL,MS,2007,0.0
AL,MS,2008,0.0
AL,MS,2009,985150.0
AL,MS,2010,0.0
AL,MS,2011,0.0
AL,MS,2012,0.0
AL,MS,2013,0.0
AL,MS,2014,1140700.0
AL,MS,2015,388875.0
AL,MS,2016,357765.0
AL,MS,2017,518500.0
AL,MS,2018,0.0
AL,MS,2019,0.0
AL,MS,2020,77775.0
AL,MS,2021,0.0
AL,MS,2022,0.0
AL,TN,1990,3887713.0
AL,TN,1994,346358.0
AL,TN,1995,0.0
AL,TN,1996,0.0
AL,TN,1997,0.0
AL,TN,1998,0.0
AL,TN,1999,0.0
AL,TN,2000,0.0
AL,TN,2001,0.0
AL,TN,2002,0.0
AL,TN,2003,0.0
AL,TN,2004,59109.0
AL,TN,2005,0.0
AL,TN,2006,0.0
AL,TN,2007,0.0
AL,TN,2008,0.0
AL,TN,2009,0.0
AL,TN,2010,0.0
AL,TN,2011,0.0
AL,TN,2012,0.0
AL,TN,2013,0.0
AL,TN,2014,0.0
AL,TN,2015,0.0
AL,TN,2016,0.0
AL,TN,2017,0.0
AL,TN,2018,0.0
AL,TN,2019,0.0
AL,TN,2020,0.0
AL,TN,2021,0.0
AL,TN,2022,0.0
AR,LA,1990,732122.0
AR,LA,1994,0.0
AR,LA,1995,0.0
AR,LA,1996,0.0
AR,LA,1997,0.0
AR,LA,1998,0.0
AR,LA,1999,0.0
AR,LA,2000,0.0
AR,LA,2001,0.0
AR,LA,2002,0.0
AR,LA,2003,0.0
AR,LA,2004,0.0
AR,LA,2005,0.0
AR,LA,2006,0.0
AR,LA,2007,0.0
AR,LA,2008,0.0
AR,LA,2009,0.0
AR,LA,2010,0.0
AR,LA,2011,0.0
AR,LA,2012,0.0
AR,LA,2013,0.0
AR,LA,2014,0.0
AR,LA,2015,777750.0
AR,LA,2016,786046.0
AR,LA,2017,2479467.0
AR,LA,2018,0.0
AR,LA,2019,0.0
AR,LA,2020,0.0
AR,LA,2021,0.0
AR,LA,2022,171105.0
AR,MO,1990,2915007.0
AR,MO,1994,0.0
AR,MO,1995,0.0
AR,MO,1996,2074.0
AR,MO,1997,0.0
AR,MO,1998,0.0
AR,MO,1999,0.0
AR,MO,2000,0.0
AR,MO,2001,0.0
AR,MO,2002,0.0
AR,MO,2003,0.0
AR,MO,2004,0.0
AR,MO,2005,0.0
AR,MO,2006,0.0
AR,MO,2007,0.0
AR,MO,2008,0.0
AR,MO,2009,0.0
AR,MO,2010,0.0
AR,MO,2011,0.0
AR,MO,2012,0.0
AR,MO,2013,0.0
AR,MO,2014,0.0
AR,MO,2015,0.0
AR,MO,2016,0.0
AR,MO,2017,0.0
AR,MO,2018,0.0
AR,MO,2019,0.0
AR,MO,2020,0.0
AR,MO,2021,0.0
AR,MO,2022,0.0
AR,MS,1990,8822796.0
AR,MS,1994,198067.0
AR,MS,1995,0.0
AR,MS,1996,0.0
AR,MS,1997,0.0
AR,MS,1998,0.0
AR,MS,1999,0.0
AR,MS,2000,0.0
AR,MS,2001,0.0
AR,MS,2002,0.0
AR,MS,2003,0.0
AR,MS,2004,0.0
AR,MS,2005,0.0
AR,MS,2006,0.0
AR,MS,2007,0.0
AR,MS,2008,0.0
AR,MS,2009,1002779.0
AR,MS,2010,2074000.0
AR,MS,2011,0.0
AR,MS,2012,0.0
AR,MS,2013,0.0
AR,MS,2014,0.0
AR,MS,2015,0.0
AR,MS,2016,0.0
AR,MS,2017,0.0
AR,MS,2018,0.0
AR,MS,2019,0.0
AR,MS,2020,0.0
AR,MS,2021,0.0
AR,MS,2022,0.0
AR,OK,1990,20740.0
AR,OK,1994,0.0
AR,OK,1995,0.0
AR,OK,1996,0.0
AR,OK,1997,0.0
AR,OK,1998,0.0
AR,OK,1999,0.0
AR,OK,2000,0.0
AR,OK,2001,0.0
AR,OK,2002,0.0
AR,OK,2003,0.0
AR,OK,2004,0.0
AR,OK,2005,0.0
AR,OK,2006,0.0
AR,OK,2007,0.0
AR,OK,2008,0.0
AR,OK,2009,0.0
AR,OK,2010,0.0
AR,OK,2011,0.0
AR,OK,2012,0.0
AR,OK,2013,0.0
AR,OK,2014,0.0
AR,OK,2015,0.0
AR,OK,2016,0.0
AR,OK,2017,0.0
AR,OK,2018,0.0
AR,OK,2019,0.0
AR,OK,2020,0.0
AR,OK,2021,0.0
AR,OK,2022,0.0
AR,TX,1990,658495.0
AR,TX,1994,119255.0
AR,TX,1995,0.0
AR,TX,1996,0.0
AR,TX,1997,0.0
AR,TX,1998,0.0
AR,TX,1999,0.0
AR,TX,2000,0.0
AR,TX,2001,0.0
AR,TX,2002,0.0
AR,TX,2003,0.0
AR,TX,2004,0.0
AR,TX,2005,0.0
AR,TX,2006,0.0
AR,TX,2007,0.0
AR,TX,2008,0.0
AR,TX,2009,0.0
AR,TX,2010,0.0
AR,TX,2011,0.0
AR,TX,2012,0.0
AR,TX,2013,0.0
AR,TX,2014,0.0
AR,TX,2015,0.0
AR,TX,2016,0.0
AR,TX,2017,0.0
AR,TX,2018,477020.0
AR,TX,2019,0.0
AR,TX,2020,0.0
AR,TX,2021,311100.0
AR,TX,2022,0.0
AZ,CA,1990,3608760.0
AZ,CA,1994,1394765.0
AZ,CA,1995,0.0
AZ,CA,1996,0.0
AZ,CA,1997,0.0
AZ,CA,1998,0.0
AZ,CA,1999,0.0
AZ,CA,2000,0.0
AZ,CA,2001,0.0
AZ,CA,2002,964410.0
AZ,CA,2003,0.0
AZ,CA,2004,0.0
AZ,CA,2005,520574.0
AZ,CA,2006,0.0
AZ,CA,2007,0.0
AZ,CA,2008,0.0
AZ,CA,2009,0.0
AZ,CA,2010,0.0
AZ,CA,2011,0.0
AZ,CA,2012,0.0
AZ,CA,2013,0.0
AZ,CA,2014,0.0
AZ,CA,2015,0.0
AZ,CA,2016,0.0
AZ,CA,2017,0.0
AZ,CA,2018,188734.0
AZ,CA,2019,0.0
AZ,CA,2020,342210.0
AZ,CA,2021,0.0
AZ,CA,2022,513315.0
AZ,NV,1990,171105.0
AZ,NV,1994,0.0
AZ,NV,1995,0.0
AZ,NV,1996,0.0
AZ,NV,1997,0.0
AZ,NV,1998,0.0
AZ,NV,1999,0.0
AZ,NV,2000,0.0
AZ,NV,2001,0.0
AZ,NV,2002,0.0
AZ,NV,2003,0.0
AZ,NV,2004,0.0
AZ,NV,2005,0.0
AZ,NV,2006,0.0
AZ,NV,2007,0.0
AZ,NV,2008,0.0
AZ,NV,2009,0.0
AZ,NV,2010,0.0
AZ,NV,2011,0.0
AZ,NV,2012,0.0
AZ,NV,2013,0.0
AZ,NV,2014,0.0
AZ,NV,2015,0.0
AZ,NV,2016,0.0
AZ,NV,2017,0.0
AZ,NV,2018,0.0
AZ,NV,2019,0.0
AZ,NV,2020,0.0
AZ,NV,2021,0.0
AZ,NV,2022,0.0
CA,AZ,1990,0.0
CA,AZ,1994,0.0
CA,AZ,1995,0.0
CA,AZ,1996,0.0
CA,AZ,1997,0.0
CA,AZ,1998,0.0
CA,AZ,1999,0.0
CA,AZ,2000,0.0
CA,AZ,2001,0.0
CA,AZ,2002,0.0
CA,AZ,2003,0.0
CA,AZ,2004,0.0
CA,AZ,2005,0.0
CA,AZ,2006,0.0
CA,AZ,2007,636718.0
CA,AZ,2008,0.0
CA,AZ,2009,0.0
CA,AZ,2010,83997.0
CA,AZ,2011,0.0
CA,AZ,2012,0.0
CA,AZ,2013,0.0
CA,AZ,2014,0.0
CA,AZ,2015,0.0
CA,AZ,2016,0.0
CA,AZ,2017,0.0
CA,AZ,2018,0.0
CA,AZ,2019,0.0
CA,AZ,2020,0.0
CA,AZ,2021,0.0
CA,AZ,2022,0.0
CA,NV,1990,0.0
CA,NV,1994,0.0
CA,NV,1995,111996.0
CA,NV,1996,0.0
CA,NV,1997,0.0
CA,NV,1998,0.0
CA,NV,1999,0.0
CA,NV,2000,0.0
CA,NV,2001,0.0
CA,NV,2002,55998.0
CA,NV,2003,0.0
CA,NV,2004,0.0
CA,NV,2005,0.0
CA,NV,2006,0.0
CA,NV,2007,0.0
CA,NV,2008,0.0
CA,NV,2009,0.0
CA,NV,2010,0.0
CA,NV,2011,0.0
CA,NV,2012,0.0
CA,NV,2013,0.0
CA,NV,2014,0.0
CA,NV,2015,0.0
CA,NV,2016,0.0
CA,NV,2017,0.0
CA,NV,2018,0.0
CA,NV,2019,0.0
CA,NV,2020,0.0
CA,NV,2021,15555.0
CA,NV,2022,0.0
CO,KS,1990,435540.0
CO,KS,1994,31110.0
CO,KS,1995,0.0
CO,KS,1996,0.0
CO,KS,1997,31110.0
CO,KS,1998,0.0
CO,KS,1999,0.0
CO,KS,2000,89182.0
CO,KS,2001,0.0
CO,KS,2002,0.0
CO,KS,2003,0.0
CO,KS,2004,580720.0
CO,KS,2005,284138.0
CO,KS,2006,0.0
CO,KS,2007,30073.0
CO,KS,2008,93330.0
CO,KS,2009,0.0
CO,KS,2010,0.0
CO,KS,2011,0.0
CO,KS,2012,0.0
CO,KS,2013,0.0
CO,KS,2014,0.0
CO,KS,2015,0.0
CO,KS,2016,0.0
CO,KS,2017,0.0
CO,KS,2018,0.0
CO,KS,2019,0.0
CO,KS,2020,0.0
CO,KS,2021,0.0
CO,KS,2022,0.0
CO,NE,1990,442799.0
CO,NE,1994,0.0
CO,NE,1995,0.0
CO,NE,1996,0.0
CO,NE,1997,497760.0
CO,NE,1998,0.0
CO,NE,1999,0.0
CO,NE,2000,0.0
CO,NE,2001,0.0
CO,NE,2002,335988.0
CO,NE,2003,0.0
CO,NE,2004,64294.0
CO,NE,2005,0.0
CO,NE,2006,0.0
CO,NE,2007,0.0
CO,NE,2008,1555500.0
CO,NE,2009,311100.0
CO,NE,2010,0.0
CO,NE,2011,0.0
CO,NE,2012,0.0
CO,NE,2013,0.0
CO,NE,2014,0.0
CO,NE,2015,0.0
CO,NE,2016,0.0
CO,NE,2017,0.0
CO,NE,2018,0.0
CO,NE,2019,0.0
CO,NE,2020,0.0
CO,NE,2021,0.0
CO,NE,2022,0.0
CO,NM,1990,614941.0
CO,NM,1994,402356.0
CO,NM,1995,54961.0
CO,NM,1996,255102.0
CO,NM,1997,0.0
CO,NM,1998,145180.0
CO,NM,1999,311100.0
CO,NM,2000,0.0
CO,NM,2001,0.0
CO,NM,2002,0.0
CO,NM,2003,0.0
CO,NM,2004,282064.0
CO,NM,2005,0.0
CO,NM,2006,0.0
CO,NM,2007,0.0
CO,NM,2008,0.0
CO,NM,2009,0.0
CO,NM,2010,0.0
CO,NM,2011,0.0
CO,NM,2012,0.0
CO,NM,2013,0.0
CO,NM,2014,0.0
CO,NM,2015,0.0
CO,NM,2016,0.0
CO,NM,2017,0.0
CO,NM,2018,0.0
CO,NM,2019,0.0
CO,NM,2020,0.0
CO,NM,2021,0.0
CO,NM,2022,0.0
CO,OK,1990,207400.0
CO,OK,1994,51850.0
CO,OK,1995,0.0
CO,OK,1996,0.0
CO,OK,1997,0.0
CO,OK,1998,0.0
CO,OK,1999,0.0
CO,OK,2000,0.0
CO,OK,2001,86071.0
CO,OK,2002,49776.0
CO,OK,2003,0.0
CO,OK,2004,0.0
CO,OK,2005,107848.0
CO,OK,2006,0.0
CO,OK,2007,30073.0
CO,OK,2008,0.0
CO,OK,2009,0.0
CO,OK,2010,0.0
CO,OK,2011,0.0
CO,OK,2012,0.0
CO,OK,2013,0.0
CO,OK,2014,0.0
CO,OK,2015,0.0
CO,OK,2016,0.0
CO,OK,2017,0.0
CO,OK,2018,0.0
CO,OK,2019,0.0
CO,OK,2020,0.0
CO,OK,2021,0.0
CO,OK,2022,0.0
CO,UT,1990,428281.0
CO,UT,1994,0.0
CO,UT,1995,0.0
CO,UT,1996,0.0
CO,UT,1997,0.0
CO,UT,1998,0.0
CO,UT,1999,0.0
CO,UT,2000,0.0
CO,UT,2001,0.0
CO,UT,2002,0.0
CO,UT,2003,0.0
CO,UT,2004,0.0
CO,UT,2005,0.0
CO,UT,2006,0.0
CO,UT,2007,0.0
CO,UT,2008,0.0
CO,UT,2009,0.0
CO,UT,2010,155550.0
CO,UT,2011,0.0
CO,UT,2012,0.0
CO,UT,2013,0.0
CO,UT,2014,0.0
CO,UT,2015,0.0
CO,UT,2016,0.0
CO,UT,2017,0.0
CO,UT,2018,0.0
CO,UT,2019,0.0
CO,UT,2020,0.0
CO,UT,2021,0.0
CO,UT,2022,0.0
CO,WY,1990,463539.0
CO,WY,1994,309026.0
CO,WY,1995,0.0
CO,WY,1996,0.0
CO,WY,1997,108885.0
CO,WY,1998,0.0
CO,WY,1999,0.0
CO,WY,2000,0.0
CO,WY,2001,0.0
CO,WY,2002,335988.0
CO,WY,2003,0.0
CO,WY,2004,0.0
CO,WY,2005,0.0
CO,WY,2006,1131367.0
CO,WY,2007,674050.0
CO,WY,2008,1555500.0
CO,WY,2009,311100.0
CO,WY,2010,0.0
CO,WY,2011,0.0
CO,WY,2012,0.0
CO,WY,2013,0.0
CO,WY,2014,0.0
CO,WY,2015,0.0
CO,WY,2016,0.0
CO,WY,2017,0.0
CO,WY,2018,0.0
CO,WY,2019,0.0
CO,WY,2020,0.0
CO,WY,2021,0.0
CO,WY,2022,0.0
CT,MA,1990,82960.0
CT,MA,1994,0.0
CT,MA,1995,0.0
CT,MA,1996,0.0
CT,MA,1997,0.0
CT,MA,1998,0.0
CT,MA,1999,0.0
CT,MA,2000,0.0
CT,MA,2001,0.0
CT,MA,2002,0.0
CT,MA,2003,0.0
CT,MA,2004,0.0
CT,MA,2005,0.0
CT,MA,2006,0.0
CT,MA,2007,0.0
CT,MA,2008,0.0
CT,MA,2009,0.0
CT,MA,2010,0.0
CT,MA,2011,0.0
CT,MA,2012,0.0
CT,MA,2013,0.0
CT,MA,2014,0.0
CT,MA,2015,0.0
CT,MA,2016,0.0
CT,MA,2017,0.0
CT,MA,2018,0.0
CT,MA,2019,0.0
CT,MA,2020,0.0
CT,MA,2021,46665.0
CT,MA,2022,0.0
CT,NY,1990,0.0
CT,NY,1994,259250.0
CT,NY,1995,0.0
CT,NY,1996,0.0
CT,NY,1997,0.0
CT,NY,1998,36295.0
CT,NY,1999,0.0
CT,NY,2000,0.0
CT,NY,2001,0.0
CT,NY,2002,81923.0
CT,NY,2003,0.0
CT,NY,2004,58072.0
CT,NY,2005,0.0
CT,NY,2006,0.0
CT,NY,2007,0.0
CT,NY,2008,103700.0
CT,NY,2009,103700.0
CT,NY,2010,285175.0
CT,NY,2011,0.0
CT,NY,2012,0.0
CT,NY,2013,0.0
CT,NY,2014,0.0
CT,NY,2015,0.0
CT,NY,2016,0.0
CT,NY,2017,0.0
CT,NY,2018,0.0
CT,NY,2019,0.0
CT,NY,2020,0.0
CT,NY,2021,0.0
CT,NY,2022,0.0
CT,RI,1990,689605.0
CT,RI,1994,98515.0
CT,RI,1995,0.0
CT,RI,1996,0.0
CT,RI,1997,0.0
CT,RI,1998,0.0
CT,RI,1999,0.0
CT,RI,2000,0.0
CT,RI,2001,0.0
CT,RI,2002,0.0
CT,RI,2003,0.0
CT,RI,2004,0.0
CT,RI,2005,0.0
CT,RI,2006,0.0
CT,RI,2007,0.0
CT,RI,2008,0.0
CT,RI,2009,0.0
CT,RI,2010,0.0
CT,RI,2011,0.0
CT,RI,2012,0.0
CT,RI,2013,0.0
CT,RI,2014,0.0
CT,RI,2015,0.0
CT,RI,2016,354654.0
CT,RI,2017,41480.0
CT,RI,2018,0.0
CT,RI,2019,0.0
CT,RI,2020,0.0
CT,RI,2021,96441.0
CT,RI,2022,0.0
DE,MD,1990,10370.0
DE,MD,1994,0.0
DE,MD,1995,0.0
DE,MD,1996,0.0
DE,MD,1997,5185.0
DE,MD,1998,1037.0
DE,MD,1999,0.0
DE,MD,2000,0.0
DE,MD,2001,0.0
DE,MD,2002,0.0
DE,MD,2003,0.0
DE,MD,2004,0.0
DE,MD,2005,6222.0
DE,MD,2006,0.0
DE,MD,2007,0.0
DE,MD,2008,0.0
DE,MD,2009,0.0
DE,MD,2010,0.0
DE,MD,2011,0.0
DE,MD,2012,0.0
DE,MD,2013,0.0
DE,MD,2014,0.0
DE,MD,2015,0.0
DE,MD,2016,0.0
DE,MD,2017,0.0
DE,MD,2018,0.0
DE,MD,2019,0.0
DE,MD,2020,0.0
DE,MD,2021,14518.0
DE,MD,2022,0.0
DE,NJ,1990,0.0
DE,NJ,1994,146217.0
DE,NJ,1995,0.0
DE,NJ,1996,0.0
DE,NJ,1997,0.0
DE,NJ,1998,0.0
DE,NJ,1999,0.0
DE,NJ,2000,0.0
DE,NJ,2001,0.0
DE,NJ,2002,0.0
DE,NJ,2003,0.0
DE,NJ,2004,0.0
DE,NJ,2005,0.0
DE,NJ,2006,0.0
DE,NJ,2007,0.0
DE,NJ,2008,0.0
DE,NJ,2009,0.0
DE,NJ,2010,0.0
DE,NJ,2011,0.0
DE,NJ,2012,0.0
DE,NJ,2013,0.0
DE,NJ,2014,0.0
DE,NJ,2015,0.0
DE,NJ,2016,0.0
DE,NJ,2017,0.0
DE,NJ,2018,0.0
DE,NJ,2019,0.0
DE,NJ,2020,0.0
DE,NJ,2021,0.0
DE,NJ,2022,0.0
GA,AL,2015,544425.0
GA,AL,2016,0.0
GA,AL,2017,466650.0
GA,AL,2018,751825.0
GA,AL,2019,0.0
GA,AL,2020,0.0
GA,AL,2021,306952.0
GA,AL,2022,0.0
GA,FL,1990,44591.0
GA,FL,1994,13481.0
GA,FL,1995,0.0
GA,FL,1996,0.0
GA,FL,1997,0.0
GA,FL,1998,0.0
GA,FL,1999,0.0
GA,FL,2000,0.0
GA,FL,2001,0.0
GA,FL,2002,0.0
GA,FL,2003,0.0
GA,FL,2004,0.0
GA,FL,2005,0.0
GA,FL,2006,0.0
GA,FL,2007,368135.0
GA,FL,2008,0.0
GA,FL,2009,0.0
GA,FL,2010,0.0
GA,FL,2011,0.0
GA,FL,2012,0.0
GA,FL,2013,0.0
GA,FL,2014,0.0
GA,FL,2015,0.0
GA,FL,2016,243695.0
GA,FL,2017,860710.0
GA,FL,2018,0.0
GA,FL,2019,0.0
GA,FL,2020,230214.0
GA,FL,2021,0.0
GA,FL,2022,0.0
GA,SC,1990,3315289.0
GA,SC,1994,50813.0
GA,SC,1995,119255.0
GA,SC,1996,57035.0
GA,SC,1997,197030.0
GA,SC,1998,0.0
GA,SC,1999,0.0
GA,SC,2000,0.0
GA,SC,2001,0.0
GA,SC,2002,238510.0
GA,SC,2003,520574.0
GA,SC,2004,198067.0
GA,SC,2005,0.0
GA,SC,2006,0.0
GA,SC,2007,0.0
GA,SC,2008,0.0
GA,SC,2009,0.0
GA,SC,2010,0.0
GA,SC,2011,227103.0
GA,SC,2012,98515.0
GA,SC,2013,0.0
GA,SC,2014,0.0
GA,SC,2015,0.0
GA,SC,2016,0.0
GA,SC,2017,0.0
GA,SC,2018,0.0
GA,SC,2019,0.0
GA,SC,2020,0.0
GA,SC,2021,306952.0
GA,SC,2022,0.0
GA,TN,1990,46665.0
GA,TN,1994,0.0
GA,TN,1995,11407.0
GA,TN,1996,0.0
GA,TN,1997,0.0
GA,TN,1998,98515.0
GA,TN,1999,0.0
GA,TN,2000,0.0
GA,TN,2001,0.0
GA,TN,2002,0.0
GA,TN,2003,0.0
GA,TN,2004,0.0
GA,TN,2005,0.0
GA,TN,2006,0.0
GA,TN,2007,0.0
GA,TN,2008,0.0
GA,TN,2009,0.0
GA,TN,2010,0.0
GA,TN,2011,0.0
GA,TN,2012,0.0
GA,TN,2013,0.0
GA,TN,2014,0.0
GA,TN,2015,0.0
GA,TN,2016,0.0
GA,TN,2017,0.0
GA,TN,2018,0.0
GA,TN,2019,0.0
GA,TN,2020,0.0
GA,TN,2021,0.0
GA,TN,2022,0.0
IA,IL,1990,2878712.0
IA,IL,1994,119255.0
IA,IL,1995,51850.0
IA,IL,1996,22814.0
IA,IL,1997,0.0
IA,IL,1998,808860.0
IA,IL,1999,0.0
IA,IL,2000,1692384.0
IA,IL,2001,202215.0
IA,IL,2002,174216.0
IA,IL,2003,0.0
IA,IL,2004,0.0
IA,IL,2005,77775.0
IA,IL,2006,134810.0
IA,IL,2007,0.0
IA,IL,2008,0.0
IA,IL,2009,0.0
IA,IL,2010,0.0
IA,IL,2011,0.0
IA,IL,2012,0.0
IA,IL,2013,0.0
IA,IL,2014,0.0
IA,IL,2015,0.0
IA,IL,2016,0.0
IA,IL,2017,0.0
IA,IL,2018,0.0
IA,IL,2019,0.0
IA,IL,2020,0.0
IA,IL,2021,0.0
IA,IL,2022,0.0
IA,MN,1990,1265140.0
IA,MN,1994,51850.0
IA,MN,1995,0.0
IA,MN,1996,111996.0
IA,MN,1997,250954.0
IA,MN,1998,0.0
IA,MN,1999,0.0
IA,MN,2000,0.0
IA,MN,2001,0.0
IA,MN,2002,93330.0
IA,MN,2003,0.0
IA,MN,2004,0.0
IA,MN,2005,0.0
IA,MN,2006,0.0
IA,MN,2007,228140.0
IA,MN,2008,0.0
IA,MN,2009,0.0
IA,MN,2010,0.0
IA,MN,2011,0.0
IA,MN,2012,0.0
IA,MN,2013,0.0
IA,MN,2014,0.0
IA,MN,2015,0.0
IA,MN,2016,0.0
IA,MN,2017,0.0
IA,MN,2018,0.0
IA,MN,2019,0.0
IA,MN,2020,0.0
IA,MN,2021,0.0
IA,MN,2022,0.0
IA,SD,1990,80886.0
IA,SD,1994,0.0
IA,SD,1995,0.0
IA,SD,1996,0.0
IA,SD,1997,0.0
IA,SD,1998,0.0
IA,SD,1999,0.0
IA,SD,2000,0.0
IA,SD,2001,0.0
IA,SD,2002,0.0
IA,SD,2003,0.0
IA,SD,2004,0.0
IA,SD,2005,0.0
IA,SD,2006,0.0
IA,SD,2007,16592.0
IA,SD,2008,0.0
IA,SD,2009,0.0
IA,SD,2010,0.0
IA,SD,2011,0.0
IA,SD,2012,0.0
IA,SD,2013,0.0
IA,SD,2014,0.0
IA,SD,2015,0.0
IA,SD,2016,0.0
IA,SD,2017,0.0
IA,SD,2018,0.0
IA,SD,2019,0.0
IA,SD,2020,0.0
IA,SD,2021,0.0
IA,SD,2022,0.0
ID,NV,1990,124440.0
ID,NV,1994,39406.0
ID,NV,1995,0.0
ID,NV,1996,0.0
ID,NV,1997,0.0
ID,NV,1998,0.0
ID,NV,1999,0.0
ID,NV,2000,0.0
ID,NV,2001,0.0
ID,NV,2002,0.0
ID,NV,2003,0.0
ID,NV,2004,0.0
ID,NV,2005,0.0
ID,NV,2006,0.0
ID,NV,2007,0.0
ID,NV,2008,0.0
ID,NV,2009,0.0
ID,NV,2010,0.0
ID,NV,2011,0.0
ID,NV,2012,0.0
ID,NV,2013,0.0
ID,NV,2014,0.0
ID,NV,2015,0.0
ID,NV,2016,0.0
ID,NV,2017,0.0
ID,NV,2018,0.0
ID,NV,2019,0.0
ID,NV,2020,0.0
ID,NV,2021,0.0
ID,NV,2022,0.0
ID,OR,1990,248880.0
ID,OR,1994,14518.0
ID,OR,1995,0.0
ID,OR,1996,0.0
ID,OR,1997,0.0
ID,OR,1998,0.0
ID,OR,1999,0.0
ID,OR,2000,0.0
ID,OR,2001,0.0
ID,OR,2002,0.0
ID,OR,2003,181475.0
ID,OR,2004,0.0
ID,OR,2005,0.0
ID,OR,2006,0.0
ID,OR,2007,0.0
ID,OR,2008,0.0
ID,OR,2009,0.0
ID,OR,2010,0.0
ID,OR,2011,0.0
ID,OR,2012,0.0
ID,OR,2013,0.0
ID,OR,2014,0.0
ID,OR,2015,0.0
ID,OR,2016,0.0
ID,OR,2017,0.0
ID,OR,2018,0.0
ID,OR,2019,0.0
ID,OR,2020,0.0
ID,OR,2021,0.0
ID,OR,2022,0.0
ID,UT,1990,259250.0
ID,UT,1994,49776.0
ID,UT,1995,0.0
ID,UT,1996,0.0
ID,UT,1997,0.0
ID,UT,1998,0.0
ID,UT,1999,0.0
ID,UT,2000,0.0
ID,UT,2001,0.0
ID,UT,2002,0.0
ID,UT,2003,0.0
ID,UT,2004,0.0
ID,UT,2005,0.0
ID,UT,2006,0.0
ID,UT,2007,0.0
ID,UT,2008,0.0
ID,UT,2009,0.0
ID,UT,2010,0.0
ID,UT,2011,0.0
ID,UT,2012,0.0
ID,UT,2013,0.0
ID,UT,2014,0.0
ID,UT,2015,0.0
ID,UT,2016,0.0
ID,UT,2017,0.0
ID,UT,2018,0.0
ID,UT,2019,0.0
ID,UT,2020,0.0
ID,UT,2021,0.0
ID,UT,2022,0.0
ID,WA,1990,1515057.0
ID,WA,1994,849303.0
ID,WA,1995,0.0
ID,WA,1996,0.0
ID,WA,1997,0.0
ID,WA,1998,76738.0
ID,WA,1999,0.0
ID,WA,2000,0.0
ID,WA,2001,0.0
ID,WA,2002,214659.0
ID,WA,2003,0.0
ID,WA,2004,0.0
ID,WA,2005,0.0
ID,WA,2006,0.0
ID,WA,2007,0.0
ID,WA,2008,0.0
ID,WA,2009,0.0
ID,WA,2010,0.0
ID,WA,2011,0.0
ID,WA,2012,0.0
ID,WA,2013,0.0
ID,WA,2014,0.0
ID,WA,2015,0.0
ID,WA,2016,0.0
ID,WA,2017,0.0
ID,WA,2018,0.0
ID,WA,2019,0.0
ID,WA,2020,0.0
ID,WA,2021,0.0
ID,WA,2022,0.0
IL,IA,1990,77775.0
IL,IA,1994,0.0
IL,IA,1995,0.0
IL,IA,1996,0.0
IL,IA,1997,0.0
IL,IA,1998,0.0
IL,IA,1999,0.0
IL,IA,2000,0.0
IL,IA,2001,0.0
IL,IA,2002,0.0
IL,IA,2003,0.0
IL,IA,2004,0.0
IL,IA,2005,0.0
IL,IA,2006,0.0
IL,IA,2007,0.0
IL,IA,2008,0.0
IL,IA,2009,0.0
IL,IA,2010,0.0
IL,IA,2011,0.0
IL,IA,2012,0.0
IL,IA,2013,0.0
IL,IA,2014,0.0
IL,IA,2015,0.0
IL,IA,2016,0.0
IL,IA,2017,0.0
IL,IA,2018,0.0
IL,IA,2019,0.0
IL,IA,2020,0.0
IL,IA,2021,0.0
IL,IA,2022,0.0
IL,IN,1990,4490210.0
IL,IN,1994,246806.0
IL,IN,1995,0.0
IL,IN,1996,0.0
IL,IN,1997,138958.0
IL,IN,1998,0.0
IL,IN,1999,114070.0
IL,IN,2000,746640.0
IL,IN,2001,787083.0
IL,IN,2002,653310.0
IL,IN,2003,251991.0
IL,IN,2004,0.0
IL,IN,2005,0.0
IL,IN,2006,134810.0
IL,IN,2007,254065.0
IL,IN,2008,0.0
IL,IN,2009,1975485.0
IL,IN,2010,155550.0
IL,IN,2011,0.0
IL,IN,2012,0.0
IL,IN,2013,0.0
IL,IN,2014,0.0
IL,IN,2015,0.0
IL,IN,2016,0.0
IL,IN,2017,0.0
IL,IN,2018,0.0
IL,IN,2019,0.0
IL,IN,2020,0.0
IL,IN,2021,0.0
IL,IN,2022,0.0
IL,KY,2017,777750.0
IL,KY,2018,0.0
IL,KY,2019,0.0
IL,KY,2020,0.0
IL,KY,2021,0.0
IL,KY,2022,0.0
IL,MO,1990,837896.0
IL,MO,1994,64294.0
IL,MO,1995,0.0
IL,MO,1996,0.0
IL,MO,1997,0.0
IL,MO,1998,0.0
IL,MO,1999,0.0
IL,MO,2000,0.0
IL,MO,2001,0.0
IL,MO,2002,20740.0
IL,MO,2003,0.0
IL,MO,2004,0.0
IL,MO,2005,0.0
IL,MO,2006,0.0
IL,MO,2007,0.0
IL,MO,2008,0.0
IL,MO,2009,0.0
IL,MO,2010,0.0
IL,MO,2011,0.0
IL,MO,2012,0.0
IL,MO,2013,0.0
IL,MO,2014,0.0
IL,MO,2015,0.0
IL,MO,2016,2074000.0
IL,MO,2017,0.0
IL,MO,2018,477020.0
IL,MO,2019,414800.0
IL,MO,2020,0.0
IL,MO,2021,311100.0
IL,MO,2022,0.0
IL,WI,1990,1657126.0
IL,WI,1994,0.0
IL,WI,1995,39406.0
IL,WI,1996,22814.0
IL,WI,1997,0.0
IL,WI,1998,0.0
IL,WI,1999,154513.0
IL,WI,2000,197030.0
IL,WI,2001,0.0
IL,WI,2002,777750.0
IL,WI,2003,0.0
IL,WI,2004,0.0
IL,WI,2005,0.0
IL,WI,2006,44591.0
IL,WI,2007,0.0
IL,WI,2008,0.0
IL,WI,2009,556869.0
IL,WI,2010,0.0
IL,WI,2011,0.0
IL,WI,2012,0.0
IL,WI,2013,0.0
IL,WI,2014,0.0
IL,WI,2015,0.0
IL,WI,2016,0.0
IL,WI,2017,0.0
IL,WI,2018,239547.0
IL,WI,2019,0.0
IL,WI,2020,0.0
IL,WI,2021,0.0
IL,WI,2022,52887.0
IN,IL,1990,2010743.0
IN,IL,1994,5185.0
IN,IL,1995,0.0
IN,IL,1996,0.0
IN,IL,1997,138958.0
IN,IL,1998,0.0
IN,IL,1999,0.0
IN,IL,2000,0.0
IN,IL,2001,0.0
IN,IL,2002,0.0
IN,IL,2003,0.0
IN,IL,2004,0.0
IN,IL,2005,0.0
IN,IL,2006,0.0
IN,IL,2007,0.0
IN,IL,2008,0.0
IN,IL,2009,0.0
IN,IL,2010,0.0
IN,IL,2011,0.0
IN,IL,2012,0.0
IN,IL,2013,0.0
IN,IL,2014,0.0
IN,IL,2015,2488800.0
IN,IL,2016,0.0
IN,IL,2017,777750.0
IN,IL,2018,362950.0
IN,IL,2019,0.0
IN,IL,2020,0.0
IN,IL,2021,0.0
IN,IL,2022,0.0
IN,KY,1990,0.0
IN,KY,1994,0.0
IN,KY,1995,0.0
IN,KY,1996,0.0
IN,KY,1997,0.0
IN,KY,1998,0.0
IN,KY,1999,0.0
IN,KY,2000,0.0
IN,KY,2001,0.0
IN,KY,2002,362950.0
IN,KY,2003,0.0
IN,KY,2004,0.0
IN,KY,2005,0.0
IN,KY,2006,0.0
IN,KY,2007,0.0
IN,KY,2008,0.0
IN,KY,2009,0.0
IN,KY,2010,0.0
IN,KY,2011,0.0
IN,KY,2012,0.0
IN,KY,2013,0.0
IN,KY,2014,0.0
IN,KY,2015,777750.0
IN,KY,2016,786046.0
IN,KY,2017,294508.0
IN,KY,2018,0.0
IN,KY,2019,0.0
IN,KY,2020,0.0
IN,KY,2021,0.0
IN,KY,2022,171105.0
IN,MI,1990,2037705.0
IN,MI,1994,149328.0
IN,MI,1995,0.0
IN,MI,1996,0.0
IN,MI,1997,155550.0
IN,MI,1998,0.0
IN,MI,1999,0.0
IN,MI,2000,746640.0
IN,MI,2001,0.0
IN,MI,2002,290360.0
IN,MI,2003,0.0
IN,MI,2004,0.0
IN,MI,2005,0.0
IN,MI,2006,0.0
IN,MI,2007,254065.0
IN,MI,2008,0.0
IN,MI,2009,108885.0
IN,MI,2010,0.0
IN,MI,2011,0.0
IN,MI,2012,0.0
IN,MI,2013,0.0
IN,MI,2014,0.0
IN,MI,2015,0.0
IN,MI,2016,0.0
IN,MI,2017,0.0
IN,MI,2018,0.0
IN,MI,2019,0.0
IN,MI,2020,0.0
IN,MI,2021,0.0
IN,MI,2022,0.0
IN,OH,1990,4766052.0
IN,OH,1994,149328.0
IN,OH,1995,259250.0
IN,OH,1996,0.0
IN,OH,1997,0.0
IN,OH,1998,316285.0
IN,OH,1999,0.0
IN,OH,2000,0.0
IN,OH,2001,0.0
IN,OH,2002,0.0
IN,OH,2003,0.0
IN,OH,2004,0.0
IN,OH,2005,0.0
IN,OH,2006,0.0
IN,OH,2007,0.0
IN,OH,2008,0.0
IN,OH,2009,1866600.0
IN,OH,2010,0.0
IN,OH,2011,0.0
IN,OH,2012,0.0
IN,OH,2013,0.0
IN,OH,2014,0.0
IN,OH,2015,0.0
IN,OH,2016,0.0
IN,OH,2017,0.0
IN,OH,2018,0.0
IN,OH,2019,0.0
IN,OH,2020,0.0
IN,OH,2021,0.0
IN,OH,2022,0.0
KS,CO,1990,399245.0
KS,CO,1994,0.0
KS,CO,1995,0.0
KS,CO,1996,0.0
KS,CO,1997,0.0
KS,CO,1998,0.0
KS,CO,1999,0.0
KS,CO,2000,0.0
KS,CO,2001,0.0
KS,CO,2002,0.0
KS,CO,2003,0.0
KS,CO,2004,0.0
KS,CO,2005,0.0
KS,CO,2006,0.0
KS,CO,2007,0.0
KS,CO,2008,0.0
KS,CO,2009,0.0
KS,CO,2010,0.0
KS,CO,2011,0.0
KS,CO,2012,0.0
KS,CO,2013,0.0
KS,CO,2014,0.0
KS,CO,2015,0.0
KS,CO,2016,0.0
KS,CO,2017,0.0
KS,CO,2018,0.0
KS,CO,2019,0.0
KS,CO,2020,0.0
KS,CO,2021,0.0
KS,CO,2022,0.0
KS,MO,1990,2704496.0
KS,MO,1994,0.0
KS,MO,1995,0.0
KS,MO,1996,0.0
KS,MO,1997,286212.0
KS,MO,1998,0.0
KS,MO,1999,0.0
KS,MO,2000,0.0
KS,MO,2001,148291.0
KS,MO,2002,0.0
KS,MO,2003,69479.0
KS,MO,2004,69479.0
KS,MO,2005,0.0
KS,MO,2006,0.0
KS,MO,2007,0.0
KS,MO,2008,1607350.0
KS,MO,2009,311100.0
KS,MO,2010,0.0
KS,MO,2011,0.0
KS,MO,2012,0.0
KS,MO,2013,0.0
KS,MO,2014,0.0
KS,MO,2015,0.0
KS,MO,2016,0.0
KS,MO,2017,0.0
KS,MO,2018,0.0
KS,MO,2019,0.0
KS,MO,2020,0.0
KS,MO,2021,0.0
KS,MO,2022,0.0
KS,NE,1990,4728720.0
KS,NE,1994,0.0
KS,NE,1995,0.0
KS,NE,1996,0.0
KS,NE,1997,50813.0
KS,NE,1998,0.0
KS,NE,1999,0.0
KS,NE,2000,0.0
KS,NE,2001,0.0
KS,NE,2002,93330.0
KS,NE,2003,0.0
KS,NE,2004,0.0
KS,NE,2005,0.0
KS,NE,2006,0.0
KS,NE,2007,33184.0
KS,NE,2008,0.0
KS,NE,2009,0.0
KS,NE,2010,0.0
KS,NE,2011,0.0
KS,NE,2012,0.0
KS,NE,2013,0.0
KS,NE,2014,0.0
KS,NE,2015,0.0
KS,NE,2016,0.0
KS,NE,2017,0.0
KS,NE,2018,0.0
KS,NE,2019,0.0
KS,NE,2020,0.0
KS,NE,2021,0.0
KS,NE,2022,0.0
KS,OK,1990,591090.0
KS,OK,1994,107848.0
KS,OK,1995,0.0
KS,OK,1996,0.0
KS,OK,1997,0.0
KS,OK,1998,0.0
KS,OK,1999,0.0
KS,OK,2000,82960.0
KS,OK,2001,0.0
KS,OK,2002,0.0
KS,OK,2003,0.0
KS,OK,2004,0.0
KS,OK,2005,107848.0
KS,OK,2006,0.0
KS,OK,2007,30073.0
KS,OK,2008,0.0
KS,OK,2009,0.0
KS,OK,2010,0.0
KS,OK,2011,0.0
KS,OK,2012,0.0
KS,OK,2013,0.0
KS,OK,2014,0.0
KS,OK,2015,0.0
KS,OK,2016,0.0
KS,OK,2017,0.0
KS,OK,2018,0.0
KS,OK,2019,0.0
KS,OK,2020,0.0
KS,OK,2021,0.0
KS,OK,2022,0.0
KY,IL,1990,1865563.0
KY,IL,1994,0.0
KY,IL,1995,0.0
KY,IL,1996,0.0
KY,IL,1997,0.0
KY,IL,1998,0.0
KY,IL,1999,0.0
KY,IL,2000,0.0
KY,IL,2001,0.0
KY,IL,2002,0.0
KY,IL,2003,0.0
KY,IL,2004,0.0
KY,IL,2005,0.0
KY,IL,2006,0.0
KY,IL,2007,0.0
KY,IL,2008,0.0
KY,IL,2009,0.0
KY,IL,2010,0.0
KY,IL,2011,0.0
KY,IL,2012,0.0
KY,IL,2013,0.0
KY,IL,2014,0.0
KY,IL,2015,0.0
KY,IL,2016,0.0
KY,IL,2017,0.0
KY,IL,2018,0.0
KY,IL,2019,0.0
KY,IL,2020,0.0
KY,IL,2021,0.0
KY,IL,2022,0.0
KY,IN,1990,3617056.0
KY,IN,1994,74664.0
KY,IN,1995,0.0
KY,IN,1996,0.0
KY,IN,1997,0.0
KY,IN,1998,0.0
KY,IN,1999,0.0
KY,IN,2000,0.0
KY,IN,2001,0.0
KY,IN,2002,0.0
KY,IN,2003,0.0
KY,IN,2004,0.0
KY,IN,2005,0.0
KY,IN,2006,0.0
KY,IN,2007,0.0
KY,IN,2008,0.0
KY,IN,2009,0.0
KY,IN,2010,0.0
KY,IN,2011,0.0
KY,IN,2012,0.0
KY,IN,2013,0.0
KY,IN,2014,0.0
KY,IN,2015,0.0
KY,IN,2016,55998.0
KY,IN,2017,0.0
KY,IN,2018,0.0
KY,IN,2019,0.0
KY,IN,2020,0.0
KY,IN,2021,0.0
KY,IN,2022,0.0
KY,OH,1990,4210220.0
KY,OH,1994,107848.0
KY,OH,1995,0.0
KY,OH,1996,0.0
KY,OH,1997,0.0
KY,OH,1998,0.0
KY,OH,1999,0.0
KY,OH,2000,0.0
KY,OH,2001,0.0
KY,OH,2002,0.0
KY,OH,2003,0.0
KY,OH,2004,0.0
KY,OH,2005,0.0
KY,OH,2006,0.0
KY,OH,2007,0.0
KY,OH,2008,0.0
KY,OH,2009,0.0
KY,OH,2010,0.0
KY,OH,2011,0.0
KY,OH,2012,0.0
KY,OH,2013,0.0
KY,OH,2014,0.0
KY,OH,2015,0.0
KY,OH,2016,0.0
KY,OH,2017,0.0
KY,OH,2018,0.0
KY,OH,2019,0.0
KY,OH,2020,0.0
KY,OH,2021,0.0
KY,OH,2022,0.0
KY,TN,1990,5185.0
KY,TN,1994,25925.0
KY,TN,1995,0.0
KY,TN,1996,0.0
KY,TN,1997,0.0
KY,TN,1998,0.0
KY,TN,1999,0.0
KY,TN,2000,0.0
KY,TN,2001,0.0
KY,TN,2002,362950.0
KY,TN,2003,0.0
KY,TN,2004,0.0
KY,TN,2005,0.0
KY,TN,2006,0.0
KY,TN,2007,0.0
KY,TN,2008,0.0
KY,TN,2009,881450.0
KY,TN,2010,0.0
KY,TN,2011,0.0
KY,TN,2012,0.0
KY,TN,2013,871080.0
KY,TN,2014,920856.0
KY,TN,2015,1638460.0
KY,TN,2016,2848639.0
KY,TN,2017,2066741.0
KY,TN,2018,58072.0
KY,TN,2019,714493.0
KY,TN,2020,0.0
KY,TN,2021,0.0
KY,TN,2022,171105.0
KY,VA,1990,51850.0
KY,VA,1994,0.0
KY,VA,1995,0.0
KY,VA,1996,0.0
KY,VA,1997,0.0
KY,VA,1998,0.0
KY,VA,1999,0.0
KY,VA,2000,0.0
KY,VA,2001,0.0
KY,VA,2002,0.0
KY,VA,2003,0.0
KY,VA,2004,0.0
KY,VA,2005,0.0
KY,VA,2006,0.0
KY,VA,2007,0.0
KY,VA,2008,0.0
KY,VA,2009,0.0
KY,VA,2010,0.0
KY,VA,2011,0.0
KY,VA,2012,0.0
KY,VA,2013,0.0
KY,VA,2014,0.0
KY,VA,2015,0.0
KY,VA,2016,0.0
KY,VA,2017,0.0
KY,VA,2018,0.0
KY,VA,2019,0.0
KY,VA,2020,0.0
KY,VA,2021,0.0
KY,VA,2022,0.0
KY,WV,1990,2629832.0
KY,WV,1994,0.0
KY,WV,1995,0.0
KY,WV,1996,0.0
KY,WV,1997,0.0
KY,WV,1998,0.0
KY,WV,1999,318359.0
KY,WV,2000,0.0
KY,WV,2001,0.0
KY,WV,2002,0.0
KY,WV,2003,0.0
KY,WV,2004,0.0
KY,WV,2005,0.0
KY,WV,2006,0.0
KY,WV,2007,0.0
KY,WV,2008,0.0
KY,WV,2009,0.0
KY,WV,2010,0.0
KY,WV,2011,0.0
KY,WV,2012,0.0
KY,WV,2013,0.0
KY,WV,2014,0.0
KY,WV,2015,0.0
KY,WV,2016,0.0
KY,WV,2017,0.0
KY,WV,2018,0.0
KY,WV,2019,0.0
KY,WV,2020,0.0
KY,WV,2021,0.0
KY,WV,2022,0.0
LA,AR,1990,7709058.0
LA,AR,1994,292434.0
LA,AR,1995,0.0
LA,AR,1996,0.0
LA,AR,1997,15555.0
LA,AR,1998,0.0
LA,AR,1999,0.0
LA,AR,2000,0.0
LA,AR,2001,434503.0
LA,AR,2002,0.0
LA,AR,2003,0.0
LA,AR,2004,0.0
LA,AR,2005,0.0
LA,AR,2006,0.0
LA,AR,2007,0.0
LA,AR,2008,0.0
LA,AR,2009,0.0
LA,AR,2010,0.0
LA,AR,2011,0.0
LA,AR,2012,0.0
LA,AR,2013,0.0
LA,AR,2014,0.0
LA,AR,2015,0.0
LA,AR,2016,0.0
LA,AR,2017,0.0
LA,AR,2018,0.0
LA,AR,2019,0.0
LA,AR,2020,0.0
LA,AR,2021,0.0
LA,AR,2022,0.0
LA,MS,1990,13440557.0
LA,MS,1994,520574.0
LA,MS,1995,386801.0
LA,MS,1996,160735.0
LA,MS,1997,0.0
LA,MS,1998,0.0
LA,MS,1999,320433.0
LA,MS,2000,0.0
LA,MS,2001,295545.0
LA,MS,2002,238510.0
LA,MS,2003,470798.0
LA,MS,2004,54961.0
LA,MS,2005,0.0
LA,MS,2006,0.0
LA,MS,2007,0.0
LA,MS,2008,2945080.0
LA,MS,2009,1589721.0
LA,MS,2010,586942.0
LA,MS,2011,373320.0
LA,MS,2012,0.0
LA,MS,2013,0.0
LA,MS,2014,0.0
LA,MS,2015,46665.0
LA,MS,2016,0.0
LA,MS,2017,0.0
LA,MS,2018,0.0
LA,MS,2019,0.0
LA,MS,2020,0.0
LA,MS,2021,306952.0
LA,MS,2022,0.0
LA,TX,1990,1235067.0
LA,TX,1994,78812.0
LA,TX,1995,0.0
LA,TX,1996,0.0
LA,TX,1997,0.0
LA,TX,1998,0.0
LA,TX,1999,0.0
LA,TX,2000,0.0
LA,TX,2001,0.0
LA,TX,2002,0.0
LA,TX,2003,3111.0
LA,TX,2004,0.0
LA,TX,2005,0.0
LA,TX,2006,0.0
LA,TX,2007,0.0
LA,TX,2008,0.0
LA,TX,2009,0.0
LA,TX,2010,0.0
LA,TX,2011,0.0
LA,TX,2012,0.0
LA,TX,2013,0.0
LA,TX,2014,0.0
LA,TX,2015,0.0
LA,TX,2016,0.0
LA,TX,2017,1365729.0
LA,TX,2018,0.0
LA,TX,2019,1325286.0
LA,TX,2020,596275.0
LA,TX,2021,0.0
LA,TX,2022,0.0
MA,CT,1990,83997.0
MA,CT,1994,0.0
MA,CT,1995,0.0
MA,CT,1996,0.0
MA,CT,1997,0.0
MA,CT,1998,0.0
MA,CT,1999,0.0
MA,CT,2000,0.0
MA,CT,2001,86071.0
MA,CT,2002,0.0
MA,CT,2003,0.0
MA,CT,2004,0.0
MA,CT,2005,0.0
MA,CT,2006,0.0
MA,CT,2007,0.0
MA,CT,2008,0.0
MA,CT,2009,0.0
MA,CT,2010,0.0
MA,CT,2011,0.0
MA,CT,2012,0.0
MA,CT,2013,0.0
MA,CT,2014,0.0
MA,CT,2015,0.0
MA,CT,2016,0.0
MA,CT,2017,0.0
MA,CT,2018,0.0
MA,CT,2019,0.0
MA,CT,2020,0.0
MA,CT,2021,0.0
MA,CT,2022,0.0
MA,NH,1990,97478.0
MA,NH,1994,12444.0
MA,NH,1995,0.0
MA,NH,1996,0.0
MA,NH,1997,0.0
MA,NH,1998,0.0
MA,NH,1999,0.0
MA,NH,2000,0.0
MA,NH,2001,130662.0
MA,NH,2002,0.0
MA,NH,2003,0.0
MA,NH,2004,0.0
MA,NH,2005,0.0
MA,NH,2006,0.0
MA,NH,2007,0.0
MA,NH,2008,0.0
MA,NH,2009,0.0
MA,NH,2010,0.0
MA,NH,2011,0.0
MA,NH,2012,0.0
MA,NH,2013,0.0
MA,NH,2014,0.0
MA,NH,2015,0.0
MA,NH,2016,0.0
MA,NH,2017,0.0
MA,NH,2018,0.0
MA,NH,2019,0.0
MA,NH,2020,0.0
MA,NH,2021,877302.0
MA,NH,2022,0.0
MA,RI,1990,29036.0
MA,RI,1994,150365.0
MA,RI,1995,0.0
MA,RI,1996,0.0
MA,RI,1997,0.0
MA,RI,1998,0.0
MA,RI,1999,0.0
MA,RI,2000,0.0
MA,RI,2001,0.0
MA,RI,2002,0.0
MA,RI,2003,0.0
MA,RI,2004,0.0
MA,RI,2005,0.0
MA,RI,2006,0.0
MA,RI,2007,0.0
MA,RI,2008,0.0
MA,RI,2009,0.0
MA,RI,2010,285175.0
MA,RI,2011,0.0
MA,RI,2012,0.0
MA,RI,2013,0.0
MA,RI,2014,0.0
MA,RI,2015,0.0
MA,RI,2016,0.0
MA,RI,2017,0.0
MA,RI,2018,0.0
MA,RI,2019,0.0
MA,RI,2020,0.0
MA,RI,2021,0.0
MA,RI,2022,0.0
MD,DC,1990,41480.0
MD,DC,1994,41480.0
MD,DC,1995,0.0
MD,DC,1996,0.0
MD,DC,1997,0.0
MD,DC,1998,0.0
MD,DC,1999,0.0
MD,DC,2000,0.0
MD,DC,2001,0.0
MD,DC,2002,0.0
MD,DC,2003,0.0
MD,DC,2004,0.0
MD,DC,2005,0.0
MD,DC,2006,0.0
MD,DC,2007,0.0
MD,DC,2008,0.0
MD,DC,2009,0.0
MD,DC,2010,0.0
MD,DC,2011,0.0
MD,DC,2012,0.0
MD,DC,2013,0.0
MD,DC,2014,0.0
MD,DC,2015,0.0
MD,DC,2016,0.0
MD,DC,2017,0.0
MD,DC,2018,0.0
MD,DC,2019,0.0
MD,DC,2020,0.0
MD,DC,2021,0.0
MD,DC,2022,0.0
MD,DE,1990,49776.0
MD,DE,1994,6947.9
MD,DE,1995,0.0
MD,DE,1996,0.0
MD,DE,1997,0.0
MD,DE,1998,2592.5
MD,DE,1999,0.0
MD,DE,2000,0.0
MD,DE,2001,12236.6
MD,DE,2002,5185.0
MD,DE,2003,0.0
MD,DE,2004,4873.9
MD,DE,2005,19599.3
MD,DE,2006,27169.4
MD,DE,2007,10577.4
MD,DE,2008,11407.0
MD,DE,2009,0.0
MD,DE,2010,0.0
MD,DE,2011,0.0
MD,DE,2012,0.0
MD,DE,2013,0.0
MD,DE,2014,0.0
MD,DE,2015,0.0
MD,DE,2016,0.0
MD,DE,2017,0.0
MD,DE,2018,0.0
MD,DE,2019,63257.0
MD,DE,2020,0.0
MD,DE,2021,0.0
MD,DE,2022,0.0
MD,PA,1990,2498133.0
MD,PA,1994,204289.0
MD,PA,1995,0.0
MD,PA,1996,0.0
MD,PA,1997,0.0
MD,PA,1998,0.0
MD,PA,1999,0.0
MD,PA,2000,0.0
MD,PA,2001,0.0
MD,PA,2002,0.0
MD,PA,2003,0.0
MD,PA,2004,0.0
MD,PA,2005,0.0
MD,PA,2006,0.0
MD,PA,2007,0.0
MD,PA,2008,725900.0
MD,PA,2009,0.0
MD,PA,2010,0.0
MD,PA,2011,0.0
MD,PA,2012,0.0
MD,PA,2013,0.0
MD,PA,2014,0.0
MD,PA,2015,0.0
MD,PA,2016,0.0
MD,PA,2017,0.0
MD,PA,2018,0.0
MD,PA,2019,0.0
MD,PA,2020,0.0
MD,PA,2021,0.0
MD,PA,2022,0.0
MD,VA,1990,227103.0
MD,VA,1994,0.0
MD,VA,1995,638792.0
MD,VA,1996,0.0
MD,VA,1997,0.0
MD,VA,1998,0.0
MD,VA,1999,0.0
MD,VA,2000,0.0
MD,VA,2001,0.0
MD,VA,2002,0.0
MD,VA,2003,0.0
MD,VA,2004,225029.0
MD,VA,2005,0.0
MD,VA,2006,0.0
MD,VA,2007,0.0
MD,VA,2008,829600.0
MD,VA,2009,0.0
MD,VA,2010,0.0
MD,VA,2011,0.0
MD,VA,2012,435540.0
MD,VA,2013,0.0
MD,VA,2014,0.0
MD,VA,2015,446947.0
MD,VA,2016,0.0
MD,VA,2017,575535.0
MD,VA,2018,1037000.0
MD,VA,2019,155550.0
MD,VA,2020,0.0
MD,VA,2021,0.0
MD,VA,2022,0.0
MD,WV,1990,5185.0
MD,WV,1994,0.0
MD,WV,1995,0.0
MD,WV,1996,0.0
MD,WV,1997,0.0
MD,WV,1998,0.0
MD,WV,1999,0.0
MD,WV,2000,0.0
MD,WV,2001,0.0
MD,WV,2002,0.0
MD,WV,2003,0.0
MD,WV,2004,0.0
MD,WV,2005,0.0
MD,WV,2006,0.0
MD,WV,2007,0.0
MD,WV,2008,0.0
MD,WV,2009,0.0
MD,WV,2010,0.0
MD,WV,2011,0.0
MD,WV,2012,0.0
MD,WV,2013,0.0
MD,WV,2014,0.0
MD,WV,2015,0.0
MD,WV,2016,0.0
MD,WV,2017,0.0
MD,WV,2018,0.0
MD,WV,2019,0.0
MD,WV,2020,0.0
MD,WV,2021,0.0
MD,WV,2022,0.0
ME,NH,1990,12444.0
ME,NH,1994,19703.0
ME,NH,1995,0.0
ME,NH,1996,0.0
ME,NH,1997,0.0
ME,NH,1998,0.0
ME,NH,1999,609756.0
ME,NH,2000,0.0
ME,NH,2001,41480.0
ME,NH,2002,184586.0
ME,NH,2003,39406.0
ME,NH,2004,0.0
ME,NH,2005,0.0
ME,NH,2006,0.0
ME,NH,2007,0.0
ME,NH,2008,0.0
ME,NH,2009,212585.0
ME,NH,2010,0.0
ME,NH,2011,0.0
ME,NH,2012,0.0
ME,NH,2013,0.0
ME,NH,2014,0.0
ME,NH,2015,0.0
ME,NH,2016,0.0
ME,NH,2017,0.0
ME,NH,2018,2074.0
ME,NH,2019,22814.0
ME,NH,2020,24888.0
ME,NH,2021,51850.0
ME,NH,2022,0.0
MI,IN,1990,1320101.0
MI,IN,1994,149328.0
MI,IN,1995,0.0
MI,IN,1996,0.0
MI,IN,1997,155550.0
MI,IN,1998,0.0
MI,IN,1999,0.0
MI,IN,2000,0.0
MI,IN,2001,0.0
MI,IN,2002,0.0
MI,IN,2003,0.0
MI,IN,2004,0.0
MI,IN,2005,0.0
MI,IN,2006,0.0
MI,IN,2007,0.0
MI,IN,2008,0.0
MI,IN,2009,0.0
MI,IN,2010,0.0
MI,IN,2011,0.0
MI,IN,2012,0.0
MI,IN,2013,0.0
MI,IN,2014,0.0
MI,IN,2015,0.0
MI,IN,2016,0.0
MI,IN,2017,0.0
MI,IN,2018,0.0
MI,IN,2019,0.0
MI,IN,2020,0.0
MI,IN,2021,0.0
MI,IN,2022,0.0
MI,OH,1990,103700.0
MI,OH,1994,0.0
MI,OH,1995,0.0
MI,OH,1996,0.0
MI,OH,1997,0.0
MI,OH,1998,0.0
MI,OH,1999,0.0
MI,OH,2000,0.0
MI,OH,2001,0.0
MI,OH,2002,0.0
MI,OH,2003,0.0
MI,OH,2004,0.0
MI,OH,2005,0.0
MI,OH,2006,0.0
MI,OH,2007,0.0
MI,OH,2008,0.0
MI,OH,2009,0.0
MI,OH,2010,0.0
MI,OH,2011,0.0
MI,OH,2012,0.0
MI,OH,2013,0.0
MI,OH,2014,0.0
MI,OH,2015,0.0
MI,OH,2016,0.0
MI,OH,2017,0.0
MI,OH,2018,0.0
MI,OH,2019,0.0
MI,OH,2020,0.0
MI,OH,2021,0.0
MI,OH,2022,0.0
MI,WI,1990,2294881.0
MI,WI,1994,645014.0
MI,WI,1995,0.0
MI,WI,1996,0.0
MI,WI,1997,0.0
MI,WI,1998,130662.0
MI,WI,1999,0.0
MI,WI,2000,0.0
MI,WI,2001,0.0
MI,WI,2002,0.0
MI,WI,2003,0.0
MI,WI,2004,0.0
MI,WI,2005,0.0
MI,WI,2006,129625.0
MI,WI,2007,0.0
MI,WI,2008,0.0
MI,WI,2009,0.0
MI,WI,2010,0.0
MI,WI,2011,0.0
MI,WI,2012,0.0
MI,WI,2013,0.0
MI,WI,2014,0.0
MI,WI,2015,0.0
MI,WI,2016,0.0
MI,WI,2017,0.0
MI,WI,2018,0.0
MI,WI,2019,0.0
MI,WI,2020,0.0
MI,WI,2021,0.0
MI,WI,2022,0.0
MN,IA,1990,1146922.0
MN,IA,1994,486353.0
MN,IA,1995,0.0
MN,IA,1996,0.0
MN,IA,1997,0.0
MN,IA,1998,699975.0
MN,IA,1999,0.0
MN,IA,2000,1692384.0
MN,IA,2001,0.0
MN,IA,2002,174216.0
MN,IA,2003,0.0
MN,IA,2004,0.0
MN,IA,2005,77775.0
MN,IA,2006,0.0
MN,IA,2007,0.0
MN,IA,2008,0.0
MN,IA,2009,0.0
MN,IA,2010,0.0
MN,IA,2011,0.0
MN,IA,2012,0.0
MN,IA,2013,0.0
MN,IA,2014,0.0
MN,IA,2015,0.0
MN,IA,2016,0.0
MN,IA,2017,0.0
MN,IA,2018,0.0
MN,IA,2019,0.0
MN,IA,2020,0.0
MN,IA,2021,0.0
MN,IA,2022,0.0
MN,ND,1990,26962.0
MN,ND,1994,38369.0
MN,ND,1995,0.0
MN,ND,1996,0.0
MN,ND,1997,0.0
MN,ND,1998,0.0
MN,ND,1999,0.0
MN,ND,2000,0.0
MN,ND,2001,0.0
MN,ND,2002,0.0
MN,ND,2003,0.0
MN,ND,2004,0.0
MN,ND,2005,0.0
MN,ND,2006,0.0
MN,ND,2007,0.0
MN,ND,2008,0.0
MN,ND,2009,39406.0
MN,ND,2010,0.0
MN,ND,2011,0.0
MN,ND,2012,0.0
MN,ND,2013,0.0
MN,ND,2014,0.0
MN,ND,2015,0.0
MN,ND,2016,0.0
MN,ND,2017,0.0
MN,ND,2018,34221.0
MN,ND,2019,0.0
MN,ND,2020,0.0
MN,ND,2021,0.0
MN,ND,2022,0.0
MN,WI,1990,2092666.0
MN,WI,1994,652273.0
MN,WI,1995,0.0
MN,WI,1996,0.0
MN,WI,1997,64294.0
MN,WI,1998,130662.0
MN,WI,1999,29036.0
MN,WI,2000,0.0
MN,WI,2001,0.0
MN,WI,2002,0.0
MN,WI,2003,0.0
MN,WI,2004,0.0
MN,WI,2005,0.0
MN,WI,2006,0.0
MN,WI,2007,13481.0
MN,WI,2008,0.0
MN,WI,2009,0.0
MN,WI,2010,0.0
MN,WI,2011,0.0
MN,WI,2012,0.0
MN,WI,2013,0.0
MN,WI,2014,0.0
MN,WI,2015,0.0
MN,WI,2016,0.0
MN,WI,2017,0.0
MN,WI,2018,0.0
MN,WI,2019,0.0
MN,WI,2020,0.0
MN,WI,2021,0.0
MN,WI,2022,0.0
MO,AR,1990,25925.0
MO,AR,1994,0.0
MO,AR,1995,0.0
MO,AR,1996,0.0
MO,AR,1997,0.0
MO,AR,1998,0.0
MO,AR,1999,0.0
MO,AR,2000,0.0
MO,AR,2001,0.0
MO,AR,2002,0.0
MO,AR,2003,0.0
MO,AR,2004,0.0
MO,AR,2005,0.0
MO,AR,2006,0.0
MO,AR,2007,0.0
MO,AR,2008,0.0
MO,AR,2009,0.0
MO,AR,2010,0.0
MO,AR,2011,0.0
MO,AR,2012,0.0
MO,AR,2013,0.0
MO,AR,2014,0.0
MO,AR,2015,0.0
MO,AR,2016,0.0
MO,AR,2017,0.0
MO,AR,2018,477020.0
MO,AR,2019,0.0
MO,AR,2020,0.0
MO,AR,2021,311100.0
MO,AR,2022,0.0
MO,IA,1990,625311.0
MO,IA,1994,79849.0
MO,IA,1995,0.0
MO,IA,1996,0.0
MO,IA,1997,0.0
MO,IA,1998,0.0
MO,IA,1999,0.0
MO,IA,2000,0.0
MO,IA,2001,0.0
MO,IA,2002,0.0
MO,IA,2003,0.0
MO,IA,2004,0.0
MO,IA,2005,0.0
MO,IA,2006,0.0
MO,IA,2007,0.0
MO,IA,2008,0.0
MO,IA,2009,0.0
MO,IA,2010,0.0
MO,IA,2011,0.0
MO,IA,2012,0.0
MO,IA,2013,0.0
MO,IA,2014,0.0
MO,IA,2015,0.0
MO,IA,2016,0.0
MO,IA,2017,0.0
MO,IA,2018,0.0
MO,IA,2019,0.0
MO,IA,2020,0.0
MO,IA,2021,0.0
MO,IA,2022,0.0
MO,IL,1990,4022523.0
MO,IL,1994,215696.0
MO,IL,1995,0.0
MO,IL,1996,0.0
MO,IL,1997,0.0
MO,IL,1998,0.0
MO,IL,1999,0.0
MO,IL,2000,0.0
MO,IL,2001,0.0
MO,IL,2002,0.0
MO,IL,2003,0.0
MO,IL,2004,0.0
MO,IL,2005,0.0
MO,IL,2006,0.0
MO,IL,2007,0.0
MO,IL,2008,0.0
MO,IL,2009,1866600.0
MO,IL,2010,0.0
MO,IL,2011,0.0
MO,IL,2012,0.0
MO,IL,2013,0.0
MO,IL,2014,0.0
MO,IL,2015,0.0
MO,IL,2016,0.0
MO,IL,2017,0.0
MO,IL,2018,0.0
MO,IL,2019,0.0
MO,IL,2020,0.0
MO,IL,2021,0.0
MO,IL,2022,0.0
MS,AL,1990,11289819.0
MS,AL,1994,573461.0
MS,AL,1995,496723.0
MS,AL,1996,57035.0
MS,AL,1997,150365.0
MS,AL,1998,0.0
MS,AL,1999,0.0
MS,AL,2000,0.0
MS,AL,2001,82960.0
MS,AL,2002,692716.0
MS,AL,2003,910486.0
MS,AL,2004,173179.0
MS,AL,2005,0.0
MS,AL,2006,0.0
MS,AL,2007,0.0
MS,AL,2008,3678239.0
MS,AL,2009,1589721.0
MS,AL,2010,0.0
MS,AL,2011,129625.0
MS,AL,2012,129625.0
MS,AL,2013,0.0
MS,AL,2014,529907.0
MS,AL,2015,46665.0
MS,AL,2016,0.0
MS,AL,2017,0.0
MS,AL,2018,71553.0
MS,AL,2019,0.0
MS,AL,2020,0.0
MS,AL,2021,306952.0
MS,AL,2022,285175.0
MS,AR,2015,777750.0
MS,AR,2016,786046.0
MS,AR,2017,2479467.0
MS,AR,2018,0.0
MS,AR,2019,0.0
MS,AR,2020,0.0
MS,AR,2021,0.0
MS,AR,2022,171105.0
MS,LA,1990,394060.0
MS,LA,1994,0.0
MS,LA,1995,0.0
MS,LA,1996,0.0
MS,LA,1997,0.0
MS,LA,1998,0.0
MS,LA,1999,0.0
MS,LA,2000,0.0
MS,LA,2001,0.0
MS,LA,2002,0.0
MS,LA,2003,0.0
MS,LA,2004,0.0
MS,LA,2005,0.0
MS,LA,2006,0.0
MS,LA,2007,0.0
MS,LA,2008,0.0
MS,LA,2009,0.0
MS,LA,2010,0.0
MS,LA,2011,0.0
MS,LA,2012,0.0
MS,LA,2013,559980.0
MS,LA,2014,570350.0
MS,LA,2015,838933.0
MS,LA,2016,579683.0
MS,LA,2017,2257549.0
MS,LA,2018,0.0
MS,LA,2019,783972.0
MS,LA,2020,77775.0
MS,LA,2021,306952.0
MS,LA,2022,511241.0
MS,TN,1990,9792391.0
MS,TN,1994,311100.0
MS,TN,1995,0.0
MS,TN,1996,0.0
MS,TN,1997,0.0
MS,TN,1998,0.0
MS,TN,1999,318359.0
MS,TN,2000,243695.0
MS,TN,2001,0.0
MS,TN,2002,0.0
MS,TN,2003,0.0
MS,TN,2004,0.0
MS,TN,2005,0.0
MS,TN,2006,0.0
MS,TN,2007,0.0
MS,TN,2008,0.0
MS,TN,2009,0.0
MS,TN,2010,0.0
MS,TN,2011,0.0
MS,TN,2012,0.0
MS,TN,2013,0.0
MS,TN,2014,0.0
MS,TN,2015,0.0
MS,TN,2016,0.0
MS,TN,2017,0.0
MS,TN,2018,0.0
MS,TN,2019,0.0
MS,TN,2020,0.0
MS,TN,2021,0.0
MS,TN,2022,0.0
MT,ND,1990,1247511.0
MT,ND,1994,603534.0
MT,ND,1995,0.0
MT,ND,1996,0.0
MT,ND,1997,0.0
MT,ND,1998,725900.0
MT,ND,1999,0.0
MT,ND,2000,0.0
MT,ND,2001,0.0
MT,ND,2002,0.0
MT,ND,2003,82960.0
MT,ND,2004,0.0
MT,ND,2005,0.0
MT,ND,2006,0.0
MT,ND,2007,42517.0
MT,ND,2008,42517.0
MT,ND,2009,77775.0
MT,ND,2010,0.0
MT,ND,2011,494649.0
MT,ND,2012,0.0
MT,ND,2013,0.0
MT,ND,2014,0.0
MT,ND,2015,0.0
MT,ND,2016,0.0
MT,ND,2017,0.0
MT,ND,2018,0.0
MT,ND,2019,0.0
MT,ND,2020,0.0
MT,ND,2021,0.0
MT,ND,2022,0.0
MT,WY,1990,182512.0
MT,WY,1994,0.0
MT,WY,1995,0.0
MT,WY,1996,0.0
MT,WY,1997,0.0
MT,WY,1998,61183.0
MT,WY,1999,0.0
MT,WY,2000,41480.0
MT,WY,2001,0.0
MT,WY,2002,0.0
MT,WY,2003,0.0
MT,WY,2004,0.0
MT,WY,2005,0.0
MT,WY,2006,0.0
MT,WY,2007,0.0
MT,WY,2008,0.0
MT,WY,2009,0.0
MT,WY,2010,0.0
MT,WY,2011,0.0
MT,WY,2012,0.0
MT,WY,2013,0.0
MT,WY,2014,0.0
MT,WY,2015,0.0
MT,WY,2016,0.0
MT,WY,2017,0.0
MT,WY,2018,0.0
MT,WY,2019,0.0
MT,WY,2020,0.0
MT,WY,2021,0.0
MT,WY,2022,97478.0
NC,SC,2015,544425.0
NC,SC,2016,0.0
NC,SC,2017,466650.0
NC,SC,2018,751825.0
NC,SC,2019,0.0
NC,SC,2020,0.0
NC,SC,2021,306952.0
NC,SC,2022,0.0
NC,VA,1990,2511614.0
NC,VA,1994,51850.0
NC,VA,1995,119255.0
NC,VA,1996,0.0
NC,VA,1997,0.0
NC,VA,1998,0.0
NC,VA,1999,0.0
NC,VA,2000,0.0
NC,VA,2001,0.0
NC,VA,2002,238510.0
NC,VA,2003,0.0
NC,VA,2004,54961.0
NC,VA,2005,0.0
NC,VA,2006,0.0
NC,VA,2007,171105.0
NC,VA,2008,0.0
NC,VA,2009,0.0
NC,VA,2010,0.0
NC,VA,2011,0.0
NC,VA,2012,0.0
NC,VA,2013,0.0
NC,VA,2014,0.0
NC,VA,2015,0.0
NC,VA,2016,0.0
NC,VA,2017,0.0
NC,VA,2018,0.0
NC,VA,2019,0.0
NC,VA,2020,0.0
NC,VA,2021,306952.0
NC,VA,2022,0.0
ND,MN,1990,0.0
ND,MN,1994,0.0
ND,MN,1995,0.0
ND,MN,1996,0.0
ND,MN,1997,0.0
ND,MN,1998,0.0
ND,MN,1999,0.0
ND,MN,2000,1692384.0
ND,MN,2001,0.0
ND,MN,2002,174216.0
ND,MN,2003,0.0
ND,MN,2004,0.0
ND,MN,2005,77775.0
ND,MN,2006,0.0
ND,MN,2007,0.0
ND,MN,2008,0.0
ND,MN,2009,0.0
ND,MN,2010,0.0
ND,MN,2011,0.0
ND,MN,2012,0.0
ND,MN,2013,0.0
ND,MN,2014,0.0
ND,MN,2015,0.0
ND,MN,2016,0.0
ND,MN,2017,0.0
ND,MN,2018,0.0
ND,MN,2019,0.0
ND,MN,2020,0.0
ND,MN,2021,0.0
ND,MN,2022,0.0
ND,MT,1990,236436.0
ND,MT,1994,41480.0
ND,MT,1995,0.0
ND,MT,1996,0.0
ND,MT,1997,0.0
ND,MT,1998,0.0
ND,MT,1999,0.0
ND,MT,2000,0.0
ND,MT,2001,0.0
ND,MT,2002,0.0
ND,MT,2003,0.0
ND,MT,2004,0.0
ND,MT,2005,0.0
ND,MT,2006,0.0
ND,MT,2007,0.0
ND,MT,2008,0.0
ND,MT,2009,0.0
ND,MT,2010,0.0
ND,MT,2011,0.0
ND,MT,2012,0.0
ND,MT,2013,0.0
ND,MT,2014,0.0
ND,MT,2015,0.0
ND,MT,2016,0.0
ND,MT,2017,0.0
ND,MT,2018,0.0
ND,MT,2019,0.0
ND,MT,2020,0.0
ND,MT,2021,0.0
ND,MT,2022,97478.0
ND,SD,1990,1312842.0
ND,SD,1994,480131.0
ND,SD,1995,0.0
ND,SD,1996,0.0
ND,SD,1997,0.0
ND,SD,1998,725900.0
ND,SD,1999,0.0
ND,SD,2000,0.0
ND,SD,2001,0.0
ND,SD,2002,0.0
ND,SD,2003,0.0
ND,SD,2004,0.0
ND,SD,2005,0.0
ND,SD,2006,0.0
ND,SD,2007,0.0
ND,SD,2008,0.0
ND,SD,2009,0.0
ND,SD,2010,0.0
ND,SD,2011,0.0
ND,SD,2012,0.0
ND,SD,2013,0.0
ND,SD,2014,0.0
ND,SD,2015,0.0
ND,SD,2016,0.0
ND,SD,2017,0.0
ND,SD,2018,0.0
ND,SD,2019,0.0
ND,SD,2020,0.0
ND,SD,2021,0.0
ND,SD,2022,0.0
NE,CO,1990,442280.5
NE,CO,1994,59109.0
NE,CO,1995,0.0
NE,CO,1996,0.0
NE,CO,1997,373320.0
NE,CO,1998,0.0
NE,CO,1999,0.0
NE,CO,2000,0.0
NE,CO,2001,0.0
NE,CO,2002,335988.0
NE,CO,2003,0.0
NE,CO,2004,0.0
NE,CO,2005,0.0
NE,CO,2006,0.0
NE,CO,2007,0.0
NE,CO,2008,1555500.0
NE,CO,2009,311618.5
NE,CO,2010,0.0
NE,CO,2011,0.0
NE,CO,2012,0.0
NE,CO,2013,0.0
NE,CO,2014,0.0
NE,CO,2015,0.0
NE,CO,2016,0.0
NE,CO,2017,0.0
NE,CO,2018,0.0
NE,CO,2019,0.0
NE,CO,2020,0.0
NE,CO,2021,0.0
NE,CO,2022,0.0
NE,IA,1990,3322548.0
NE,IA,1994,0.0
NE,IA,1995,0.0
NE,IA,1996,0.0
NE,IA,1997,0.0
NE,IA,1998,0.0
NE,IA,1999,0.0
NE,IA,2000,0.0
NE,IA,2001,0.0
NE,IA,2002,93330.0
NE,IA,2003,0.0
NE,IA,2004,0.0
NE,IA,2005,0.0
NE,IA,2006,0.0
NE,IA,2007,8296.0
NE,IA,2008,0.0
NE,IA,2009,0.0
NE,IA,2010,0.0
NE,IA,2011,0.0
NE,IA,2012,0.0
NE,IA,2013,0.0
NE,IA,2014,0.0
NE,IA,2015,0.0
NE,IA,2016,0.0
NE,IA,2017,0.0
NE,IA,2018,0.0
NE,IA,2019,0.0
NE,IA,2020,0.0
NE,IA,2021,0.0
NE,IA,2022,0.0
NE,KS,1990,41480.0
NE,KS,1994,0.0
NE,KS,1995,0.0
NE,KS,1996,0.0
NE,KS,1997,264435.0
NE,KS,1998,0.0
NE,KS,1999,0.0
NE,KS,2000,0.0
NE,KS,2001,0.0
NE,KS,2002,0.0
NE,KS,2003,0.0
NE,KS,2004,0.0
NE,KS,2005,0.0
NE,KS,2006,0.0
NE,KS,2007,0.0
NE,KS,2008,1555500.0
NE,KS,2009,311100.0
NE,KS,2010,0.0
NE,KS,2011,0.0
NE,KS,2012,0.0
NE,KS,2013,0.0
NE,KS,2014,0.0
NE,KS,2015,0.0
NE,KS,2016,0.0
NE,KS,2017,0.0
NE,KS,2018,0.0
NE,KS,2019,0.0
NE,KS,2020,0.0
NE,KS,2021,0.0
NE,KS,2022,0.0
NE,MO,1990,632570.0
NE,MO,1994,86071.0
NE,MO,1995,0.0
NE,MO,1996,0.0
NE,MO,1997,0.0
NE,MO,1998,0.0
NE,MO,1999,0.0
NE,MO,2000,0.0
NE,MO,2001,0.0
NE,MO,2002,0.0
NE,MO,2003,0.0
NE,MO,2004,0.0
NE,MO,2005,0.0
NE,MO,2006,0.0
NE,MO,2007,0.0
NE,MO,2008,0.0
NE,MO,2009,0.0
NE,MO,2010,0.0
NE,MO,2011,0.0
NE,MO,2012,0.0
NE,MO,2013,0.0
NE,MO,2014,0.0
NE,MO,2015,0.0
NE,MO,2016,0.0
NE,MO,2017,0.0
NE,MO,2018,0.0
NE,MO,2019,0.0
NE,MO,2020,0.0
NE,MO,2021,0.0
NE,MO,2022,0.0
NE,SD,1990,129625.0
NE,SD,1994,0.0
NE,SD,1995,0.0
NE,SD,1996,0.0
NE,SD,1997,0.0
NE,SD,1998,0.0
NE,SD,1999,0.0
NE,SD,2000,0.0
NE,SD,2001,0.0
NE,SD,2002,0.0
NE,SD,2003,0.0
NE,SD,2004,0.0
NE,SD,2005,0.0
NE,SD,2006,0.0
NE,SD,2007,0.0
NE,SD,2008,0.0
NE,SD,2009,0.0
NE,SD,2010,0.0
NE,SD,2011,0.0
NE,SD,2012,0.0
NE,SD,2013,0.0
NE,SD,2014,0.0
NE,SD,2015,0.0
NE,SD,2016,0.0
NE,SD,2017,0.0
NE,SD,2018,0.0
NE,SD,2019,0.0
NE,SD,2020,0.0
NE,SD,2021,0.0
NE,SD,2022,0.0
NH,MA,1990,0.0
NH,MA,1994,0.0
NH,MA,1995,0.0
NH,MA,1996,0.0
NH,MA,1997,0.0
NH,MA,1998,0.0
NH,MA,1999,609756.0
NH,MA,2000,0.0
NH,MA,2001,41480.0
NH,MA,2002,0.0
NH,MA,2003,0.0
NH,MA,2004,0.0
NH,MA,2005,0.0
NH,MA,2006,0.0
NH,MA,2007,0.0
NH,MA,2008,0.0
NH,MA,2009,212585.0
NH,MA,2010,0.0
NH,MA,2011,0.0
NH,MA,2012,0.0
NH,MA,2013,0.0
NH,MA,2014,0.0
NH,MA,2015,0.0
NH,MA,2016,0.0
NH,MA,2017,0.0
NH,MA,2018,2074.0
NH,MA,2019,11407.0
NH,MA,2020,0.0
NH,MA,2021,0.0
NH,MA,2022,0.0
NH,ME,1990,24888.0
NH,ME,1994,39406.0
NH,ME,1995,0.0
NH,ME,1996,0.0
NH,ME,1997,0.0
NH,ME,1998,0.0
NH,ME,1999,152439.0
NH,ME,2000,0.0
NH,ME,2001,0.0
NH,ME,2002,39406.0
NH,ME,2003,0.0
NH,ME,2004,0.0
NH,ME,2005,0.0
NH,ME,2006,0.0
NH,ME,2007,0.0
NH,ME,2008,0.0
NH,ME,2009,0.0
NH,ME,2010,0.0
NH,ME,2011,0.0
NH,ME,2012,0.0
NH,ME,2013,0.0
NH,ME,2014,0.0
NH,ME,2015,0.0
NH,ME,2016,0.0
NH,ME,2017,60146.0
NH,ME,2018,52887.0
NH,ME,2019,43554.0
NH,ME,2020,24888.0
NH,ME,2021,971669.0
NH,ME,2022,0.0
NJ,NY,1990,3008337.0
NJ,NY,1994,159698.0
NJ,NY,1995,0.0
NJ,NY,1996,0.0
NJ,NY,1997,0.0
NJ,NY,1998,0.0
NJ,NY,1999,0.0
NJ,NY,2000,0.0
NJ,NY,2001,311100.0
NJ,NY,2002,262361.0
NJ,NY,2003,0.0
NJ,NY,2004,0.0
NJ,NY,2005,0.0
NJ,NY,2006,0.0
NJ,NY,2007,103700.0
NJ,NY,2008,0.0
NJ,NY,2009,0.0
NJ,NY,2010,0.0
NJ,NY,2011,0.0
NJ,NY,2012,0.0
NJ,NY,2013,829600.0
NJ,NY,2014,103700.0
NJ,NY,2015,0.0
NJ,NY,2016,354654.0
NJ,NY,2017,160735.0
NJ,NY,2018,0.0
NJ,NY,2019,0.0
NJ,NY,2020,0.0
NJ,NY,2021,96441.0
NJ,NY,2022,0.0
NJ,PA,1990,1814750.0
NJ,PA,1994,155550.0
NJ,PA,1995,0.0
NJ,PA,1996,0.0
NJ,PA,1997,0.0
NJ,PA,1998,0.0
NJ,PA,1999,0.0
NJ,PA,2000,0.0
NJ,PA,2001,0.0
NJ,PA,2002,0.0
NJ,PA,2003,21777.0
NJ,PA,2004,0.0
NJ,PA,2005,0.0
NJ,PA,2006,0.0
NJ,PA,2007,0.0
NJ,PA,2008,0.0
NJ,PA,2009,0.0
NJ,PA,2010,0.0
NJ,PA,2011,0.0
NJ,PA,2012,0.0
NJ,PA,2013,0.0
NJ,PA,2014,0.0
NJ,PA,2015,0.0
NJ,PA,2016,0.0
NJ,PA,2017,0.0
NJ,PA,2018,0.0
NJ,PA,2019,0.0
NJ,PA,2020,0.0
NJ,PA,2021,0.0
NJ,PA,2022,0.0
NM,AZ,1990,4221627.0
NM,AZ,1994,1196698.0
NM,AZ,1995,0.0
NM,AZ,1996,0.0
NM,AZ,1997,0.0
NM,AZ,1998,0.0
NM,AZ,1999,0.0
NM,AZ,2000,141032.0
NM,AZ,2001,0.0
NM,AZ,2002,328729.0
NM,AZ,2003,0.0
NM,AZ,2004,331840.0
NM,AZ,2005,0.0
NM,AZ,2006,0.0
NM,AZ,2007,0.0
NM,AZ,2008,0.0
NM,AZ,2009,0.0
NM,AZ,2010,0.0
NM,AZ,2011,0.0
NM,AZ,2012,0.0
NM,AZ,2013,0.0
NM,AZ,2014,0.0
NM,AZ,2015,0.0
NM,AZ,2016,0.0
NM,AZ,2017,0.0
NM,AZ,2018,188734.0
NM,AZ,2019,0.0
NM,AZ,2020,248880.0
NM,AZ,2021,0.0
NM,AZ,2022,0.0
NM,CO,1990,0.0
NM,CO,1994,0.0
NM,CO,1995,0.0
NM,CO,1996,0.0
NM,CO,1997,0.0
NM,CO,1998,0.0
NM,CO,1999,0.0
NM,CO,2000,0.0
NM,CO,2001,0.0
NM,CO,2002,0.0
NM,CO,2003,0.0
NM,CO,2004,0.0
NM,CO,2005,0.0
NM,CO,2006,0.0
NM,CO,2007,259250.0
NM,CO,2008,0.0
NM,CO,2009,0.0
NM,CO,2010,0.0
NM,CO,2011,0.0
NM,CO,2012,0.0
NM,CO,2013,0.0
NM,CO,2014,0.0
NM,CO,2015,0.0
NM,CO,2016,0.0
NM,CO,2017,0.0
NM,CO,2018,0.0
NM,CO,2019,0.0
NM,CO,2020,0.0
NM,CO,2021,0.0
NM,CO,2022,0.0
NM,TX,1990,2192218.0
NM,TX,1994,282064.0
NM,TX,1995,0.0
NM,TX,1996,0.0
NM,TX,1997,0.0
NM,TX,1998,0.0
NM,TX,1999,0.0
NM,TX,2000,0.0
NM,TX,2001,0.0
NM,TX,2002,0.0
NM,TX,2003,0.0
NM,TX,2004,10370.0
NM,TX,2005,0.0
NM,TX,2006,0.0
NM,TX,2007,0.0
NM,TX,2008,0.0
NM,TX,2009,0.0
NM,TX,2010,0.0
NM,TX,2011,0.0
NM,TX,2012,0.0
NM,TX,2013,0.0
NM,TX,2014,0.0
NM,TX,2015,0.0
NM,TX,2016,0.0
NM,TX,2017,0.0
NM,TX,2018,0.0
NM,TX,2019,0.0
NM,TX,2020,414800.0
NM,TX,2021,1564833.0
NM,TX,2022,0.0
NV,CA,1990,21777.0
NV,CA,1994,735233.0
NV,CA,1995,0.0
NV,CA,1996,0.0
NV,CA,1997,13481.0
NV,CA,1998,0.0
NV,CA,1999,0.0
NV,CA,2000,0.0
NV,CA,2001,139995.0
NV,CA,2002,0.0
NV,CA,2003,933300.0
NV,CA,2004,0.0
NV,CA,2005,0.0
NV,CA,2006,0.0
NV,CA,2007,0.0
NV,CA,2008,0.0
NV,CA,2009,0.0
NV,CA,2010,150365.0
NV,CA,2011,275842.0
NV,CA,2012,0.0
NV,CA,2013,0.0
NV,CA,2014,0.0
NV,CA,2015,0.0
NV,CA,2016,0.0
NV,CA,2017,0.0
NV,CA,2018,0.0
NV,CA,2019,0.0
NV,CA,2020,0.0
NV,CA,2021,0.0
NV,CA,2022,0.0
NV,OR,1990,0.0
NV,OR,1994,0.0
NV,OR,1995,0.0
NV,OR,1996,0.0
NV,OR,1997,0.0
NV,OR,1998,0.0
NV,OR,1999,0.0
NV,OR,2000,0.0
NV,OR,2001,0.0
NV,OR,2002,0.0
NV,OR,2003,0.0
NV,OR,2004,0.0
NV,OR,2005,0.0
NV,OR,2006,0.0
NV,OR,2007,0.0
NV,OR,2008,0.0
NV,OR,2009,0.0
NV,OR,2010,0.0
NV,OR,2011,1555500.0
NV,OR,2012,0.0
NV,OR,2013,0.0
NV,OR,2014,0.0
NV,OR,2015,0.0
NV,OR,2016,0.0
NV,OR,2017,0.0
NV,OR,2018,0.0
NV,OR,2019,0.0
NV,OR,2020,0.0
NV,OR,2021,0.0
NV,OR,2022,0.0
NY,CT,1990,1088850.0
NY,CT,1994,469761.0
NY,CT,1995,70516.0
NY,CT,1996,0.0
NY,CT,1997,0.0
NY,CT,1998,36295.0
NY,CT,1999,30073.0
NY,CT,2000,15555.0
NY,CT,2001,13481.0
NY,CT,2002,62220.0
NY,CT,2003,0.0
NY,CT,2004,238510.0
NY,CT,2005,0.0
NY,CT,2006,0.0
NY,CT,2007,0.0
NY,CT,2008,433466.0
NY,CT,2009,0.0
NY,CT,2010,0.0
NY,CT,2011,0.0
NY,CT,2012,0.0
NY,CT,2013,0.0
NY,CT,2014,0.0
NY,CT,2015,0.0
NY,CT,2016,354654.0
NY,CT,2017,116144.0
NY,CT,2018,0.0
NY,CT,2019,0.0
NY,CT,2020,0.0
NY,CT,2021,96441.0
NY,CT,2022,0.0
NY,MA,1990,777750.0
NY,MA,1994,320433.0
NY,MA,1995,0.0
NY,MA,1996,0.0
NY,MA,1997,0.0
NY,MA,1998,0.0
NY,MA,1999,0.0
NY,MA,2000,0.0
NY,MA,2001,0.0
NY,MA,2002,0.0
NY,MA,2003,0.0
NY,MA,2004,0.0
NY,MA,2005,0.0
NY,MA,2006,0.0
NY,MA,2007,114070.0
NY,MA,2008,0.0
NY,MA,2009,0.0
NY,MA,2010,0.0
NY,MA,2011,0.0
NY,MA,2012,0.0
NY,MA,2013,0.0
NY,MA,2014,0.0
NY,MA,2015,0.0
NY,MA,2016,0.0
NY,MA,2017,0.0
NY,MA,2018,0.0
NY,MA,2019,0.0
NY,MA,2020,0.0
NY,MA,2021,0.0
NY,MA,2022,0.0
NY,NJ,2010,285175.0
NY,NJ,2011,0.0
NY,NJ,2012,0.0
NY,NJ,2013,0.0
NY,NJ,2014,0.0
NY,NJ,2015,0.0
NY,NJ,2016,0.0
NY,NJ,2017,0.0
NY,NJ,2018,0.0
NY,NJ,2019,0.0
NY,NJ,2020,0.0
NY,NJ,2021,0.0
NY,NJ,2022,0.0
NY,PA,1990,531981.0
NY,PA,1994,141032.0
NY,PA,1995,0.0
NY,PA,1996,0.0
NY,PA,1997,25925.0
NY,PA,1998,22814.0
NY,PA,1999,0.0
NY,PA,2000,0.0
NY,PA,2001,0.0
NY,PA,2002,0.0
NY,PA,2003,0.0
NY,PA,2004,0.0
NY,PA,2005,0.0
NY,PA,2006,505019.0
NY,PA,2007,0.0
NY,PA,2008,0.0
NY,PA,2009,0.0
NY,PA,2010,0.0
NY,PA,2011,337025.0
NY,PA,2012,0.0
NY,PA,2013,0.0
NY,PA,2014,0.0
NY,PA,2015,0.0
NY,PA,2016,0.0
NY,PA,2017,0.0
NY,PA,2018,0.0
NY,PA,2019,0.0
NY,PA,2020,0.0
NY,PA,2021,0.0
NY,PA,2022,0.0
OH,IN,1990,485316.0
OH,IN,1994,0.0
OH,IN,1995,0.0
OH,IN,1996,0.0
OH,IN,1997,0.0
OH,IN,1998,0.0
OH,IN,1999,0.0
OH,IN,2000,0.0
OH,IN,2001,0.0
OH,IN,2002,0.0
OH,IN,2003,0.0
OH,IN,2004,0.0
OH,IN,2005,0.0
OH,IN,2006,0.0
OH,IN,2007,0.0
OH,IN,2008,0.0
OH,IN,2009,0.0
OH,IN,2010,0.0
OH,IN,2011,0.0
OH,IN,2012,0.0
OH,IN,2013,0.0
OH,IN,2014,0.0
OH,IN,2015,1824083.0
OH,IN,2016,1615646.0
OH,IN,2017,1374025.0
OH,IN,2018,362950.0
OH,IN,2019,0.0
OH,IN,2020,0.0
OH,IN,2021,0.0
OH,IN,2022,171105.0
OH,KY,1990,227103.0
OH,KY,1994,0.0
OH,KY,1995,0.0
OH,KY,1996,0.0
OH,KY,1997,0.0
OH,KY,1998,0.0
OH,KY,1999,0.0
OH,KY,2000,0.0
OH,KY,2001,0.0
OH,KY,2002,0.0
OH,KY,2003,0.0
OH,KY,2004,0.0
OH,KY,2005,0.0
OH,KY,2006,0.0
OH,KY,2007,0.0
OH,KY,2008,0.0
OH,KY,2009,1842749.0
OH,KY,2010,0.0
OH,KY,2011,0.0
OH,KY,2012,0.0
OH,KY,2013,0.0
OH,KY,2014,0.0
OH,KY,2015,1270325.0
OH,KY,2016,371246.0
OH,KY,2017,688568.0
OH,KY,2018,0.0
OH,KY,2019,0.0
OH,KY,2020,0.0
OH,KY,2021,0.0
OH,KY,2022,0.0
OH,MI,1990,1962004.0
OH,MI,1994,0.0
OH,MI,1995,0.0
OH,MI,1996,0.0
OH,MI,1997,0.0
OH,MI,1998,0.0
OH,MI,1999,0.0
OH,MI,2000,0.0
OH,MI,2001,0.0
OH,MI,2002,0.0
OH,MI,2003,0.0
OH,MI,2004,0.0
OH,MI,2005,0.0
OH,MI,2006,0.0
OH,MI,2007,0.0
OH,MI,2008,0.0
OH,MI,2009,0.0
OH,MI,2010,0.0
OH,MI,2011,0.0
OH,MI,2012,0.0
OH,MI,2013,0.0
OH,MI,2014,0.0
OH,MI,2015,0.0
OH,MI,2016,0.0
OH,MI,2017,0.0
OH,MI,2018,3111000.0
OH,MI,2019,0.0
OH,MI,2020,124440.0
OH,MI,2021,0.0
OH,MI,2022,0.0
OH,PA,1990,2221254.0
OH,PA,1994,0.0
OH,PA,1995,0.0
OH,PA,1996,0.0
OH,PA,1997,0.0
OH,PA,1998,0.0
OH,PA,1999,0.0
OH,PA,2000,0.0
OH,PA,2001,0.0
OH,PA,2002,0.0
OH,PA,2003,0.0
OH,PA,2004,0.0
OH,PA,2005,0.0
OH,PA,2006,0.0
OH,PA,2007,0.0
OH,PA,2008,0.0
OH,PA,2009,0.0
OH,PA,2010,0.0
OH,PA,2011,0.0
OH,PA,2012,0.0
OH,PA,2013,0.0
OH,PA,2014,0.0
OH,PA,2015,0.0
OH,PA,2016,0.0
OH,PA,2017,0.0
OH,PA,2018,0.0
OH,PA,2019,0.0
OH,PA,2020,0.0
OH,PA,2021,0.0
OH,PA,2022,0.0
OH,WV,1990,2542724.0
OH,WV,1994,242658.0
OH,WV,1995,45628.0
OH,WV,1996,25925.0
OH,WV,1997,0.0
OH,WV,1998,0.0
OH,WV,1999,0.0
OH,WV,2000,0.0
OH,WV,2001,0.0
OH,WV,2002,0.0
OH,WV,2003,0.0
OH,WV,2004,0.0
OH,WV,2005,0.0
OH,WV,2006,0.0
OH,WV,2007,0.0
OH,WV,2008,155550.0
OH,WV,2009,155550.0
OH,WV,2010,155550.0
OH,WV,2011,155550.0
OH,WV,2012,0.0
OH,WV,2013,0.0
OH,WV,2014,0.0
OH,WV,2015,0.0
OH,WV,2016,0.0
OH,WV,2017,0.0
OH,WV,2018,1555500.0
OH,WV,2019,0.0
OH,WV,2020,0.0
OH,WV,2021,0.0
OH,WV,2022,0.0
OK,AR,1990,1910154.0
OK,AR,1994,0.0
OK,AR,1995,0.0
OK,AR,1996,0.0
OK,AR,1997,0.0
OK,AR,1998,0.0
OK,AR,1999,165920.0
OK,AR,2000,0.0
OK,AR,2001,0.0
OK,AR,2002,0.0
OK,AR,2003,0.0
OK,AR,2004,0.0
OK,AR,2005,0.0
OK,AR,2006,25925.0
OK,AR,2007,0.0
OK,AR,2008,0.0
OK,AR,2009,136884.0
OK,AR,2010,0.0
OK,AR,2011,0.0
OK,AR,2012,0.0
OK,AR,2013,0.0
OK,AR,2014,0.0
OK,AR,2015,0.0
OK,AR,2016,0.0
OK,AR,2017,0.0
OK,AR,2018,0.0
OK,AR,2019,0.0
OK,AR,2020,0.0
OK,AR,2021,0.0
OK,AR,2022,0.0
OK,CO,1990,207400.0
OK,CO,1994,0.0
OK,CO,1995,0.0
OK,CO,1996,0.0
OK,CO,1997,0.0
OK,CO,1998,0.0
OK,CO,1999,0.0
OK,CO,2000,0.0
OK,CO,2001,0.0
OK,CO,2002,0.0
OK,CO,2003,0.0
OK,CO,2004,0.0
OK,CO,2005,0.0
OK,CO,2006,0.0
OK,CO,2007,0.0
OK,CO,2008,0.0
OK,CO,2009,0.0
OK,CO,2010,0.0
OK,CO,2011,0.0
OK,CO,2012,0.0
OK,CO,2013,0.0
OK,CO,2014,0.0
OK,CO,2015,0.0
OK,CO,2016,0.0
OK,CO,2017,0.0
OK,CO,2018,0.0
OK,CO,2019,0.0
OK,CO,2020,0.0
OK,CO,2021,0.0
OK,CO,2022,0.0
OK,KS,1990,6323626.0
OK,KS,1994,0.0
OK,KS,1995,0.0
OK,KS,1996,0.0
OK,KS,1997,0.0
OK,KS,1998,0.0
OK,KS,1999,0.0
OK,KS,2000,0.0
OK,KS,2001,0.0
OK,KS,2002,0.0
OK,KS,2003,0.0
OK,KS,2004,0.0
OK,KS,2005,0.0
OK,KS,2006,0.0
OK,KS,2007,0.0
OK,KS,2008,51850.0
OK,KS,2009,0.0
OK,KS,2010,0.0
OK,KS,2011,0.0
OK,KS,2012,0.0
OK,KS,2013,0.0
OK,KS,2014,0.0
OK,KS,2015,0.0
OK,KS,2016,0.0
OK,KS,2017,0.0
OK,KS,2018,0.0
OK,KS,2019,0.0
OK,KS,2020,0.0
OK,KS,2021,0.0
OK,KS,2022,0.0
OK,MO,1990,48739.0
OK,MO,1994,0.0
OK,MO,1995,0.0
OK,MO,1996,0.0
OK,MO,1997,0.0
OK,MO,1998,0.0
OK,MO,1999,8296.0
OK,MO,2000,0.0
OK,MO,2001,0.0
OK,MO,2002,0.0
OK,MO,2003,0.0
OK,MO,2004,0.0
OK,MO,2005,0.0
OK,MO,2006,25925.0
OK,MO,2007,0.0
OK,MO,2008,0.0
OK,MO,2009,0.0
OK,MO,2010,0.0
OK,MO,2011,0.0
OK,MO,2012,0.0
OK,MO,2013,0.0
OK,MO,2014,0.0
OK,MO,2015,0.0
OK,MO,2016,0.0
OK,MO,2017,0.0
OK,MO,2018,0.0
OK,MO,2019,0.0
OK,MO,2020,0.0
OK,MO,2021,0.0
OK,MO,2022,0.0
OK,TX,1990,2136220.0
OK,TX,1994,1122034.0
OK,TX,1995,0.0
OK,TX,1996,0.0
OK,TX,1997,0.0
OK,TX,1998,0.0
OK,TX,1999,31110.0
OK,TX,2000,0.0
OK,TX,2001,87108.0
OK,TX,2002,0.0
OK,TX,2003,0.0
OK,TX,2004,0.0
OK,TX,2005,75701.0
OK,TX,2006,0.0
OK,TX,2007,0.0
OK,TX,2008,0.0
OK,TX,2009,3379583.0
OK,TX,2010,311100.0
OK,TX,2011,0.0
OK,TX,2012,0.0
OK,TX,2013,0.0
OK,TX,2014,0.0
OK,TX,2015,0.0
OK,TX,2016,0.0
OK,TX,2017,0.0
OK,TX,2018,414800.0
OK,TX,2019,0.0
OK,TX,2020,0.0
OK,TX,2021,0.0
OK,TX,2022,0.0
OR,CA,1990,1171810.0
OR,CA,1994,684420.0
OR,CA,1995,114070.0
OR,CA,1996,0.0
OR,CA,1997,0.0
OR,CA,1998,76738.0
OR,CA,1999,0.0
OR,CA,2000,20740.0
OR,CA,2001,0.0
OR,CA,2002,270657.0
OR,CA,2003,0.0
OR,CA,2004,0.0
OR,CA,2005,0.0
OR,CA,2006,0.0
OR,CA,2007,0.0
OR,CA,2008,0.0
OR,CA,2009,0.0
OR,CA,2010,0.0
OR,CA,2011,0.0
OR,CA,2012,0.0
OR,CA,2013,0.0
OR,CA,2014,0.0
OR,CA,2015,0.0
OR,CA,2016,0.0
OR,CA,2017,0.0
OR,CA,2018,0.0
OR,CA,2019,0.0
OR,CA,2020,0.0
OR,CA,2021,15555.0
OR,CA,2022,0.0
OR,ID,1990,457317.0
OR,ID,1994,31110.0
OR,ID,1995,10370.0
OR,ID,1996,0.0
OR,ID,1997,0.0
OR,ID,1998,0.0
OR,ID,1999,0.0
OR,ID,2000,0.0
OR,ID,2001,0.0
OR,ID,2002,0.0
OR,ID,2003,0.0
OR,ID,2004,0.0
OR,ID,2005,0.0
OR,ID,2006,0.0
OR,ID,2007,0.0
OR,ID,2008,0.0
OR,ID,2009,0.0
OR,ID,2010,0.0
OR,ID,2011,0.0
OR,ID,2012,0.0
OR,ID,2013,0.0
OR,ID,2014,0.0
OR,ID,2015,0.0
OR,ID,2016,0.0
OR,ID,2017,0.0
OR,ID,2018,0.0
OR,ID,2019,0.0
OR,ID,2020,0.0
OR,ID,2021,0.0
OR,ID,2022,0.0
OR,WA,1990,494649.0
OR,WA,1994,186660.0
OR,WA,1995,0.0
OR,WA,1996,0.0
OR,WA,1997,0.0
OR,WA,1998,0.0
OR,WA,1999,52887.0
OR,WA,2000,0.0
OR,WA,2001,0.0
OR,WA,2002,0.0
OR,WA,2003,181475.0
OR,WA,2004,0.0
OR,WA,2005,0.0
OR,WA,2006,0.0
OR,WA,2007,0.0
OR,WA,2008,0.0
OR,WA,2009,0.0
OR,WA,2010,0.0
OR,WA,2011,0.0
OR,WA,2012,0.0
OR,WA,2013,0.0
OR,WA,2014,0.0
OR,WA,2015,0.0
OR,WA,2016,0.0
OR,WA,2017,0.0
OR,WA,2018,0.0
OR,WA,2019,0.0
OR,WA,2020,0.0
OR,WA,2021,0.0
OR,WA,2022,0.0
PA,DE,1990,257176.0
PA,DE,1994,98515.0
PA,DE,1995,15555.0
PA,DE,1996,0.0
PA,DE,1997,0.0
PA,DE,1998,5185.0
PA,DE,1999,9333.0
PA,DE,2000,8296.0
PA,DE,2001,0.0
PA,DE,2002,0.0
PA,DE,2003,0.0
PA,DE,2004,0.0
PA,DE,2005,0.0
PA,DE,2006,0.0
PA,DE,2007,0.0
PA,DE,2008,0.0
PA,DE,2009,0.0
PA,DE,2010,0.0
PA,DE,2011,0.0
PA,DE,2012,0.0
PA,DE,2013,0.0
PA,DE,2014,254065.0
PA,DE,2015,107848.0
PA,DE,2016,0.0
PA,DE,2017,0.0
PA,DE,2018,0.0
PA,DE,2019,0.0
PA,DE,2020,0.0
PA,DE,2021,0.0
PA,DE,2022,0.0
PA,MD,1990,689605.0
PA,MD,1994,178052.9
PA,MD,1995,96441.0
PA,MD,1996,0.0
PA,MD,1997,19703.0
PA,MD,1998,2592.5
PA,MD,1999,0.0
PA,MD,2000,15555.0
PA,MD,2001,12236.6
PA,MD,2002,5185.0
PA,MD,2003,0.0
PA,MD,2004,229902.9
PA,MD,2005,19599.2999999999
PA,MD,2006,27169.4
PA,MD,2007,10577.4
PA,MD,2008,11407.0
PA,MD,2009,0.0
PA,MD,2010,0.0
PA,MD,2011,0.0
PA,MD,2012,435540.0
PA,MD,2013,0.0
PA,MD,2014,0.0
PA,MD,2015,446947.0
PA,MD,2016,199104.0
PA,MD,2017,575535.0
PA,MD,2018,1348100.0
PA,MD,2019,63257.0
PA,MD,2020,0.0
PA,MD,2021,0.0
PA,MD,2022,0.0
PA,NJ,1990,6785091.0
PA,NJ,1994,506056.0
PA,NJ,1995,128588.0
PA,NJ,1996,25925.0
PA,NJ,1997,0.0
PA,NJ,1998,16592.0
PA,NJ,1999,0.0
PA,NJ,2000,0.0
PA,NJ,2001,167994.0
PA,NJ,2002,366061.0
PA,NJ,2003,50813.0
PA,NJ,2004,0.0
PA,NJ,2005,108885.0
PA,NJ,2006,104737.0
PA,NJ,2007,259250.0
PA,NJ,2008,197030.0
PA,NJ,2009,64294.0
PA,NJ,2010,0.0
PA,NJ,2011,362950.0
PA,NJ,2012,0.0
PA,NJ,2013,918782.0
PA,NJ,2014,725900.0
PA,NJ,2015,167994.0
PA,NJ,2016,0.0
PA,NJ,2017,119255.0
PA,NJ,2018,0.0
PA,NJ,2019,0.0
PA,NJ,2020,0.0
PA,NJ,2021,0.0
PA,NJ,2022,119255.0
PA,NY,1990,3323585.0
PA,NY,1994,143106.0
PA,NY,1995,0.0
PA,NY,1996,0.0
PA,NY,1997,0.0
PA,NY,1998,0.0
PA,NY,1999,0.0
PA,NY,2000,0.0
PA,NY,2001,0.0
PA,NY,2002,0.0
PA,NY,2003,0.0
PA,NY,2004,0.0
PA,NY,2005,0.0
PA,NY,2006,505019.0
PA,NY,2007,0.0
PA,NY,2008,0.0
PA,NY,2009,0.0
PA,NY,2010,0.0
PA,NY,2011,699975.0
PA,NY,2012,435540.0
PA,NY,2013,0.0
PA,NY,2014,0.0
PA,NY,2015,155550.0
PA,NY,2016,0.0
PA,NY,2017,116144.0
PA,NY,2018,0.0
PA,NY,2019,15555.0
PA,NY,2020,337025.0
PA,NY,2021,0.0
PA,NY,2022,0.0
PA,OH,1990,467687.0
PA,OH,1994,14518.0
PA,OH,1995,0.0
PA,OH,1996,0.0
PA,OH,1997,0.0
PA,OH,1998,0.0
PA,OH,1999,0.0
PA,OH,2000,0.0
PA,OH,2001,0.0
PA,OH,2002,0.0
PA,OH,2003,0.0
PA,OH,2004,0.0
PA,OH,2005,0.0
PA,OH,2006,0.0
PA,OH,2007,0.0
PA,OH,2008,0.0
PA,OH,2009,1633275.0
PA,OH,2010,0.0
PA,OH,2011,0.0
PA,OH,2012,0.0
PA,OH,2013,0.0
PA,OH,2014,0.0
PA,OH,2015,0.0
PA,OH,2016,134810.0
PA,OH,2017,0.0
PA,OH,2018,0.0
PA,OH,2019,57035.0
PA,OH,2020,0.0
PA,OH,2021,155550.0
PA,OH,2022,0.0
PA,WV,1990,703086.0
PA,WV,1994,0.0
PA,WV,1995,0.0
PA,WV,1996,0.0
PA,WV,1997,249917.0
PA,WV,1998,173179.0
PA,WV,1999,111996.0
PA,WV,2000,0.0
PA,WV,2001,0.0
PA,WV,2002,0.0
PA,WV,2003,0.0
PA,WV,2004,0.0
PA,WV,2005,0.0
PA,WV,2006,0.0
PA,WV,2007,0.0
PA,WV,2008,0.0
PA,WV,2009,0.0
PA,WV,2010,232288.0
PA,WV,2011,0.0
PA,WV,2012,0.0
PA,WV,2013,0.0
PA,WV,2014,1393728.0
PA,WV,2015,1929857.0
PA,WV,2016,373320.0
PA,WV,2017,664717.0
PA,WV,2018,1970300.0
PA,WV,2019,622200.0
PA,WV,2020,0.0
PA,WV,2021,0.0
PA,WV,2022,0.0
RI,CT,2010,285175.0
RI,CT,2011,0.0
RI,CT,2012,0.0
RI,CT,2013,0.0
RI,CT,2014,0.0
RI,CT,2015,0.0
RI,CT,2016,0.0
RI,CT,2017,0.0
RI,CT,2018,0.0
RI,CT,2019,0.0
RI,CT,2020,0.0
RI,CT,2021,0.0
RI,CT,2022,0.0
RI,MA,1990,689605.0
RI,MA,1994,41480.0
RI,MA,1995,0.0
RI,MA,1996,0.0
RI,MA,1997,0.0
RI,MA,1998,0.0
RI,MA,1999,0.0
RI,MA,2000,0.0
RI,MA,2001,0.0
RI,MA,2002,0.0
RI,MA,2003,0.0
RI,MA,2004,0.0
RI,MA,2005,0.0
RI,MA,2006,0.0
RI,MA,2007,0.0
RI,MA,2008,0.0
RI,MA,2009,0.0
RI,MA,2010,0.0
RI,MA,2011,0.0
RI,MA,2012,0.0
RI,MA,2013,0.0
RI,MA,2014,0.0
RI,MA,2015,0.0
RI,MA,2016,354654.0
RI,MA,2017,41480.0
RI,MA,2018,0.0
RI,MA,2019,0.0
RI,MA,2020,0.0
RI,MA,2021,96441.0
RI,MA,2022,0.0
SC,GA,1990,57035.0
SC,GA,1994,0.0
SC,GA,1995,0.0
SC,GA,1996,0.0
SC,GA,1997,0.0
SC,GA,1998,0.0
SC,GA,1999,0.0
SC,GA,2000,0.0
SC,GA,2001,0.0
SC,GA,2002,0.0
SC,GA,2003,139995.0
SC,GA,2004,0.0
SC,GA,2005,0.0
SC,GA,2006,0.0
SC,GA,2007,0.0
SC,GA,2008,0.0
SC,GA,2009,0.0
SC,GA,2010,0.0
SC,GA,2011,0.0
SC,GA,2012,0.0
SC,GA,2013,0.0
SC,GA,2014,0.0
SC,GA,2015,544425.0
SC,GA,2016,0.0
SC,GA,2017,466650.0
SC,GA,2018,751825.0
SC,GA,2019,0.0
SC,GA,2020,0.0
SC,GA,2021,306952.0
SC,GA,2022,0.0
SC,NC,1990,2885971.0
SC,NC,1994,50813.0
SC,NC,1995,119255.0
SC,NC,1996,57035.0
SC,NC,1997,150365.0
SC,NC,1998,0.0
SC,NC,1999,0.0
SC,NC,2000,0.0
SC,NC,2001,0.0
SC,NC,2002,238510.0
SC,NC,2003,271694.0
SC,NC,2004,54961.0
SC,NC,2005,0.0
SC,NC,2006,0.0
SC,NC,2007,0.0
SC,NC,2008,0.0
SC,NC,2009,0.0
SC,NC,2010,0.0
SC,NC,2011,227103.0
SC,NC,2012,98515.0
SC,NC,2013,0.0
SC,NC,2014,0.0
SC,NC,2015,0.0
SC,NC,2016,0.0
SC,NC,2017,0.0
SC,NC,2018,0.0
SC,NC,2019,0.0
SC,NC,2020,0.0
SC,NC,2021,306952.0
SC,NC,2022,0.0
SD,IA,1990,20740.0
SD,IA,1994,0.0
SD,IA,1995,0.0
SD,IA,1996,0.0
SD,IA,1997,0.0
SD,IA,1998,0.0
SD,IA,1999,0.0
SD,IA,2000,0.0
SD,IA,2001,0.0
SD,IA,2002,0.0
SD,IA,2003,0.0
SD,IA,2004,0.0
SD,IA,2005,0.0
SD,IA,2006,0.0
SD,IA,2007,0.0
SD,IA,2008,0.0
SD,IA,2009,0.0
SD,IA,2010,0.0
SD,IA,2011,0.0
SD,IA,2012,0.0
SD,IA,2013,0.0
SD,IA,2014,0.0
SD,IA,2015,0.0
SD,IA,2016,0.0
SD,IA,2017,0.0
SD,IA,2018,0.0
SD,IA,2019,0.0
SD,IA,2020,0.0
SD,IA,2021,0.0
SD,IA,2022,0.0
SD,MN,1990,1278621.0
SD,MN,1994,458354.0
SD,MN,1995,0.0
SD,MN,1996,0.0
SD,MN,1997,0.0
SD,MN,1998,725900.0
SD,MN,1999,0.0
SD,MN,2000,0.0
SD,MN,2001,0.0
SD,MN,2002,0.0
SD,MN,2003,0.0
SD,MN,2004,0.0
SD,MN,2005,0.0
SD,MN,2006,0.0
SD,MN,2007,0.0
SD,MN,2008,0.0
SD,MN,2009,0.0
SD,MN,2010,0.0
SD,MN,2011,0.0
SD,MN,2012,0.0
SD,MN,2013,0.0
SD,MN,2014,0.0
SD,MN,2015,0.0
SD,MN,2016,0.0
SD,MN,2017,0.0
SD,MN,2018,0.0
SD,MN,2019,0.0
SD,MN,2020,0.0
SD,MN,2021,0.0
SD,MN,2022,0.0
SD,ND,1990,20740.0
SD,ND,1994,34221.0
SD,ND,1995,0.0
SD,ND,1996,0.0
SD,ND,1997,0.0
SD,ND,1998,0.0
SD,ND,1999,0.0
SD,ND,2000,0.0
SD,ND,2001,0.0
SD,ND,2002,0.0
SD,ND,2003,0.0
SD,ND,2004,0.0
SD,ND,2005,0.0
SD,ND,2006,0.0
SD,ND,2007,0.0
SD,ND,2008,0.0
SD,ND,2009,0.0
SD,ND,2010,0.0
SD,ND,2011,0.0
SD,ND,2012,0.0
SD,ND,2013,0.0
SD,ND,2014,0.0
SD,ND,2015,0.0
SD,ND,2016,0.0
SD,ND,2017,0.0
SD,ND,2018,0.0
SD,ND,2019,0.0
SD,ND,2020,0.0
SD,ND,2021,0.0
SD,ND,2022,0.0
SD,NE,1990,129625.0
SD,NE,1994,0.0
SD,NE,1995,0.0
SD,NE,1996,0.0
SD,NE,1997,0.0
SD,NE,1998,0.0
SD,NE,1999,0.0
SD,NE,2000,0.0
SD,NE,2001,0.0
SD,NE,2002,0.0
SD,NE,2003,0.0
SD,NE,2004,0.0
SD,NE,2005,0.0
SD,NE,2006,0.0
SD,NE,2007,0.0
SD,NE,2008,0.0
SD,NE,2009,0.0
SD,NE,2010,0.0
SD,NE,2011,0.0
SD,NE,2012,0.0
SD,NE,2013,0.0
SD,NE,2014,0.0
SD,NE,2015,0.0
SD,NE,2016,0.0
SD,NE,2017,0.0
SD,NE,2018,0.0
SD,NE,2019,0.0
SD,NE,2020,0.0
SD,NE,2021,0.0
SD,NE,2022,0.0
SD,WY,1990,46665.0
SD,WY,1994,0.0
SD,WY,1995,0.0
SD,WY,1996,0.0
SD,WY,1997,0.0
SD,WY,1998,41480.0
SD,WY,1999,0.0
SD,WY,2000,0.0
SD,WY,2001,0.0
SD,WY,2002,0.0
SD,WY,2003,0.0
SD,WY,2004,0.0
SD,WY,2005,0.0
SD,WY,2006,0.0
SD,WY,2007,0.0
SD,WY,2008,0.0
SD,WY,2009,0.0
SD,WY,2010,0.0
SD,WY,2011,0.0
SD,WY,2012,0.0
SD,WY,2013,0.0
SD,WY,2014,0.0
SD,WY,2015,0.0
SD,WY,2016,0.0
SD,WY,2017,0.0
SD,WY,2018,0.0
SD,WY,2019,0.0
SD,WY,2020,0.0
SD,WY,2021,0.0
SD,WY,2022,0.0
TN,AL,1990,528870.0
TN,AL,1994,0.0
TN,AL,1995,0.0
TN,AL,1996,0.0
TN,AL,1997,0.0
TN,AL,1998,21777.0
TN,AL,1999,0.0
TN,AL,2000,0.0
TN,AL,2001,0.0
TN,AL,2002,0.0
TN,AL,2003,0.0
TN,AL,2004,0.0
TN,AL,2005,0.0
TN,AL,2006,0.0
TN,AL,2007,0.0
TN,AL,2008,0.0
TN,AL,2009,466650.0
TN,AL,2010,0.0
TN,AL,2011,0.0
TN,AL,2012,0.0
TN,AL,2013,0.0
TN,AL,2014,1140700.0
TN,AL,2015,388875.0
TN,AL,2016,357765.0
TN,AL,2017,832711.0
TN,AL,2018,0.0
TN,AL,2019,0.0
TN,AL,2020,0.0
TN,AL,2021,0.0
TN,AL,2022,0.0
TN,AR,1990,25925.0
TN,AR,1994,0.0
TN,AR,1995,0.0
TN,AR,1996,0.0
TN,AR,1997,0.0
TN,AR,1998,0.0
TN,AR,1999,0.0
TN,AR,2000,0.0
TN,AR,2001,0.0
TN,AR,2002,0.0
TN,AR,2003,0.0
TN,AR,2004,0.0
TN,AR,2005,0.0
TN,AR,2006,0.0
TN,AR,2007,0.0
TN,AR,2008,0.0
TN,AR,2009,0.0
TN,AR,2010,0.0
TN,AR,2011,0.0
TN,AR,2012,0.0
TN,AR,2013,0.0
TN,AR,2014,0.0
TN,AR,2015,0.0
TN,AR,2016,0.0
TN,AR,2017,0.0
TN,AR,2018,0.0
TN,AR,2019,0.0
TN,AR,2020,0.0
TN,AR,2021,0.0
TN,AR,2022,0.0
TN,GA,1990,64294.0
TN,GA,1994,0.0
TN,GA,1995,0.0
TN,GA,1996,0.0
TN,GA,1997,0.0
TN,GA,1998,0.0
TN,GA,1999,0.0
TN,GA,2000,0.0
TN,GA,2001,0.0
TN,GA,2002,165920.0
TN,GA,2003,0.0
TN,GA,2004,0.0
TN,GA,2005,0.0
TN,GA,2006,0.0
TN,GA,2007,0.0
TN,GA,2008,0.0
TN,GA,2009,0.0
TN,GA,2010,0.0
TN,GA,2011,0.0
TN,GA,2012,0.0
TN,GA,2013,0.0
TN,GA,2014,0.0
TN,GA,2015,0.0
TN,GA,2016,0.0
TN,GA,2017,0.0
TN,GA,2018,0.0
TN,GA,2019,0.0
TN,GA,2020,0.0
TN,GA,2021,0.0
TN,GA,2022,0.0
TN,KY,1990,14360376.0
TN,KY,1994,0.0
TN,KY,1995,0.0
TN,KY,1996,0.0
TN,KY,1997,0.0
TN,KY,1998,0.0
TN,KY,1999,318359.0
TN,KY,2000,0.0
TN,KY,2001,0.0
TN,KY,2002,0.0
TN,KY,2003,0.0
TN,KY,2004,0.0
TN,KY,2005,0.0
TN,KY,2006,0.0
TN,KY,2007,0.0
TN,KY,2008,0.0
TN,KY,2009,0.0
TN,KY,2010,0.0
TN,KY,2011,0.0
TN,KY,2012,0.0
TN,KY,2013,0.0
TN,KY,2014,0.0
TN,KY,2015,0.0
TN,KY,2016,0.0
TN,KY,2017,0.0
TN,KY,2018,0.0
TN,KY,2019,0.0
TN,KY,2020,0.0
TN,KY,2021,0.0
TN,KY,2022,0.0
TN,MS,2013,559980.0
TN,MS,2014,0.0
TN,MS,2015,1159366.0
TN,MS,2016,1206031.0
TN,MS,2017,3729052.0
TN,MS,2018,0.0
TN,MS,2019,820267.0
TN,MS,2020,0.0
TN,MS,2021,0.0
TN,MS,2022,222955.0
TN,VA,1990,13481.0
TN,VA,1994,2074.0
TN,VA,1995,0.0
TN,VA,1996,11407.0
TN,VA,1997,24888.0
TN,VA,1998,0.0
TN,VA,1999,0.0
TN,VA,2000,0.0
TN,VA,2001,0.0
TN,VA,2002,0.0
TN,VA,2003,0.0
TN,VA,2004,0.0
TN,VA,2005,0.0
TN,VA,2006,20740.0
TN,VA,2007,0.0
TN,VA,2008,0.0
TN,VA,2009,0.0
TN,VA,2010,0.0
TN,VA,2011,0.0
TN,VA,2012,0.0
TN,VA,2013,0.0
TN,VA,2014,0.0
TN,VA,2015,0.0
TN,VA,2016,0.0
TN,VA,2017,0.0
TN,VA,2018,0.0
TN,VA,2019,0.0
TN,VA,2020,0.0
TN,VA,2021,0.0
TN,VA,2022,0.0
TX,AR,1990,1919487.0
TX,AR,1994,229177.0
TX,AR,1995,0.0
TX,AR,1996,0.0
TX,AR,1997,0.0
TX,AR,1998,0.0
TX,AR,1999,0.0
TX,AR,2000,0.0
TX,AR,2001,0.0
TX,AR,2002,0.0
TX,AR,2003,0.0
TX,AR,2004,0.0
TX,AR,2005,0.0
TX,AR,2006,0.0
TX,AR,2007,0.0
TX,AR,2008,0.0
TX,AR,2009,0.0
TX,AR,2010,0.0
TX,AR,2011,116144.0
TX,AR,2012,0.0
TX,AR,2013,0.0
TX,AR,2014,0.0
TX,AR,2015,0.0
TX,AR,2016,0.0
TX,AR,2017,0.0
TX,AR,2018,0.0
TX,AR,2019,0.0
TX,AR,2020,0.0
TX,AR,2021,0.0
TX,AR,2022,0.0
TX,LA,1990,6127840.4
TX,LA,1994,34117.3000000006
TX,LA,1995,0.0
TX,LA,1996,147254.0
TX,LA,1997,20740.0
TX,LA,1998,0.0
TX,LA,1999,347395.0
TX,LA,2000,10370.0
TX,LA,2001,0.0
TX,LA,2002,0.0
TX,LA,2003,3111.0
TX,LA,2004,0.0
TX,LA,2005,82960.0
TX,LA,2006,126514.0
TX,LA,2007,1983781.0
TX,LA,2008,2297992.0
TX,LA,2009,3483283.0
TX,LA,2010,2208810.0
TX,LA,2011,2592396.3
TX,LA,2012,0.0
TX,LA,2013,0.0
TX,LA,2014,0.0
TX,LA,2015,0.0
TX,LA,2016,0.0
TX,LA,2017,0.0
TX,LA,2018,0.0
TX,LA,2019,0.0
TX,LA,2020,0.0
TX,LA,2021,0.0
TX,LA,2022,0.0
TX,NM,1990,3777791.0
TX,NM,1994,271694.0
TX,NM,1995,0.0
TX,NM,1996,119255.0
TX,NM,1997,0.0
TX,NM,1998,0.0
TX,NM,1999,0.0
TX,NM,2000,0.0
TX,NM,2001,0.0
TX,NM,2002,238510.0
TX,NM,2003,0.0
TX,NM,2004,331840.0
TX,NM,2005,0.0
TX,NM,2006,0.0
TX,NM,2007,0.0
TX,NM,2008,0.0
TX,NM,2009,0.0
TX,NM,2010,0.0
TX,NM,2011,0.0
TX,NM,2012,0.0
TX,NM,2013,0.0
TX,NM,2014,0.0
TX,NM,2015,0.0
TX,NM,2016,0.0
TX,NM,2017,0.0
TX,NM,2018,188734.0
TX,NM,2019,0.0
TX,NM,2020,279990.0
TX,NM,2021,0.0
TX,NM,2022,0.0
TX,OK,1990,4471544.0
TX,OK,1994,170068.0
TX,OK,1995,0.0
TX,OK,1996,20740.0
TX,OK,1997,0.0
TX,OK,1998,0.0
TX,OK,1999,0.0
TX,OK,2000,0.0
TX,OK,2001,0.0
TX,OK,2002,0.0
TX,OK,2003,0.0
TX,OK,2004,0.0
TX,OK,2005,25925.0
TX,OK,2006,20740.0
TX,OK,2007,0.0
TX,OK,2008,0.0
TX,OK,2009,0.0
TX,OK,2010,0.0
TX,OK,2011,0.0
TX,OK,2012,0.0
TX,OK,2013,0.0
TX,OK,2014,0.0
TX,OK,2015,0.0
TX,OK,2016,0.0
TX,OK,2017,0.0
TX,OK,2018,0.0
TX,OK,2019,0.0
TX,OK,2020,0.0
TX,OK,2021,0.0
TX,OK,2022,0.0
UT,CO,1990,241621.0
UT,CO,1994,302804.0
UT,CO,1995,0.0
UT,CO,1996,0.0
UT,CO,1997,0.0
UT,CO,1998,0.0
UT,CO,1999,0.0
UT,CO,2000,0.0
UT,CO,2001,0.0
UT,CO,2002,0.0
UT,CO,2003,0.0
UT,CO,2004,0.0
UT,CO,2005,0.0
UT,CO,2006,0.0
UT,CO,2007,0.0
UT,CO,2008,77775.0
UT,CO,2009,127551.0
UT,CO,2010,0.0
UT,CO,2011,0.0
UT,CO,2012,0.0
UT,CO,2013,0.0
UT,CO,2014,0.0
UT,CO,2015,0.0
UT,CO,2016,0.0
UT,CO,2017,0.0
UT,CO,2018,0.0
UT,CO,2019,0.0
UT,CO,2020,0.0
UT,CO,2021,0.0
UT,CO,2022,0.0
UT,ID,1990,378505.0
UT,ID,1994,81923.0
UT,ID,1995,0.0
UT,ID,1996,0.0
UT,ID,1997,0.0
UT,ID,1998,0.0
UT,ID,1999,0.0
UT,ID,2000,0.0
UT,ID,2001,20740.0
UT,ID,2002,0.0
UT,ID,2003,218807.0
UT,ID,2004,0.0
UT,ID,2005,0.0
UT,ID,2006,0.0
UT,ID,2007,0.0
UT,ID,2008,0.0
UT,ID,2009,0.0
UT,ID,2010,0.0
UT,ID,2011,0.0
UT,ID,2012,0.0
UT,ID,2013,0.0
UT,ID,2014,0.0
UT,ID,2015,0.0
UT,ID,2016,0.0
UT,ID,2017,5185.0
UT,ID,2018,0.0
UT,ID,2019,0.0
UT,ID,2020,0.0
UT,ID,2021,0.0
UT,ID,2022,0.0
UT,NV,1990,0.0
UT,NV,1994,803675.0
UT,NV,1995,0.0
UT,NV,1996,0.0
UT,NV,1997,0.0
UT,NV,1998,0.0
UT,NV,1999,0.0
UT,NV,2000,0.0
UT,NV,2001,139995.0
UT,NV,2002,0.0
UT,NV,2003,1165588.0
UT,NV,2004,0.0
UT,NV,2005,0.0
UT,NV,2006,0.0
UT,NV,2007,0.0
UT,NV,2008,0.0
UT,NV,2009,0.0
UT,NV,2010,150365.0
UT,NV,2011,1831342.0
UT,NV,2012,0.0
UT,NV,2013,0.0
UT,NV,2014,0.0
UT,NV,2015,0.0
UT,NV,2016,0.0
UT,NV,2017,0.0
UT,NV,2018,0.0
UT,NV,2019,0.0
UT,NV,2020,0.0
UT,NV,2021,0.0
UT,NV,2022,0.0
UT,WY,1990,538203.0
UT,WY,1994,114070.0
UT,WY,1995,0.0
UT,WY,1996,0.0
UT,WY,1997,0.0
UT,WY,1998,88145.0
UT,WY,1999,0.0
UT,WY,2000,0.0
UT,WY,2001,0.0
UT,WY,2002,0.0
UT,WY,2003,0.0
UT,WY,2004,0.0
UT,WY,2005,0.0
UT,WY,2006,0.0
UT,WY,2007,421022.0
UT,WY,2008,0.0
UT,WY,2009,0.0
UT,WY,2010,342210.0
UT,WY,2011,0.0
UT,WY,2012,0.0
UT,WY,2013,0.0
UT,WY,2014,0.0
UT,WY,2015,0.0
UT,WY,2016,0.0
UT,WY,2017,0.0
UT,WY,2018,0.0
UT,WY,2019,0.0
UT,WY,2020,0.0
UT,WY,2021,0.0
UT,WY,2022,0.0
VA,DC,1990,103700.0
VA,DC,1994,20740.0
VA,DC,1995,0.0
VA,DC,1996,0.0
VA,DC,1997,0.0
VA,DC,1998,0.0
VA,DC,1999,0.0
VA,DC,2000,0.0
VA,DC,2001,0.0
VA,DC,2002,0.0
VA,DC,2003,62220.0
VA,DC,2004,0.0
VA,DC,2005,0.0
VA,DC,2006,0.0
VA,DC,2007,0.0
VA,DC,2008,0.0
VA,DC,2009,0.0
VA,DC,2010,0.0
VA,DC,2011,0.0
VA,DC,2012,0.0
VA,DC,2013,0.0
VA,DC,2014,0.0
VA,DC,2015,0.0
VA,DC,2016,0.0
VA,DC,2017,0.0
VA,DC,2018,0.0
VA,DC,2019,0.0
VA,DC,2020,0.0
VA,DC,2021,0.0
VA,DC,2022,0.0
VA,MD,1990,3157665.0
VA,MD,1994,174216.0
VA,MD,1995,606645.0
VA,MD,1996,0.0
VA,MD,1997,55998.0
VA,MD,1998,13481.0
VA,MD,1999,0.0
VA,MD,2000,0.0
VA,MD,2001,0.0
VA,MD,2002,0.0
VA,MD,2003,0.0
VA,MD,2004,0.0
VA,MD,2005,449021.0
VA,MD,2006,0.0
VA,MD,2007,171105.0
VA,MD,2008,725900.0
VA,MD,2009,0.0
VA,MD,2010,0.0
VA,MD,2011,0.0
VA,MD,2012,0.0
VA,MD,2013,0.0
VA,MD,2014,0.0
VA,MD,2015,0.0
VA,MD,2016,136884.0
VA,MD,2017,110959.0
VA,MD,2018,518500.0
VA,MD,2019,0.0
VA,MD,2020,0.0
VA,MD,2021,0.0
VA,MD,2022,0.0
VA,NC,1990,25925.0
VA,NC,1994,435540.0
VA,NC,1995,0.0
VA,NC,1996,0.0
VA,NC,1997,0.0
VA,NC,1998,12444.0
VA,NC,1999,0.0
VA,NC,2000,0.0
VA,NC,2001,0.0
VA,NC,2002,0.0
VA,NC,2003,326655.0
VA,NC,2004,0.0
VA,NC,2005,0.0
VA,NC,2006,0.0
VA,NC,2007,0.0
VA,NC,2008,264435.0
VA,NC,2009,0.0
VA,NC,2010,0.0
VA,NC,2011,0.0
VA,NC,2012,0.0
VA,NC,2013,0.0
VA,NC,2014,0.0
VA,NC,2015,1109590.0
VA,NC,2016,0.0
VA,NC,2017,462502.0
VA,NC,2018,598349.0
VA,NC,2019,0.0
VA,NC,2020,0.0
VA,NC,2021,306952.0
VA,NC,2022,0.0
VA,TN,1990,13481.0
VA,TN,1994,2074.0
VA,TN,1995,0.0
VA,TN,1996,11407.0
VA,TN,1997,24888.0
VA,TN,1998,0.0
VA,TN,1999,0.0
VA,TN,2000,0.0
VA,TN,2001,0.0
VA,TN,2002,0.0
VA,TN,2003,0.0
VA,TN,2004,0.0
VA,TN,2005,0.0
VA,TN,2006,20740.0
VA,TN,2007,0.0
VA,TN,2008,0.0
VA,TN,2009,0.0
VA,TN,2010,0.0
VA,TN,2011,155550.0
VA,TN,2012,0.0
VA,TN,2013,0.0
VA,TN,2014,0.0
VA,TN,2015,0.0
VA,TN,2016,0.0
VA,TN,2017,0.0
VA,TN,2018,0.0
VA,TN,2019,0.0
VA,TN,2020,0.0
VA,TN,2021,0.0
VA,TN,2022,0.0
WA,ID,1990,61183.0
WA,ID,1994,0.0
WA,ID,1995,0.0
WA,ID,1996,0.0
WA,ID,1997,0.0
WA,ID,1998,0.0
WA,ID,1999,0.0
WA,ID,2000,0.0
WA,ID,2001,0.0
WA,ID,2002,0.0
WA,ID,2003,0.0
WA,ID,2004,0.0
WA,ID,2005,0.0
WA,ID,2006,0.0
WA,ID,2007,0.0
WA,ID,2008,0.0
WA,ID,2009,0.0
WA,ID,2010,0.0
WA,ID,2011,0.0
WA,ID,2012,0.0
WA,ID,2013,0.0
WA,ID,2014,0.0
WA,ID,2015,0.0
WA,ID,2016,0.0
WA,ID,2017,0.0
WA,ID,2018,0.0
WA,ID,2019,0.0
WA,ID,2020,0.0
WA,ID,2021,0.0
WA,ID,2022,0.0
WA,OR,1990,2486726.0
WA,OR,1994,970632.0
WA,OR,1995,5185.0
WA,OR,1996,0.0
WA,OR,1997,0.0
WA,OR,1998,76738.0
WA,OR,1999,0.0
WA,OR,2000,0.0
WA,OR,2001,0.0
WA,OR,2002,214659.0
WA,OR,2003,0.0
WA,OR,2004,0.0
WA,OR,2005,0.0
WA,OR,2006,0.0
WA,OR,2007,0.0
WA,OR,2008,0.0
WA,OR,2009,0.0
WA,OR,2010,0.0
WA,OR,2011,0.0
WA,OR,2012,0.0
WA,OR,2013,0.0
WA,OR,2014,0.0
WA,OR,2015,0.0
WA,OR,2016,0.0
WA,OR,2017,0.0
WA,OR,2018,0.0
WA,OR,2019,0.0
WA,OR,2020,0.0
WA,OR,2021,0.0
WA,OR,2022,0.0
WI,IL,1990,570350.0
WI,IL,1994,0.0
WI,IL,1995,0.0
WI,IL,1996,0.0
WI,IL,1997,0.0
WI,IL,1998,0.0
WI,IL,1999,113033.0
WI,IL,2000,0.0
WI,IL,2001,42517.0
WI,IL,2002,0.0
WI,IL,2003,0.0
WI,IL,2004,0.0
WI,IL,2005,0.0
WI,IL,2006,0.0
WI,IL,2007,0.0
WI,IL,2008,0.0
WI,IL,2009,0.0
WI,IL,2010,0.0
WI,IL,2011,0.0
WI,IL,2012,0.0
WI,IL,2013,0.0
WI,IL,2014,0.0
WI,IL,2015,0.0
WI,IL,2016,0.0
WI,IL,2017,0.0
WI,IL,2018,0.0
WI,IL,2019,0.0
WI,IL,2020,0.0
WI,IL,2021,0.0
WI,IL,2022,0.0
WI,MI,1990,1773270.0
WI,MI,1994,642940.0
WI,MI,1995,0.0
WI,MI,1996,0.0
WI,MI,1997,0.0
WI,MI,1998,130662.0
WI,MI,1999,0.0
WI,MI,2000,0.0
WI,MI,2001,0.0
WI,MI,2002,0.0
WI,MI,2003,0.0
WI,MI,2004,0.0
WI,MI,2005,0.0
WI,MI,2006,0.0
WI,MI,2007,0.0
WI,MI,2008,0.0
WI,MI,2009,0.0
WI,MI,2010,0.0
WI,MI,2011,0.0
WI,MI,2012,0.0
WI,MI,2013,0.0
WI,MI,2014,0.0
WI,MI,2015,0.0
WI,MI,2016,0.0
WI,MI,2017,0.0
WI,MI,2018,0.0
WI,MI,2019,0.0
WI,MI,2020,0.0
WI,MI,2021,0.0
WI,MI,2022,0.0
WI,MN,1990,2308362.0
WI,MN,1994,0.0
WI,MN,1995,0.0
WI,MN,1996,0.0
WI,MN,1997,0.0
WI,MN,1998,0.0
WI,MN,1999,0.0
WI,MN,2000,0.0
WI,MN,2001,0.0
WI,MN,2002,0.0
WI,MN,2003,0.0
WI,MN,2004,0.0
WI,MN,2005,0.0
WI,MN,2006,0.0
WI,MN,2007,0.0
WI,MN,2008,0.0
WI,MN,2009,0.0
WI,MN,2010,0.0
WI,MN,2011,0.0
WI,MN,2012,0.0
WI,MN,2013,0.0
WI,MN,2014,0.0
WI,MN,2015,0.0
WI,MN,2016,0.0
WI,MN,2017,0.0
WI,MN,2018,0.0
WI,MN,2019,0.0
WI,MN,2020,0.0
WI,MN,2021,0.0
WI,MN,2022,0.0
WV,KY,1990,78812.0
WV,KY,1994,0.0
WV,KY,1995,0.0
WV,KY,1996,0.0
WV,KY,1997,0.0
WV,KY,1998,0.0
WV,KY,1999,0.0
WV,KY,2000,0.0
WV,KY,2001,0.0
WV,KY,2002,0.0
WV,KY,2003,0.0
WV,KY,2004,0.0
WV,KY,2005,0.0
WV,KY,2006,0.0
WV,KY,2007,0.0
WV,KY,2008,0.0
WV,KY,2009,0.0
WV,KY,2010,0.0
WV,KY,2011,0.0
WV,KY,2012,0.0
WV,KY,2013,460428.0
WV,KY,2014,0.0
WV,KY,2015,1483947.0
WV,KY,2016,454206.0
WV,KY,2017,0.0
WV,KY,2018,323544.0
WV,KY,2019,891820.0
WV,KY,2020,484279.0
WV,KY,2021,0.0
WV,KY,2022,0.0
WV,MD,1990,4148.0
WV,MD,1994,0.0
WV,MD,1995,0.0
WV,MD,1996,0.0
WV,MD,1997,0.0
WV,MD,1998,0.0
WV,MD,1999,0.0
WV,MD,2000,0.0
WV,MD,2001,0.0
WV,MD,2002,0.0
WV,MD,2003,0.0
WV,MD,2004,0.0
WV,MD,2005,0.0
WV,MD,2006,0.0
WV,MD,2007,0.0
WV,MD,2008,0.0
WV,MD,2009,0.0
WV,MD,2010,0.0
WV,MD,2011,0.0
WV,MD,2012,0.0
WV,MD,2013,0.0
WV,MD,2014,0.0
WV,MD,2015,0.0
WV,MD,2016,0.0
WV,MD,2017,0.0
WV,MD,2018,0.0
WV,MD,2019,0.0
WV,MD,2020,0.0
WV,MD,2021,0.0
WV,MD,2022,0.0
WV,OH,1990,1672681.0
WV,OH,1994,0.0
WV,OH,1995,0.0
WV,OH,1996,0.0
WV,OH,1997,0.0
WV,OH,1998,22814.0
WV,OH,1999,0.0
WV,OH,2000,0.0
WV,OH,2001,0.0
WV,OH,2002,0.0
WV,OH,2003,0.0
WV,OH,2004,0.0
WV,OH,2005,0.0
WV,OH,2006,0.0
WV,OH,2007,0.0
WV,OH,2008,0.0
WV,OH,2009,0.0
WV,OH,2010,0.0
WV,OH,2011,0.0
WV,OH,2012,0.0
WV,OH,2013,0.0
WV,OH,2014,933300.0
WV,OH,2015,1057740.0
WV,OH,2016,1514020.0
WV,OH,2017,663680.0
WV,OH,2018,3971710.0
WV,OH,2019,0.0
WV,OH,2020,0.0
WV,OH,2021,0.0
WV,OH,2022,0.0
WV,PA,1990,4639538.0
WV,PA,1994,46665.0
WV,PA,1995,46665.0
WV,PA,1996,25925.0
WV,PA,1997,97478.0
WV,PA,1998,33184.0
WV,PA,1999,0.0
WV,PA,2000,0.0
WV,PA,2001,0.0
WV,PA,2002,103700.0
WV,PA,2003,0.0
WV,PA,2004,225029.0
WV,PA,2005,0.0
WV,PA,2006,54961.0
WV,PA,2007,49776.0
WV,PA,2008,155550.0
WV,PA,2009,155550.0
WV,PA,2010,79849.0
WV,PA,2011,0.0
WV,PA,2012,1252696.0
WV,PA,2013,0.0
WV,PA,2014,191845.0
WV,PA,2015,0.0
WV,PA,2016,0.0
WV,PA,2017,0.0
WV,PA,2018,0.0
WV,PA,2019,0.0
WV,PA,2020,0.0
WV,PA,2021,0.0
WV,PA,2022,0.0
WV,VA,1990,1763937.0
WV,VA,1994,263398.0
WV,VA,1995,0.0
WV,VA,1996,0.0
WV,VA,1997,158661.0
WV,VA,1998,49776.0
WV,VA,1999,0.0
WV,VA,2000,0.0
WV,VA,2001,0.0
WV,VA,2002,0.0
WV,VA,2003,0.0
WV,VA,2004,0.0
WV,VA,2005,0.0
WV,VA,2006,0.0
WV,VA,2007,0.0
WV,VA,2008,0.0
WV,VA,2009,0.0
WV,VA,2010,0.0
WV,VA,2011,0.0
WV,VA,2012,0.0
WV,VA,2013,0.0
WV,VA,2014,0.0
WV,VA,2015,0.0
WV,VA,2016,0.0
WV,VA,2017,0.0
WV,VA,2018,518500.0
WV,VA,2019,0.0
WV,VA,2020,0.0
WV,VA,2021,0.0
WV,VA,2022,0.0
WY,CO,1990,1447444.6
WY,CO,1994,52887.0
WY,CO,1995,0.0
WY,CO,1996,19703.0
WY,CO,1997,230214.0
WY,CO,1998,72590.0
WY,CO,1999,277916.0
WY,CO,2000,138128.4
WY,CO,2001,714285.6
WY,CO,2002,0.0
WY,CO,2003,0.0
WY,CO,2004,0.0
WY,CO,2005,0.0
WY,CO,2006,777750.0
WY,CO,2007,674050.0
WY,CO,2008,445910.0
WY,CO,2009,368342.4
WY,CO,2010,0.0
WY,CO,2011,0.0
WY,CO,2012,0.0
WY,CO,2013,0.0
WY,CO,2014,0.0
WY,CO,2015,0.0
WY,CO,2016,0.0
WY,CO,2017,0.0
WY,CO,2018,230214.0
WY,CO,2019,0.0
WY,CO,2020,0.0
WY,CO,2021,0.0
WY,CO,2022,0.0
WY,MT,1990,162809.0
WY,MT,1994,116144.0
WY,MT,1995,0.0
WY,MT,1996,0.0
WY,MT,1997,0.0
WY,MT,1998,54961.0
WY,MT,1999,0.0
WY,MT,2000,41480.0
WY,MT,2001,0.0
WY,MT,2002,0.0
WY,MT,2003,97478.0
WY,MT,2004,0.0
WY,MT,2005,0.0
WY,MT,2006,0.0
WY,MT,2007,0.0
WY,MT,2008,42517.0
WY,MT,2009,0.0
WY,MT,2010,0.0
WY,MT,2011,494649.0
WY,MT,2012,0.0
WY,MT,2013,0.0
WY,MT,2014,0.0
WY,MT,2015,0.0
WY,MT,2016,0.0
WY,MT,2017,0.0
WY,MT,2018,0.0
WY,MT,2019,0.0
WY,MT,2020,0.0
WY,MT,2021,0.0
WY,MT,2022,0.0
WY,NE,1990,543388.0
WY,NE,1994,0.0
WY,NE,1995,0.0
WY,NE,1996,0.0
WY,NE,1997,373320.0
WY,NE,1998,0.0
WY,NE,1999,0.0
WY,NE,2000,0.0
WY,NE,2001,0.0
WY,NE,2002,335988.0
WY,NE,2003,0.0
WY,NE,2004,0.0
WY,NE,2005,0.0
WY,NE,2006,0.0
WY,NE,2007,0.0
WY,NE,2008,1555500.0
WY,NE,2009,311100.0
WY,NE,2010,0.0
WY,NE,2011,0.0
WY,NE,2012,0.0
WY,NE,2013,0.0
WY,NE,2014,0.0
WY,NE,2015,0.0
WY,NE,2016,0.0
WY,NE,2017,0.0
WY,NE,2018,0.0
WY,NE,2019,0.0
WY,NE,2020,0.0
WY,NE,2021,0.0
WY,NE,2022,0.0
WY,SD,1990,26962.0
WY,SD,1994,1037.0
WY,SD,1995,0.0
WY,SD,1996,0.0
WY,SD,1997,0.0
WY,SD,1998,0.0
WY,SD,1999,0.0
WY,SD,2000,0.0
WY,SD,2001,0.0
WY,SD,2002,0.0
WY,SD,2003,0.0
WY,SD,2004,0.0
WY,SD,2005,0.0
WY,SD,2006,0.0
WY,SD,2007,0.0
WY,SD,2008,0.0
WY,SD,2009,0.0
WY,SD,2010,0.0
WY,SD,2011,0.0
WY,SD,2012,0.0
WY,SD,2013,0.0
WY,SD,2014,0.0
WY,SD,2015,0.0
WY,SD,2016,0.0
WY,SD,2017,0.0
WY,SD,2018,0.0
WY,SD,2019,0.0
WY,SD,2020,0.0
WY,SD,2021,0.0
WY,SD,2022,0.0
WY,UT,1990,1535797.0
WY,UT,1994,860710.0
WY,UT,1995,0.0
WY,UT,1996,21777.0
WY,UT,1997,0.0
WY,UT,1998,138958.0
WY,UT,1999,0.0
WY,UT,2000,0.0
WY,UT,2001,181475.0
WY,UT,2002,0.0
WY,UT,2003,1370914.0
WY,UT,2004,0.0
WY,UT,2005,0.0
WY,UT,2006,0.0
WY,UT,2007,0.0
WY,UT,2008,0.0
WY,UT,2009,0.0
WY,UT,2010,150365.0
WY,UT,2011,1831342.0
WY,UT,2012,0.0
WY,UT,2013,0.0
WY,UT,2014,0.0
WY,UT,2015,0.0
WY,UT,2016,0.0
WY,UT,2017,0.0
WY,UT,2018,0.0
WY,UT,2019,0.0
WY,UT,2020,0.0
WY,UT,2021,0.0
WY,UT,2022,0.0
MN,IA,2023,0.0
CO,OK,2023,0.0
AZ,NM,2023,0.0
AL,MS,2023,0.0
AL,FL,2023,0.0
KY,IN,2023,0.0
WV,KY,2023,5288670.732731359
DE,NJ,2023,0.0
KY,OH,2023,0.0
GA,TN,2023,0.0
AR,OK,2023,0.0
SD,MN,2023,0.0
IA,SD,2023,0.0
SD,IA,2023,0.0
WV,PA,2023,0.0
MT,ND,2023,0.0
MS,TN,2023,0.0
WV,OH,2023,0.0
AR,TX,2023,0.0
GA,AL,2023,0.0
IA,MN,2023,0.0
FL,AL,2023,0.0
MA,NY,2023,0.0
NE,KS,2023,0.0
FL,GA,2023,0.0
KS,NE,2023,0.0
MS,AL,2023,0.0
OK,AR,2023,0.0
OR,ID,2023,0.0
NE,CO,2023,0.0
NM,UT,2023,0.0
UT,NV,2023,734086.9567681346
KY,IL,2023,777750.0
VA,MD,2023,0.0
IL,MO,2023,0.0
AZ,UT,2023,0.0
ID,UT,2023,0.0
WY,ID,2023,0.0
PA,NJ,2023,0.0
MS,LA,2023,0.0
NV,OR,2023,0.0
KY,WV,2023,0.0
SD,NE,2023,0.0
AL,TN,2023,0.0
TN,MO,2023,0.0
SC,GA,2023,0.0
RI,MA,2023,0.0
VA,TN,2023,0.0
IA,NE,2023,0.0
TN,KY,2023,0.0
NE,WY,2023,0.0
NH,VT,2023,13606.226854827619
NV,CA,2023,2710817.7093271315
AL,GA,2023,0.0
VA,DC,2023,0.0
LA,TX,2023,0.0
MD,VA,2023,0.0
WY,SD,2023,61183.0
TX,OK,2023,0.0
WY,MT,2023,0.0
NC,TN,2023,0.0
CA,AZ,2023,0.0
NC,VA,2023,0.0
MT,ID,2023,66249.5730937362
CO,KS,2023,0.0
KY,TN,2023,0.0
TX,LA,2023,0.0
MO,OK,2023,0.0
MN,ND,2023,0.0
KY,VA,2023,0.0
NH,ME,2023,0.0
PA,DE,2023,0.0
MO,KY,2023,0.0
NC,GA,2023,2583140.400344755
NY,MA,2023,1120446.8126969738
MT,WY,2023,0.0
MA,NH,2023,0.0
WV,VA,2023,0.0
DE,PA,2023,0.0
MO,KS,2023,0.0
NJ,NY,2023,0.0
UT,CO,2023,0.0
AR,TN,2023,25925.0
CO,AZ,2023,0.0
SD,ND,2023,0.0
TN,NC,2023,0.0
DC,VA,2023,0.0
OK,NM,2023,0.0
CO,WY,2023,0.0
WY,NE,2023,0.0
TN,AR,2023,0.0
ID,OR,2023,768229.890599566
IL,KY,2023,0.0
WI,IL,2023,0.0
NM,OK,2023,0.0
KS,MO,2023,0.0
WY,UT,2023,0.0
RI,CT,2023,0.0
UT,AZ,2023,0.0
LA,AR,2023,0.0
WI,MI,2023,0.0
CT,RI,2023,285175.0
KS,OK,2023,0.0
IL,IN,2023,0.0
NM,TX,2023,0.0
MO,IL,2023,0.0
ME,NH,2023,0.0
UT,WY,2023,0.0
AR,MS,2023,0.0
AR,LA,2023,0.0
AZ,CA,2023,0.0
OH,KY,2023,0.0
TX,AR,2023,0.0
AZ,NV,2023,0.0
PA,OH,2023,1753567.0
CO,NM,2023,0.0
NM,CO,2023,0.0
IL,WI,2023,0.0
MD,DE,2023,0.0
OH,PA,2023,0.0
WV,MD,2023,0.0
AZ,CO,2023,0.0
KS,CO,2023,0.0
NE,SD,2023,0.0
IA,MO,2023,0.0
MO,AR,2023,0.0
MN,WI,2023,0.0
MD,DC,2023,72756.23834892144
WI,IA,2023,0.0
TN,VA,2023,0.0
GA,SC,2023,0.0
ID,NV,2023,861971.0647165823
ND,MT,2023,0.0
DC,MD,2023,0.0
NE,IA,2023,0.0
MO,IA,2023,541164.4568964511
NV,ID,2023,0.0
NY,NJ,2023,0.0
OK,MO,2023,5210104.666988382
NV,AZ,2023,0.0
MI,OH,2023,0.0
VA,KY,2023,0.0
TN,MS,2023,0.0
MA,CT,2023,0.0
WA,ID,2023,0.0
CO,NE,2023,0.0
ID,WY,2023,0.0
PA,WV,2023,0.0
MO,TN,2023,0.0
LA,MS,2023,0.0
IN,KY,2023,0.0
CT,MA,2023,87108.0
MI,WI,2023,0.0
CO,UT,2023,508130.0
IA,WI,2023,0.0
NY,PA,2023,0.0
ID,WA,2023,0.0
MT,SD,2023,189077.23767509742
KY,MO,2023,0.0
OH,WV,2023,0.0
SD,WY,2023,0.0
UT,ID,2023,0.0
MD,PA,2023,0.0
MO,NE,2023,0.0
IN,OH,2023,0.0
NJ,PA,2023,0.0
ID,MT,2023,0.0
IA,IL,2023,0.0
SC,NC,2023,0.0
NH,MA,2023,0.0
OR,CA,2023,0.0
SD,MT,2023,0.0
NE,MO,2023,0.0
AR,MO,2023,0.0
OH,IN,2023,0.0
IN,IL,2023,0.0
TX,NM,2023,0.0
NC,SC,2023,0.0
VT,NH,2023,3629.492373711326
WI,MN,2023,0.0
NJ,DE,2023,0.0
VA,WV,2023,0.0
VA,NC,2023,3069520.0
ND,SD,2023,0.0
IN,MI,2023,0.0
OR,NV,2023,0.0
VT,MA,2023,0.0
UT,NM,2023,0.0
CA,OR,2023,0.0
DE,MD,2023,0.0
WY,CO,2023,0.0
MD,WV,2023,0.0
ND,MN,2023,0.0
TN,AL,2023,2911755.530434563
TN,GA,2023,1471193.5734222068
NM,AZ,2023,0.0
MI,IN,2023,0.0
MA,VT,2023,20279.142650778616
GA,FL,2023,0.0
NV,UT,2023,0.0
PA,NY,2023,3169182.079026844
GA,NC,2023,0.0
OK,TX,2023,0.0
MA,RI,2023,0.0
OH,MI,2023,515463.3775655981
MN,SD,2023,0.0
OR,WA,2023,0.0
OK,KS,2023,0.0
WA,OR,2023,0.0
IL,IA,2023,0.0
MS,AR,2023,0.0
CA,NV,2023,0.0
OK,CO,2023,0.0
PA,MD,2023,0.0
