BLD_YRS_FOR_GAS_LINE_1,BLD_YRS_FOR_GAS_LINE_2,BuildGl
AL_FL,1990,1021445.0
AL_FL,1991,0.0
AL_FL,1992,0.0
AL_FL,1993,0.0
AL_FL,1994,124440.0
AL_FL,1995,554795.0
AL_FL,1996,0.0
AL_FL,1997,0.0
AL_FL,1998,25925.0
AL_FL,1999,0.0
AL_FL,2000,0.0
AL_FL,2001,207400.0
AL_FL,2002,1480836.0
AL_FL,2003,260287.0
AL_FL,2004,0.0
AL_FL,2005,0.0
AL_FL,2006,0.0
AL_FL,2007,0.0
AL_FL,2008,160735.0
AL_FL,2009,0.0
AL_FL,2010,49776.0
AL_FL,2011,1014186.0
AL_FL,2012,41480.0
AL_FL,2013,0.0
AL_FL,2014,0.0
AL_FL,2015,0.0
AL_FL,2016,0.0
AL_FL,2017,0.0
AL_FL,2018,69479.0
AL_FL,2019,0.0
AL_FL,2020,0.0
AL_FL,2021,0.0
AL_FL,2022,29036.0
AL_GA,1990,5052264.0
AL_GA,1991,0.0
AL_GA,1992,0.0
AL_GA,1993,0.0
AL_GA,1994,90219.0
AL_GA,1995,119255.0
AL_GA,1996,57035.0
AL_GA,1997,150365.0
AL_GA,1998,157624.0
AL_GA,1999,0.0
AL_GA,2000,207400.0
AL_GA,2001,17629.0
AL_GA,2002,487390.0
AL_GA,2003,674050.0
AL_GA,2004,198067.0
AL_GA,2005,0.0
AL_GA,2006,0.0
AL_GA,2007,0.0
AL_GA,2008,0.0
AL_GA,2009,0.0
AL_GA,2010,129625.0
AL_GA,2011,227103.0
AL_GA,2012,228140.0
AL_GA,2013,0.0
AL_GA,2014,0.0
AL_GA,2015,544425.0
AL_GA,2016,0.0
AL_GA,2017,860710.0
AL_GA,2018,751825.0
AL_GA,2019,0.0
AL_GA,2020,230214.0
AL_GA,2021,306952.0
AL_GA,2022,0.0
AL_MS,1990,11289819.0
AL_MS,1991,0.0
AL_MS,1992,0.0
AL_MS,1993,0.0
AL_MS,1994,573461.0
AL_MS,1995,496723.0
AL_MS,1996,57035.0
AL_MS,1997,150365.0
AL_MS,1998,0.0
AL_MS,1999,0.0
AL_MS,2000,0.0
AL_MS,2001,82960.0
AL_MS,2002,692716.0
AL_MS,2003,910486.0
AL_MS,2004,173179.0
AL_MS,2005,0.0
AL_MS,2006,0.0
AL_MS,2007,0.0
AL_MS,2008,3678239.0
AL_MS,2009,1589721.0
AL_MS,2010,0.0
AL_MS,2011,129625.0
AL_MS,2012,129625.0
AL_MS,2013,0.0
AL_MS,2014,1140700.0
AL_MS,2015,388875.0
AL_MS,2016,357765.0
AL_MS,2017,518500.0
AL_MS,2018,71553.0
AL_MS,2019,0.0
AL_MS,2020,77775.0
AL_MS,2021,306952.0
AL_MS,2022,285175.0
AL_TN,1990,3887713.0
AL_TN,1991,0.0
AL_TN,1992,0.0
AL_TN,1993,0.0
AL_TN,1994,346358.0
AL_TN,1995,0.0
AL_TN,1996,0.0
AL_TN,1997,0.0
AL_TN,1998,21777.0
AL_TN,1999,0.0
AL_TN,2000,0.0
AL_TN,2001,0.0
AL_TN,2002,0.0
AL_TN,2003,0.0
AL_TN,2004,59109.0
AL_TN,2005,0.0
AL_TN,2006,0.0
AL_TN,2007,0.0
AL_TN,2008,0.0
AL_TN,2009,466650.0
AL_TN,2010,0.0
AL_TN,2011,0.0
AL_TN,2012,0.0
AL_TN,2013,0.0
AL_TN,2014,1140700.0
AL_TN,2015,388875.0
AL_TN,2016,357765.0
AL_TN,2017,832711.0
AL_TN,2018,0.0
AL_TN,2019,0.0
AL_TN,2020,0.0
AL_TN,2021,0.0
AL_TN,2022,0.0
AR_LA,1990,7709058.0
AR_LA,1991,0.0
AR_LA,1992,0.0
AR_LA,1993,0.0
AR_LA,1994,292434.0
AR_LA,1995,0.0
AR_LA,1996,0.0
AR_LA,1997,15555.0
AR_LA,1998,0.0
AR_LA,1999,0.0
AR_LA,2000,0.0
AR_LA,2001,434503.0
AR_LA,2002,0.0
AR_LA,2003,0.0
AR_LA,2004,0.0
AR_LA,2005,0.0
AR_LA,2006,0.0
AR_LA,2007,0.0
AR_LA,2008,0.0
AR_LA,2009,0.0
AR_LA,2010,0.0
AR_LA,2011,0.0
AR_LA,2012,0.0
AR_LA,2013,0.0
AR_LA,2014,0.0
AR_LA,2015,777750.0
AR_LA,2016,786046.0
AR_LA,2017,2479467.0
AR_LA,2018,0.0
AR_LA,2019,0.0
AR_LA,2020,0.0
AR_LA,2021,0.0
AR_LA,2022,171105.0
AR_MO,1990,2915007.0
AR_MO,1991,0.0
AR_MO,1992,0.0
AR_MO,1993,0.0
AR_MO,1994,0.0
AR_MO,1995,0.0
AR_MO,1996,2074.0
AR_MO,1997,0.0
AR_MO,1998,0.0
AR_MO,1999,0.0
AR_MO,2000,0.0
AR_MO,2001,0.0
AR_MO,2002,0.0
AR_MO,2003,0.0
AR_MO,2004,0.0
AR_MO,2005,0.0
AR_MO,2006,0.0
AR_MO,2007,0.0
AR_MO,2008,0.0
AR_MO,2009,0.0
AR_MO,2010,0.0
AR_MO,2011,0.0
AR_MO,2012,0.0
AR_MO,2013,0.0
AR_MO,2014,0.0
AR_MO,2015,0.0
AR_MO,2016,0.0
AR_MO,2017,0.0
AR_MO,2018,477020.0
AR_MO,2019,0.0
AR_MO,2020,0.0
AR_MO,2021,311100.0
AR_MO,2022,0.0
AR_MS,1990,8822796.0
AR_MS,1991,0.0
AR_MS,1992,0.0
AR_MS,1993,0.0
AR_MS,1994,198067.0
AR_MS,1995,0.0
AR_MS,1996,0.0
AR_MS,1997,0.0
AR_MS,1998,0.0
AR_MS,1999,0.0
AR_MS,2000,0.0
AR_MS,2001,0.0
AR_MS,2002,0.0
AR_MS,2003,0.0
AR_MS,2004,0.0
AR_MS,2005,0.0
AR_MS,2006,0.0
AR_MS,2007,0.0
AR_MS,2008,0.0
AR_MS,2009,1002779.0
AR_MS,2010,2074000.0
AR_MS,2011,0.0
AR_MS,2012,0.0
AR_MS,2013,0.0
AR_MS,2014,0.0
AR_MS,2015,777750.0
AR_MS,2016,786046.0
AR_MS,2017,2479467.0
AR_MS,2018,0.0
AR_MS,2019,0.0
AR_MS,2020,0.0
AR_MS,2021,0.0
AR_MS,2022,171105.0
AR_OK,1990,1910154.0
AR_OK,1991,0.0
AR_OK,1992,0.0
AR_OK,1993,0.0
AR_OK,1994,0.0
AR_OK,1995,0.0
AR_OK,1996,0.0
AR_OK,1997,0.0
AR_OK,1998,0.0
AR_OK,1999,165920.0
AR_OK,2000,0.0
AR_OK,2001,0.0
AR_OK,2002,0.0
AR_OK,2003,0.0
AR_OK,2004,0.0
AR_OK,2005,0.0
AR_OK,2006,25925.0
AR_OK,2007,0.0
AR_OK,2008,0.0
AR_OK,2009,136884.0
AR_OK,2010,0.0
AR_OK,2011,0.0
AR_OK,2012,0.0
AR_OK,2013,0.0
AR_OK,2014,0.0
AR_OK,2015,0.0
AR_OK,2016,0.0
AR_OK,2017,0.0
AR_OK,2018,0.0
AR_OK,2019,0.0
AR_OK,2020,0.0
AR_OK,2021,0.0
AR_OK,2022,0.0
AR_TN,1990,25925.0
AR_TN,1991,0.0
AR_TN,1992,0.0
AR_TN,1993,0.0
AR_TN,1994,0.0
AR_TN,1995,0.0
AR_TN,1996,0.0
AR_TN,1997,0.0
AR_TN,1998,0.0
AR_TN,1999,0.0
AR_TN,2000,0.0
AR_TN,2001,0.0
AR_TN,2002,0.0
AR_TN,2003,0.0
AR_TN,2004,0.0
AR_TN,2005,0.0
AR_TN,2006,0.0
AR_TN,2007,0.0
AR_TN,2008,0.0
AR_TN,2009,0.0
AR_TN,2010,0.0
AR_TN,2011,0.0
AR_TN,2012,0.0
AR_TN,2013,0.0
AR_TN,2014,0.0
AR_TN,2015,0.0
AR_TN,2016,0.0
AR_TN,2017,0.0
AR_TN,2018,0.0
AR_TN,2019,0.0
AR_TN,2020,0.0
AR_TN,2021,0.0
AR_TN,2022,0.0
AR_TX,1990,1919487.0
AR_TX,1991,0.0
AR_TX,1992,0.0
AR_TX,1993,0.0
AR_TX,1994,229177.0
AR_TX,1995,0.0
AR_TX,1996,0.0
AR_TX,1997,0.0
AR_TX,1998,0.0
AR_TX,1999,0.0
AR_TX,2000,0.0
AR_TX,2001,0.0
AR_TX,2002,0.0
AR_TX,2003,0.0
AR_TX,2004,0.0
AR_TX,2005,0.0
AR_TX,2006,0.0
AR_TX,2007,0.0
AR_TX,2008,0.0
AR_TX,2009,0.0
AR_TX,2010,0.0
AR_TX,2011,116144.0
AR_TX,2012,0.0
AR_TX,2013,0.0
AR_TX,2014,0.0
AR_TX,2015,0.0
AR_TX,2016,0.0
AR_TX,2017,0.0
AR_TX,2018,477020.0
AR_TX,2019,0.0
AR_TX,2020,0.0
AR_TX,2021,311100.0
AR_TX,2022,0.0
AZ_CA,1990,3608760.0
AZ_CA,1991,0.0
AZ_CA,1992,0.0
AZ_CA,1993,0.0
AZ_CA,1994,1394765.0
AZ_CA,1995,0.0
AZ_CA,1996,0.0
AZ_CA,1997,0.0
AZ_CA,1998,0.0
AZ_CA,1999,0.0
AZ_CA,2000,0.0
AZ_CA,2001,0.0
AZ_CA,2002,964410.0
AZ_CA,2003,0.0
AZ_CA,2004,0.0
AZ_CA,2005,520574.0
AZ_CA,2006,0.0
AZ_CA,2007,636718.0
AZ_CA,2008,0.0
AZ_CA,2009,0.0
AZ_CA,2010,83997.0
AZ_CA,2011,0.0
AZ_CA,2012,0.0
AZ_CA,2013,0.0
AZ_CA,2014,0.0
AZ_CA,2015,0.0
AZ_CA,2016,0.0
AZ_CA,2017,0.0
AZ_CA,2018,188734.0
AZ_CA,2019,0.0
AZ_CA,2020,342210.0
AZ_CA,2021,0.0
AZ_CA,2022,513315.0
AZ_CO,1990,0.0
AZ_CO,1991,0.0
AZ_CO,1992,0.0
AZ_CO,1993,0.0
AZ_CO,1994,0.0
AZ_CO,1995,0.0
AZ_CO,1996,0.0
AZ_CO,1997,0.0
AZ_CO,1998,0.0
AZ_CO,1999,0.0
AZ_CO,2000,0.0
AZ_CO,2001,0.0
AZ_CO,2002,0.0
AZ_CO,2003,0.0
AZ_CO,2004,0.0
AZ_CO,2005,0.0
AZ_CO,2006,0.0
AZ_CO,2007,0.0
AZ_CO,2008,0.0
AZ_CO,2009,0.0
AZ_CO,2010,0.0
AZ_CO,2011,0.0
AZ_CO,2012,0.0
AZ_CO,2013,0.0
AZ_CO,2014,0.0
AZ_CO,2015,0.0
AZ_CO,2016,0.0
AZ_CO,2017,0.0
AZ_CO,2018,0.0
AZ_CO,2019,0.0
AZ_CO,2020,0.0
AZ_CO,2021,0.0
AZ_CO,2022,0.0
AZ_NM,1990,4221627.0
AZ_NM,1991,0.0
AZ_NM,1992,0.0
AZ_NM,1993,0.0
AZ_NM,1994,1196698.0
AZ_NM,1995,0.0
AZ_NM,1996,0.0
AZ_NM,1997,0.0
AZ_NM,1998,0.0
AZ_NM,1999,0.0
AZ_NM,2000,141032.0
AZ_NM,2001,0.0
AZ_NM,2002,328729.0
AZ_NM,2003,0.0
AZ_NM,2004,331840.0
AZ_NM,2005,0.0
AZ_NM,2006,0.0
AZ_NM,2007,0.0
AZ_NM,2008,0.0
AZ_NM,2009,0.0
AZ_NM,2010,0.0
AZ_NM,2011,0.0
AZ_NM,2012,0.0
AZ_NM,2013,0.0
AZ_NM,2014,0.0
AZ_NM,2015,0.0
AZ_NM,2016,0.0
AZ_NM,2017,0.0
AZ_NM,2018,188734.0
AZ_NM,2019,0.0
AZ_NM,2020,248880.0
AZ_NM,2021,0.0
AZ_NM,2022,0.0
AZ_NV,1990,171105.0
AZ_NV,1991,0.0
AZ_NV,1992,0.0
AZ_NV,1993,0.0
AZ_NV,1994,0.0
AZ_NV,1995,0.0
AZ_NV,1996,0.0
AZ_NV,1997,0.0
AZ_NV,1998,0.0
AZ_NV,1999,0.0
AZ_NV,2000,0.0
AZ_NV,2001,0.0
AZ_NV,2002,0.0
AZ_NV,2003,0.0
AZ_NV,2004,0.0
AZ_NV,2005,0.0
AZ_NV,2006,0.0
AZ_NV,2007,0.0
AZ_NV,2008,0.0
AZ_NV,2009,0.0
AZ_NV,2010,0.0
AZ_NV,2011,0.0
AZ_NV,2012,0.0
AZ_NV,2013,0.0
AZ_NV,2014,0.0
AZ_NV,2015,0.0
AZ_NV,2016,0.0
AZ_NV,2017,0.0
AZ_NV,2018,0.0
AZ_NV,2019,0.0
AZ_NV,2020,0.0
AZ_NV,2021,0.0
AZ_NV,2022,0.0
AZ_UT,1990,0.0
AZ_UT,1991,0.0
AZ_UT,1992,0.0
AZ_UT,1993,0.0
AZ_UT,1994,0.0
AZ_UT,1995,0.0
AZ_UT,1996,0.0
AZ_UT,1997,0.0
AZ_UT,1998,0.0
AZ_UT,1999,0.0
AZ_UT,2000,0.0
AZ_UT,2001,0.0
AZ_UT,2002,0.0
AZ_UT,2003,0.0
AZ_UT,2004,0.0
AZ_UT,2005,0.0
AZ_UT,2006,0.0
AZ_UT,2007,0.0
AZ_UT,2008,0.0
AZ_UT,2009,0.0
AZ_UT,2010,0.0
AZ_UT,2011,0.0
AZ_UT,2012,0.0
AZ_UT,2013,0.0
AZ_UT,2014,0.0
AZ_UT,2015,0.0
AZ_UT,2016,0.0
AZ_UT,2017,0.0
AZ_UT,2018,0.0
AZ_UT,2019,0.0
AZ_UT,2020,0.0
AZ_UT,2021,0.0
AZ_UT,2022,0.0
CA_NV,1990,21777.0
CA_NV,1991,0.0
CA_NV,1992,0.0
CA_NV,1993,0.0
CA_NV,1994,735233.0
CA_NV,1995,111996.0
CA_NV,1996,0.0
CA_NV,1997,13481.0
CA_NV,1998,0.0
CA_NV,1999,0.0
CA_NV,2000,0.0
CA_NV,2001,139995.0
CA_NV,2002,55998.0
CA_NV,2003,933300.0
CA_NV,2004,0.0
CA_NV,2005,0.0
CA_NV,2006,0.0
CA_NV,2007,0.0
CA_NV,2008,0.0
CA_NV,2009,0.0
CA_NV,2010,150365.0
CA_NV,2011,275842.0
CA_NV,2012,0.0
CA_NV,2013,0.0
CA_NV,2014,0.0
CA_NV,2015,0.0
CA_NV,2016,0.0
CA_NV,2017,0.0
CA_NV,2018,0.0
CA_NV,2019,0.0
CA_NV,2020,0.0
CA_NV,2021,15555.0
CA_NV,2022,0.0
CA_OR,1990,1171810.0
CA_OR,1991,0.0
CA_OR,1992,0.0
CA_OR,1993,0.0
CA_OR,1994,684420.0
CA_OR,1995,114070.0
CA_OR,1996,0.0
CA_OR,1997,0.0
CA_OR,1998,76738.0
CA_OR,1999,0.0
CA_OR,2000,20740.0
CA_OR,2001,0.0
CA_OR,2002,270657.0
CA_OR,2003,0.0
CA_OR,2004,0.0
CA_OR,2005,0.0
CA_OR,2006,0.0
CA_OR,2007,0.0
CA_OR,2008,0.0
CA_OR,2009,0.0
CA_OR,2010,0.0
CA_OR,2011,0.0
CA_OR,2012,0.0
CA_OR,2013,0.0
CA_OR,2014,0.0
CA_OR,2015,0.0
CA_OR,2016,0.0
CA_OR,2017,0.0
CA_OR,2018,0.0
CA_OR,2019,0.0
CA_OR,2020,0.0
CA_OR,2021,15555.0
CA_OR,2022,0.0
CO_KS,1990,435540.0
CO_KS,1991,0.0
CO_KS,1992,0.0
CO_KS,1993,0.0
CO_KS,1994,31110.0
CO_KS,1995,0.0
CO_KS,1996,0.0
CO_KS,1997,31110.0
CO_KS,1998,0.0
CO_KS,1999,0.0
CO_KS,2000,89182.0
CO_KS,2001,0.0
CO_KS,2002,0.0
CO_KS,2003,0.0
CO_KS,2004,580720.0
CO_KS,2005,284138.0
CO_KS,2006,0.0
CO_KS,2007,30073.0
CO_KS,2008,93330.0
CO_KS,2009,0.0
CO_KS,2010,0.0
CO_KS,2011,0.0
CO_KS,2012,0.0
CO_KS,2013,0.0
CO_KS,2014,0.0
CO_KS,2015,0.0
CO_KS,2016,0.0
CO_KS,2017,0.0
CO_KS,2018,0.0
CO_KS,2019,0.0
CO_KS,2020,0.0
CO_KS,2021,0.0
CO_KS,2022,0.0
CO_NE,1990,442799.0
CO_NE,1991,0.0
CO_NE,1992,0.0
CO_NE,1993,0.0
CO_NE,1994,59109.0
CO_NE,1995,0.0
CO_NE,1996,0.0
CO_NE,1997,497760.0
CO_NE,1998,0.0
CO_NE,1999,0.0
CO_NE,2000,0.0
CO_NE,2001,0.0
CO_NE,2002,335988.0
CO_NE,2003,0.0
CO_NE,2004,64294.0
CO_NE,2005,0.0
CO_NE,2006,0.0
CO_NE,2007,0.0
CO_NE,2008,1555500.0
CO_NE,2009,311618.5
CO_NE,2010,0.0
CO_NE,2011,0.0
CO_NE,2012,0.0
CO_NE,2013,0.0
CO_NE,2014,0.0
CO_NE,2015,0.0
CO_NE,2016,0.0
CO_NE,2017,0.0
CO_NE,2018,0.0
CO_NE,2019,0.0
CO_NE,2020,0.0
CO_NE,2021,0.0
CO_NE,2022,0.0
CO_NM,1990,614941.0
CO_NM,1991,0.0
CO_NM,1992,0.0
CO_NM,1993,0.0
CO_NM,1994,402356.0
CO_NM,1995,54961.0
CO_NM,1996,255102.0
CO_NM,1997,0.0
CO_NM,1998,145180.0
CO_NM,1999,311100.0
CO_NM,2000,0.0
CO_NM,2001,0.0
CO_NM,2002,0.0
CO_NM,2003,0.0
CO_NM,2004,282064.0
CO_NM,2005,0.0
CO_NM,2006,0.0
CO_NM,2007,259250.0
CO_NM,2008,0.0
CO_NM,2009,0.0
CO_NM,2010,0.0
CO_NM,2011,0.0
CO_NM,2012,0.0
CO_NM,2013,0.0
CO_NM,2014,0.0
CO_NM,2015,0.0
CO_NM,2016,0.0
CO_NM,2017,0.0
CO_NM,2018,0.0
CO_NM,2019,0.0
CO_NM,2020,0.0
CO_NM,2021,0.0
CO_NM,2022,0.0
CO_OK,1990,207400.0
CO_OK,1991,0.0
CO_OK,1992,0.0
CO_OK,1993,0.0
CO_OK,1994,51850.0
CO_OK,1995,0.0
CO_OK,1996,0.0
CO_OK,1997,0.0
CO_OK,1998,0.0
CO_OK,1999,0.0
CO_OK,2000,0.0
CO_OK,2001,86071.0
CO_OK,2002,49776.0
CO_OK,2003,0.0
CO_OK,2004,0.0
CO_OK,2005,107848.0
CO_OK,2006,0.0
CO_OK,2007,30073.0
CO_OK,2008,0.0
CO_OK,2009,0.0
CO_OK,2010,0.0
CO_OK,2011,0.0
CO_OK,2012,0.0
CO_OK,2013,0.0
CO_OK,2014,0.0
CO_OK,2015,0.0
CO_OK,2016,0.0
CO_OK,2017,0.0
CO_OK,2018,0.0
CO_OK,2019,0.0
CO_OK,2020,0.0
CO_OK,2021,0.0
CO_OK,2022,0.0
CO_UT,1990,428281.0
CO_UT,1991,0.0
CO_UT,1992,0.0
CO_UT,1993,0.0
CO_UT,1994,302804.0
CO_UT,1995,0.0
CO_UT,1996,0.0
CO_UT,1997,0.0
CO_UT,1998,0.0
CO_UT,1999,0.0
CO_UT,2000,0.0
CO_UT,2001,0.0
CO_UT,2002,0.0
CO_UT,2003,0.0
CO_UT,2004,0.0
CO_UT,2005,0.0
CO_UT,2006,0.0
CO_UT,2007,0.0
CO_UT,2008,77775.0
CO_UT,2009,127551.0
CO_UT,2010,155550.0
CO_UT,2011,0.0
CO_UT,2012,0.0
CO_UT,2013,0.0
CO_UT,2014,0.0
CO_UT,2015,0.0
CO_UT,2016,0.0
CO_UT,2017,0.0
CO_UT,2018,0.0
CO_UT,2019,0.0
CO_UT,2020,0.0
CO_UT,2021,0.0
CO_UT,2022,0.0
CO_WY,1990,1447444.6
CO_WY,1991,0.0
CO_WY,1992,0.0
CO_WY,1993,0.0
CO_WY,1994,309026.0
CO_WY,1995,0.0
CO_WY,1996,19703.0
CO_WY,1997,230214.0
CO_WY,1998,72590.0
CO_WY,1999,277916.0
CO_WY,2000,138128.4
CO_WY,2001,714285.6
CO_WY,2002,335988.0
CO_WY,2003,0.0
CO_WY,2004,0.0
CO_WY,2005,0.0
CO_WY,2006,1131367.0
CO_WY,2007,674050.0
CO_WY,2008,1555500.0
CO_WY,2009,368342.4
CO_WY,2010,0.0
CO_WY,2011,0.0
CO_WY,2012,0.0
CO_WY,2013,0.0
CO_WY,2014,0.0
CO_WY,2015,0.0
CO_WY,2016,0.0
CO_WY,2017,0.0
CO_WY,2018,230214.0
CO_WY,2019,0.0
CO_WY,2020,0.0
CO_WY,2021,0.0
CO_WY,2022,0.0
CT_MA,1990,83997.0
CT_MA,1991,0.0
CT_MA,1992,0.0
CT_MA,1993,0.0
CT_MA,1994,0.0
CT_MA,1995,0.0
CT_MA,1996,0.0
CT_MA,1997,0.0
CT_MA,1998,0.0
CT_MA,1999,0.0
CT_MA,2000,0.0
CT_MA,2001,86071.0
CT_MA,2002,0.0
CT_MA,2003,0.0
CT_MA,2004,0.0
CT_MA,2005,0.0
CT_MA,2006,0.0
CT_MA,2007,0.0
CT_MA,2008,0.0
CT_MA,2009,0.0
CT_MA,2010,0.0
CT_MA,2011,0.0
CT_MA,2012,0.0
CT_MA,2013,0.0
CT_MA,2014,0.0
CT_MA,2015,0.0
CT_MA,2016,0.0
CT_MA,2017,0.0
CT_MA,2018,0.0
CT_MA,2019,0.0
CT_MA,2020,0.0
CT_MA,2021,46665.0
CT_MA,2022,0.0
CT_NY,1990,1088850.0
CT_NY,1991,0.0
CT_NY,1992,0.0
CT_NY,1993,0.0
CT_NY,1994,469761.0
CT_NY,1995,70516.0
CT_NY,1996,0.0
CT_NY,1997,0.0
CT_NY,1998,36295.0
CT_NY,1999,30073.0
CT_NY,2000,15555.0
CT_NY,2001,13481.0
CT_NY,2002,81923.0
CT_NY,2003,0.0
CT_NY,2004,238510.0
CT_NY,2005,0.0
CT_NY,2006,0.0
CT_NY,2007,0.0
CT_NY,2008,433466.0
CT_NY,2009,103700.0
CT_NY,2010,285175.0
CT_NY,2011,0.0
CT_NY,2012,0.0
CT_NY,2013,0.0
CT_NY,2014,0.0
CT_NY,2015,0.0
CT_NY,2016,354654.0
CT_NY,2017,116144.0
CT_NY,2018,0.0
CT_NY,2019,0.0
CT_NY,2020,0.0
CT_NY,2021,96441.0
CT_NY,2022,0.0
CT_RI,1990,689605.0
CT_RI,1991,0.0
CT_RI,1992,0.0
CT_RI,1993,0.0
CT_RI,1994,98515.0
CT_RI,1995,0.0
CT_RI,1996,0.0
CT_RI,1997,0.0
CT_RI,1998,0.0
CT_RI,1999,0.0
CT_RI,2000,0.0
CT_RI,2001,0.0
CT_RI,2002,0.0
CT_RI,2003,0.0
CT_RI,2004,0.0
CT_RI,2005,0.0
CT_RI,2006,0.0
CT_RI,2007,0.0
CT_RI,2008,0.0
CT_RI,2009,0.0
CT_RI,2010,285175.0
CT_RI,2011,0.0
CT_RI,2012,0.0
CT_RI,2013,0.0
CT_RI,2014,0.0
CT_RI,2015,0.0
CT_RI,2016,354654.0
CT_RI,2017,41480.0
CT_RI,2018,0.0
CT_RI,2019,0.0
CT_RI,2020,0.0
CT_RI,2021,96441.0
CT_RI,2022,0.0
DC_MD,1990,41480.0
DC_MD,1991,0.0
DC_MD,1992,0.0
DC_MD,1993,0.0
DC_MD,1994,41480.0
DC_MD,1995,0.0
DC_MD,1996,0.0
DC_MD,1997,0.0
DC_MD,1998,0.0
DC_MD,1999,0.0
DC_MD,2000,0.0
DC_MD,2001,0.0
DC_MD,2002,0.0
DC_MD,2003,0.0
DC_MD,2004,0.0
DC_MD,2005,0.0
DC_MD,2006,0.0
DC_MD,2007,0.0
DC_MD,2008,0.0
DC_MD,2009,0.0
DC_MD,2010,0.0
DC_MD,2011,0.0
DC_MD,2012,0.0
DC_MD,2013,0.0
DC_MD,2014,0.0
DC_MD,2015,0.0
DC_MD,2016,0.0
DC_MD,2017,0.0
DC_MD,2018,0.0
DC_MD,2019,0.0
DC_MD,2020,0.0
DC_MD,2021,0.0
DC_MD,2022,0.0
DC_VA,1990,103700.0
DC_VA,1991,0.0
DC_VA,1992,0.0
DC_VA,1993,0.0
DC_VA,1994,20740.0
DC_VA,1995,0.0
DC_VA,1996,0.0
DC_VA,1997,0.0
DC_VA,1998,0.0
DC_VA,1999,0.0
DC_VA,2000,0.0
DC_VA,2001,0.0
DC_VA,2002,0.0
DC_VA,2003,62220.0
DC_VA,2004,0.0
DC_VA,2005,0.0
DC_VA,2006,0.0
DC_VA,2007,0.0
DC_VA,2008,0.0
DC_VA,2009,0.0
DC_VA,2010,0.0
DC_VA,2011,0.0
DC_VA,2012,0.0
DC_VA,2013,0.0
DC_VA,2014,0.0
DC_VA,2015,0.0
DC_VA,2016,0.0
DC_VA,2017,0.0
DC_VA,2018,0.0
DC_VA,2019,0.0
DC_VA,2020,0.0
DC_VA,2021,0.0
DC_VA,2022,0.0
DE_MD,1990,49776.0
DE_MD,1991,0.0
DE_MD,1992,0.0
DE_MD,1993,0.0
DE_MD,1994,6947.9
DE_MD,1995,0.0
DE_MD,1996,0.0
DE_MD,1997,5185.0
DE_MD,1998,2592.5
DE_MD,1999,0.0
DE_MD,2000,0.0
DE_MD,2001,12236.6
DE_MD,2002,5185.0
DE_MD,2003,0.0
DE_MD,2004,4873.9
DE_MD,2005,19599.3
DE_MD,2006,27169.4
DE_MD,2007,10577.4
DE_MD,2008,11407.0
DE_MD,2009,0.0
DE_MD,2010,0.0
DE_MD,2011,0.0
DE_MD,2012,0.0
DE_MD,2013,0.0
DE_MD,2014,0.0
DE_MD,2015,0.0
DE_MD,2016,0.0
DE_MD,2017,0.0
DE_MD,2018,0.0
DE_MD,2019,63257.0
DE_MD,2020,0.0
DE_MD,2021,14518.0
DE_MD,2022,0.0
DE_NJ,1990,0.0
DE_NJ,1991,0.0
DE_NJ,1992,0.0
DE_NJ,1993,0.0
DE_NJ,1994,146217.0
DE_NJ,1995,0.0
DE_NJ,1996,0.0
DE_NJ,1997,0.0
DE_NJ,1998,0.0
DE_NJ,1999,0.0
DE_NJ,2000,0.0
DE_NJ,2001,0.0
DE_NJ,2002,0.0
DE_NJ,2003,0.0
DE_NJ,2004,0.0
DE_NJ,2005,0.0
DE_NJ,2006,0.0
DE_NJ,2007,0.0
DE_NJ,2008,0.0
DE_NJ,2009,0.0
DE_NJ,2010,0.0
DE_NJ,2011,0.0
DE_NJ,2012,0.0
DE_NJ,2013,0.0
DE_NJ,2014,0.0
DE_NJ,2015,0.0
DE_NJ,2016,0.0
DE_NJ,2017,0.0
DE_NJ,2018,0.0
DE_NJ,2019,0.0
DE_NJ,2020,0.0
DE_NJ,2021,0.0
DE_NJ,2022,0.0
DE_PA,1990,257176.0
DE_PA,1991,0.0
DE_PA,1992,0.0
DE_PA,1993,0.0
DE_PA,1994,98515.0
DE_PA,1995,15555.0
DE_PA,1996,0.0
DE_PA,1997,0.0
DE_PA,1998,5185.0
DE_PA,1999,9333.0
DE_PA,2000,8296.0
DE_PA,2001,0.0
DE_PA,2002,0.0
DE_PA,2003,0.0
DE_PA,2004,0.0
DE_PA,2005,0.0
DE_PA,2006,0.0
DE_PA,2007,0.0
DE_PA,2008,0.0
DE_PA,2009,0.0
DE_PA,2010,0.0
DE_PA,2011,0.0
DE_PA,2012,0.0
DE_PA,2013,0.0
DE_PA,2014,254065.0
DE_PA,2015,107848.0
DE_PA,2016,0.0
DE_PA,2017,0.0
DE_PA,2018,0.0
DE_PA,2019,0.0
DE_PA,2020,0.0
DE_PA,2021,0.0
DE_PA,2022,0.0
FL_GA,1990,44591.0
FL_GA,1991,0.0
FL_GA,1992,0.0
FL_GA,1993,0.0
FL_GA,1994,13481.0
FL_GA,1995,0.0
FL_GA,1996,0.0
FL_GA,1997,0.0
FL_GA,1998,0.0
FL_GA,1999,0.0
FL_GA,2000,0.0
FL_GA,2001,0.0
FL_GA,2002,0.0
FL_GA,2003,0.0
FL_GA,2004,0.0
FL_GA,2005,0.0
FL_GA,2006,0.0
FL_GA,2007,368135.0
FL_GA,2008,0.0
FL_GA,2009,0.0
FL_GA,2010,0.0
FL_GA,2011,0.0
FL_GA,2012,0.0
FL_GA,2013,0.0
FL_GA,2014,0.0
FL_GA,2015,0.0
FL_GA,2016,243695.0
FL_GA,2017,860710.0
FL_GA,2018,0.0
FL_GA,2019,0.0
FL_GA,2020,230214.0
FL_GA,2021,0.0
FL_GA,2022,0.0
GA_NC,1990,0.0
GA_NC,1991,0.0
GA_NC,1992,0.0
GA_NC,1993,0.0
GA_NC,1994,0.0
GA_NC,1995,0.0
GA_NC,1996,0.0
GA_NC,1997,0.0
GA_NC,1998,0.0
GA_NC,1999,0.0
GA_NC,2000,0.0
GA_NC,2001,0.0
GA_NC,2002,0.0
GA_NC,2003,0.0
GA_NC,2004,0.0
GA_NC,2005,0.0
GA_NC,2006,0.0
GA_NC,2007,0.0
GA_NC,2008,0.0
GA_NC,2009,0.0
GA_NC,2010,0.0
GA_NC,2011,0.0
GA_NC,2012,0.0
GA_NC,2013,0.0
GA_NC,2014,0.0
GA_NC,2015,0.0
GA_NC,2016,0.0
GA_NC,2017,0.0
GA_NC,2018,0.0
GA_NC,2019,0.0
GA_NC,2020,0.0
GA_NC,2021,0.0
GA_NC,2022,0.0
GA_SC,1990,3315289.0
GA_SC,1991,0.0
GA_SC,1992,0.0
GA_SC,1993,0.0
GA_SC,1994,50813.0
GA_SC,1995,119255.0
GA_SC,1996,57035.0
GA_SC,1997,197030.0
GA_SC,1998,0.0
GA_SC,1999,0.0
GA_SC,2000,0.0
GA_SC,2001,0.0
GA_SC,2002,238510.0
GA_SC,2003,520574.0
GA_SC,2004,198067.0
GA_SC,2005,0.0
GA_SC,2006,0.0
GA_SC,2007,0.0
GA_SC,2008,0.0
GA_SC,2009,0.0
GA_SC,2010,0.0
GA_SC,2011,227103.0
GA_SC,2012,98515.0
GA_SC,2013,0.0
GA_SC,2014,0.0
GA_SC,2015,544425.0
GA_SC,2016,0.0
GA_SC,2017,466650.0
GA_SC,2018,751825.0
GA_SC,2019,0.0
GA_SC,2020,0.0
GA_SC,2021,306952.0
GA_SC,2022,0.0
GA_TN,1990,64294.0
GA_TN,1991,0.0
GA_TN,1992,0.0
GA_TN,1993,0.0
GA_TN,1994,0.0
GA_TN,1995,11407.0
GA_TN,1996,0.0
GA_TN,1997,0.0
GA_TN,1998,98515.0
GA_TN,1999,0.0
GA_TN,2000,0.0
GA_TN,2001,0.0
GA_TN,2002,165920.0
GA_TN,2003,0.0
GA_TN,2004,0.0
GA_TN,2005,0.0
GA_TN,2006,0.0
GA_TN,2007,0.0
GA_TN,2008,0.0
GA_TN,2009,0.0
GA_TN,2010,0.0
GA_TN,2011,0.0
GA_TN,2012,0.0
GA_TN,2013,0.0
GA_TN,2014,0.0
GA_TN,2015,0.0
GA_TN,2016,0.0
GA_TN,2017,0.0
GA_TN,2018,0.0
GA_TN,2019,0.0
GA_TN,2020,0.0
GA_TN,2021,0.0
GA_TN,2022,0.0
IA_IL,1990,2878712.0
IA_IL,1991,0.0
IA_IL,1992,0.0
IA_IL,1993,0.0
IA_IL,1994,119255.0
IA_IL,1995,51850.0
IA_IL,1996,22814.0
IA_IL,1997,0.0
IA_IL,1998,808860.0
IA_IL,1999,0.0
IA_IL,2000,1692384.0
IA_IL,2001,202215.0
IA_IL,2002,174216.0
IA_IL,2003,0.0
IA_IL,2004,0.0
IA_IL,2005,77775.0
IA_IL,2006,134810.0
IA_IL,2007,0.0
IA_IL,2008,0.0
IA_IL,2009,0.0
IA_IL,2010,0.0
IA_IL,2011,0.0
IA_IL,2012,0.0
IA_IL,2013,0.0
IA_IL,2014,0.0
IA_IL,2015,0.0
IA_IL,2016,0.0
IA_IL,2017,0.0
IA_IL,2018,0.0
IA_IL,2019,0.0
IA_IL,2020,0.0
IA_IL,2021,0.0
IA_IL,2022,0.0
IA_MN,1990,1265140.0
IA_MN,1991,0.0
IA_MN,1992,0.0
IA_MN,1993,0.0
IA_MN,1994,486353.0
IA_MN,1995,0.0
IA_MN,1996,111996.0
IA_MN,1997,250954.0
IA_MN,1998,699975.0
IA_MN,1999,0.0
IA_MN,2000,1692384.0
IA_MN,2001,0.0
IA_MN,2002,174216.0
IA_MN,2003,0.0
IA_MN,2004,0.0
IA_MN,2005,77775.0
IA_MN,2006,0.0
IA_MN,2007,228140.0
IA_MN,2008,0.0
IA_MN,2009,0.0
IA_MN,2010,0.0
IA_MN,2011,0.0
IA_MN,2012,0.0
IA_MN,2013,0.0
IA_MN,2014,0.0
IA_MN,2015,0.0
IA_MN,2016,0.0
IA_MN,2017,0.0
IA_MN,2018,0.0
IA_MN,2019,0.0
IA_MN,2020,0.0
IA_MN,2021,0.0
IA_MN,2022,0.0
IA_MO,1990,625311.0
IA_MO,1991,0.0
IA_MO,1992,0.0
IA_MO,1993,0.0
IA_MO,1994,79849.0
IA_MO,1995,0.0
IA_MO,1996,0.0
IA_MO,1997,0.0
IA_MO,1998,0.0
IA_MO,1999,0.0
IA_MO,2000,0.0
IA_MO,2001,0.0
IA_MO,2002,0.0
IA_MO,2003,0.0
IA_MO,2004,0.0
IA_MO,2005,0.0
IA_MO,2006,0.0
IA_MO,2007,0.0
IA_MO,2008,0.0
IA_MO,2009,0.0
IA_MO,2010,0.0
IA_MO,2011,0.0
IA_MO,2012,0.0
IA_MO,2013,0.0
IA_MO,2014,0.0
IA_MO,2015,0.0
IA_MO,2016,0.0
IA_MO,2017,0.0
IA_MO,2018,0.0
IA_MO,2019,0.0
IA_MO,2020,0.0
IA_MO,2021,0.0
IA_MO,2022,0.0
IA_NE,1990,3322548.0
IA_NE,1991,0.0
IA_NE,1992,0.0
IA_NE,1993,0.0
IA_NE,1994,0.0
IA_NE,1995,0.0
IA_NE,1996,0.0
IA_NE,1997,0.0
IA_NE,1998,0.0
IA_NE,1999,0.0
IA_NE,2000,0.0
IA_NE,2001,0.0
IA_NE,2002,93330.0
IA_NE,2003,0.0
IA_NE,2004,0.0
IA_NE,2005,0.0
IA_NE,2006,0.0
IA_NE,2007,8296.0
IA_NE,2008,0.0
IA_NE,2009,0.0
IA_NE,2010,0.0
IA_NE,2011,0.0
IA_NE,2012,0.0
IA_NE,2013,0.0
IA_NE,2014,0.0
IA_NE,2015,0.0
IA_NE,2016,0.0
IA_NE,2017,0.0
IA_NE,2018,0.0
IA_NE,2019,0.0
IA_NE,2020,0.0
IA_NE,2021,0.0
IA_NE,2022,0.0
IA_SD,1990,80886.0
IA_SD,1991,0.0
IA_SD,1992,0.0
IA_SD,1993,0.0
IA_SD,1994,0.0
IA_SD,1995,0.0
IA_SD,1996,0.0
IA_SD,1997,0.0
IA_SD,1998,0.0
IA_SD,1999,0.0
IA_SD,2000,0.0
IA_SD,2001,0.0
IA_SD,2002,0.0
IA_SD,2003,0.0
IA_SD,2004,0.0
IA_SD,2005,0.0
IA_SD,2006,0.0
IA_SD,2007,16592.0
IA_SD,2008,0.0
IA_SD,2009,0.0
IA_SD,2010,0.0
IA_SD,2011,0.0
IA_SD,2012,0.0
IA_SD,2013,0.0
IA_SD,2014,0.0
IA_SD,2015,0.0
IA_SD,2016,0.0
IA_SD,2017,0.0
IA_SD,2018,0.0
IA_SD,2019,0.0
IA_SD,2020,0.0
IA_SD,2021,0.0
IA_SD,2022,0.0
IA_WI,1990,0.0
IA_WI,1991,0.0
IA_WI,1992,0.0
IA_WI,1993,0.0
IA_WI,1994,0.0
IA_WI,1995,0.0
IA_WI,1996,0.0
IA_WI,1997,0.0
IA_WI,1998,0.0
IA_WI,1999,0.0
IA_WI,2000,0.0
IA_WI,2001,0.0
IA_WI,2002,0.0
IA_WI,2003,0.0
IA_WI,2004,0.0
IA_WI,2005,0.0
IA_WI,2006,0.0
IA_WI,2007,0.0
IA_WI,2008,0.0
IA_WI,2009,0.0
IA_WI,2010,0.0
IA_WI,2011,0.0
IA_WI,2012,0.0
IA_WI,2013,0.0
IA_WI,2014,0.0
IA_WI,2015,0.0
IA_WI,2016,0.0
IA_WI,2017,0.0
IA_WI,2018,0.0
IA_WI,2019,0.0
IA_WI,2020,0.0
IA_WI,2021,0.0
IA_WI,2022,0.0
ID_MT,1990,0.0
ID_MT,1991,0.0
ID_MT,1992,0.0
ID_MT,1993,0.0
ID_MT,1994,0.0
ID_MT,1995,0.0
ID_MT,1996,0.0
ID_MT,1997,0.0
ID_MT,1998,0.0
ID_MT,1999,0.0
ID_MT,2000,0.0
ID_MT,2001,0.0
ID_MT,2002,0.0
ID_MT,2003,0.0
ID_MT,2004,0.0
ID_MT,2005,0.0
ID_MT,2006,0.0
ID_MT,2007,0.0
ID_MT,2008,0.0
ID_MT,2009,0.0
ID_MT,2010,0.0
ID_MT,2011,0.0
ID_MT,2012,0.0
ID_MT,2013,0.0
ID_MT,2014,0.0
ID_MT,2015,0.0
ID_MT,2016,0.0
ID_MT,2017,0.0
ID_MT,2018,0.0
ID_MT,2019,0.0
ID_MT,2020,0.0
ID_MT,2021,0.0
ID_MT,2022,0.0
ID_NV,1990,124440.0
ID_NV,1991,0.0
ID_NV,1992,0.0
ID_NV,1993,0.0
ID_NV,1994,39406.0
ID_NV,1995,0.0
ID_NV,1996,0.0
ID_NV,1997,0.0
ID_NV,1998,0.0
ID_NV,1999,0.0
ID_NV,2000,0.0
ID_NV,2001,0.0
ID_NV,2002,0.0
ID_NV,2003,0.0
ID_NV,2004,0.0
ID_NV,2005,0.0
ID_NV,2006,0.0
ID_NV,2007,0.0
ID_NV,2008,0.0
ID_NV,2009,0.0
ID_NV,2010,0.0
ID_NV,2011,0.0
ID_NV,2012,0.0
ID_NV,2013,0.0
ID_NV,2014,0.0
ID_NV,2015,0.0
ID_NV,2016,0.0
ID_NV,2017,0.0
ID_NV,2018,0.0
ID_NV,2019,0.0
ID_NV,2020,0.0
ID_NV,2021,0.0
ID_NV,2022,0.0
ID_OR,1990,457317.0
ID_OR,1991,0.0
ID_OR,1992,0.0
ID_OR,1993,0.0
ID_OR,1994,31110.0
ID_OR,1995,10370.0
ID_OR,1996,0.0
ID_OR,1997,0.0
ID_OR,1998,0.0
ID_OR,1999,0.0
ID_OR,2000,0.0
ID_OR,2001,0.0
ID_OR,2002,0.0
ID_OR,2003,181475.0
ID_OR,2004,0.0
ID_OR,2005,0.0
ID_OR,2006,0.0
ID_OR,2007,0.0
ID_OR,2008,0.0
ID_OR,2009,0.0
ID_OR,2010,0.0
ID_OR,2011,0.0
ID_OR,2012,0.0
ID_OR,2013,0.0
ID_OR,2014,0.0
ID_OR,2015,0.0
ID_OR,2016,0.0
ID_OR,2017,0.0
ID_OR,2018,0.0
ID_OR,2019,0.0
ID_OR,2020,0.0
ID_OR,2021,0.0
ID_OR,2022,0.0
ID_UT,1990,378505.0
ID_UT,1991,0.0
ID_UT,1992,0.0
ID_UT,1993,0.0
ID_UT,1994,81923.0
ID_UT,1995,0.0
ID_UT,1996,0.0
ID_UT,1997,0.0
ID_UT,1998,0.0
ID_UT,1999,0.0
ID_UT,2000,0.0
ID_UT,2001,20740.0
ID_UT,2002,0.0
ID_UT,2003,218807.0
ID_UT,2004,0.0
ID_UT,2005,0.0
ID_UT,2006,0.0
ID_UT,2007,0.0
ID_UT,2008,0.0
ID_UT,2009,0.0
ID_UT,2010,0.0
ID_UT,2011,0.0
ID_UT,2012,0.0
ID_UT,2013,0.0
ID_UT,2014,0.0
ID_UT,2015,0.0
ID_UT,2016,0.0
ID_UT,2017,5185.0
ID_UT,2018,0.0
ID_UT,2019,0.0
ID_UT,2020,0.0
ID_UT,2021,0.0
ID_UT,2022,0.0
ID_WA,1990,1515057.0
ID_WA,1991,0.0
ID_WA,1992,0.0
ID_WA,1993,0.0
ID_WA,1994,849303.0
ID_WA,1995,0.0
ID_WA,1996,0.0
ID_WA,1997,0.0
ID_WA,1998,76738.0
ID_WA,1999,0.0
ID_WA,2000,0.0
ID_WA,2001,0.0
ID_WA,2002,214659.0
ID_WA,2003,0.0
ID_WA,2004,0.0
ID_WA,2005,0.0
ID_WA,2006,0.0
ID_WA,2007,0.0
ID_WA,2008,0.0
ID_WA,2009,0.0
ID_WA,2010,0.0
ID_WA,2011,0.0
ID_WA,2012,0.0
ID_WA,2013,0.0
ID_WA,2014,0.0
ID_WA,2015,0.0
ID_WA,2016,0.0
ID_WA,2017,0.0
ID_WA,2018,0.0
ID_WA,2019,0.0
ID_WA,2020,0.0
ID_WA,2021,0.0
ID_WA,2022,0.0
ID_WY,1990,0.0
ID_WY,1991,0.0
ID_WY,1992,0.0
ID_WY,1993,0.0
ID_WY,1994,0.0
ID_WY,1995,0.0
ID_WY,1996,0.0
ID_WY,1997,0.0
ID_WY,1998,0.0
ID_WY,1999,0.0
ID_WY,2000,0.0
ID_WY,2001,0.0
ID_WY,2002,0.0
ID_WY,2003,0.0
ID_WY,2004,0.0
ID_WY,2005,0.0
ID_WY,2006,0.0
ID_WY,2007,0.0
ID_WY,2008,0.0
ID_WY,2009,0.0
ID_WY,2010,0.0
ID_WY,2011,0.0
ID_WY,2012,0.0
ID_WY,2013,0.0
ID_WY,2014,0.0
ID_WY,2015,0.0
ID_WY,2016,0.0
ID_WY,2017,0.0
ID_WY,2018,0.0
ID_WY,2019,0.0
ID_WY,2020,0.0
ID_WY,2021,0.0
ID_WY,2022,0.0
IL_IN,1990,4490210.0
IL_IN,1991,0.0
IL_IN,1992,0.0
IL_IN,1993,0.0
IL_IN,1994,246806.0
IL_IN,1995,0.0
IL_IN,1996,0.0
IL_IN,1997,138958.0
IL_IN,1998,0.0
IL_IN,1999,114070.0
IL_IN,2000,746640.0
IL_IN,2001,787083.0
IL_IN,2002,653310.0
IL_IN,2003,251991.0
IL_IN,2004,0.0
IL_IN,2005,0.0
IL_IN,2006,134810.0
IL_IN,2007,254065.0
IL_IN,2008,0.0
IL_IN,2009,1975485.0
IL_IN,2010,155550.0
IL_IN,2011,0.0
IL_IN,2012,0.0
IL_IN,2013,0.0
IL_IN,2014,0.0
IL_IN,2015,2488800.0
IL_IN,2016,0.0
IL_IN,2017,777750.0
IL_IN,2018,362950.0
IL_IN,2019,0.0
IL_IN,2020,0.0
IL_IN,2021,0.0
IL_IN,2022,0.0
IL_KY,1990,1865563.0
IL_KY,1991,0.0
IL_KY,1992,0.0
IL_KY,1993,0.0
IL_KY,1994,0.0
IL_KY,1995,0.0
IL_KY,1996,0.0
IL_KY,1997,0.0
IL_KY,1998,0.0
IL_KY,1999,0.0
IL_KY,2000,0.0
IL_KY,2001,0.0
IL_KY,2002,0.0
IL_KY,2003,0.0
IL_KY,2004,0.0
IL_KY,2005,0.0
IL_KY,2006,0.0
IL_KY,2007,0.0
IL_KY,2008,0.0
IL_KY,2009,0.0
IL_KY,2010,0.0
IL_KY,2011,0.0
IL_KY,2012,0.0
IL_KY,2013,0.0
IL_KY,2014,0.0
IL_KY,2015,0.0
IL_KY,2016,0.0
IL_KY,2017,777750.0
IL_KY,2018,0.0
IL_KY,2019,0.0
IL_KY,2020,0.0
IL_KY,2021,0.0
IL_KY,2022,0.0
IL_MO,1990,4022523.0
IL_MO,1991,0.0
IL_MO,1992,0.0
IL_MO,1993,0.0
IL_MO,1994,215696.0
IL_MO,1995,0.0
IL_MO,1996,0.0
IL_MO,1997,0.0
IL_MO,1998,0.0
IL_MO,1999,0.0
IL_MO,2000,0.0
IL_MO,2001,0.0
IL_MO,2002,20740.0
IL_MO,2003,0.0
IL_MO,2004,0.0
IL_MO,2005,0.0
IL_MO,2006,0.0
IL_MO,2007,0.0
IL_MO,2008,0.0
IL_MO,2009,1866600.0
IL_MO,2010,0.0
IL_MO,2011,0.0
IL_MO,2012,0.0
IL_MO,2013,0.0
IL_MO,2014,0.0
IL_MO,2015,0.0
IL_MO,2016,2074000.0
IL_MO,2017,0.0
IL_MO,2018,477020.0
IL_MO,2019,414800.0
IL_MO,2020,0.0
IL_MO,2021,311100.0
IL_MO,2022,0.0
IL_WI,1990,1657126.0
IL_WI,1991,0.0
IL_WI,1992,0.0
IL_WI,1993,0.0
IL_WI,1994,0.0
IL_WI,1995,39406.0
IL_WI,1996,22814.0
IL_WI,1997,0.0
IL_WI,1998,0.0
IL_WI,1999,154513.0
IL_WI,2000,197030.0
IL_WI,2001,42517.0
IL_WI,2002,777750.0
IL_WI,2003,0.0
IL_WI,2004,0.0
IL_WI,2005,0.0
IL_WI,2006,44591.0
IL_WI,2007,0.0
IL_WI,2008,0.0
IL_WI,2009,556869.0
IL_WI,2010,0.0
IL_WI,2011,0.0
IL_WI,2012,0.0
IL_WI,2013,0.0
IL_WI,2014,0.0
IL_WI,2015,0.0
IL_WI,2016,0.0
IL_WI,2017,0.0
IL_WI,2018,239547.0
IL_WI,2019,0.0
IL_WI,2020,0.0
IL_WI,2021,0.0
IL_WI,2022,52887.0
IN_KY,1990,3617056.0
IN_KY,1991,0.0
IN_KY,1992,0.0
IN_KY,1993,0.0
IN_KY,1994,74664.0
IN_KY,1995,0.0
IN_KY,1996,0.0
IN_KY,1997,0.0
IN_KY,1998,0.0
IN_KY,1999,0.0
IN_KY,2000,0.0
IN_KY,2001,0.0
IN_KY,2002,362950.0
IN_KY,2003,0.0
IN_KY,2004,0.0
IN_KY,2005,0.0
IN_KY,2006,0.0
IN_KY,2007,0.0
IN_KY,2008,0.0
IN_KY,2009,0.0
IN_KY,2010,0.0
IN_KY,2011,0.0
IN_KY,2012,0.0
IN_KY,2013,0.0
IN_KY,2014,0.0
IN_KY,2015,777750.0
IN_KY,2016,786046.0
IN_KY,2017,294508.0
IN_KY,2018,0.0
IN_KY,2019,0.0
IN_KY,2020,0.0
IN_KY,2021,0.0
IN_KY,2022,171105.0
IN_MI,1990,2037705.0
IN_MI,1991,0.0
IN_MI,1992,0.0
IN_MI,1993,0.0
IN_MI,1994,149328.0
IN_MI,1995,0.0
IN_MI,1996,0.0
IN_MI,1997,155550.0
IN_MI,1998,0.0
IN_MI,1999,0.0
IN_MI,2000,746640.0
IN_MI,2001,0.0
IN_MI,2002,290360.0
IN_MI,2003,0.0
IN_MI,2004,0.0
IN_MI,2005,0.0
IN_MI,2006,0.0
IN_MI,2007,254065.0
IN_MI,2008,0.0
IN_MI,2009,108885.0
IN_MI,2010,0.0
IN_MI,2011,0.0
IN_MI,2012,0.0
IN_MI,2013,0.0
IN_MI,2014,0.0
IN_MI,2015,0.0
IN_MI,2016,0.0
IN_MI,2017,0.0
IN_MI,2018,0.0
IN_MI,2019,0.0
IN_MI,2020,0.0
IN_MI,2021,0.0
IN_MI,2022,0.0
IN_OH,1990,4766052.0
IN_OH,1991,0.0
IN_OH,1992,0.0
IN_OH,1993,0.0
IN_OH,1994,149328.0
IN_OH,1995,259250.0
IN_OH,1996,0.0
IN_OH,1997,0.0
IN_OH,1998,316285.0
IN_OH,1999,0.0
IN_OH,2000,0.0
IN_OH,2001,0.0
IN_OH,2002,0.0
IN_OH,2003,0.0
IN_OH,2004,0.0
IN_OH,2005,0.0
IN_OH,2006,0.0
IN_OH,2007,0.0
IN_OH,2008,0.0
IN_OH,2009,1866600.0
IN_OH,2010,0.0
IN_OH,2011,0.0
IN_OH,2012,0.0
IN_OH,2013,0.0
IN_OH,2014,0.0
IN_OH,2015,1824083.0
IN_OH,2016,1615646.0
IN_OH,2017,1374025.0
IN_OH,2018,362950.0
IN_OH,2019,0.0
IN_OH,2020,0.0
IN_OH,2021,0.0
IN_OH,2022,171105.0
KS_MO,1990,2704496.0
KS_MO,1991,0.0
KS_MO,1992,0.0
KS_MO,1993,0.0
KS_MO,1994,0.0
KS_MO,1995,0.0
KS_MO,1996,0.0
KS_MO,1997,286212.0
KS_MO,1998,0.0
KS_MO,1999,0.0
KS_MO,2000,0.0
KS_MO,2001,148291.0
KS_MO,2002,0.0
KS_MO,2003,69479.0
KS_MO,2004,69479.0
KS_MO,2005,0.0
KS_MO,2006,0.0
KS_MO,2007,0.0
KS_MO,2008,1607350.0
KS_MO,2009,311100.0
KS_MO,2010,0.0
KS_MO,2011,0.0
KS_MO,2012,0.0
KS_MO,2013,0.0
KS_MO,2014,0.0
KS_MO,2015,0.0
KS_MO,2016,0.0
KS_MO,2017,0.0
KS_MO,2018,0.0
KS_MO,2019,0.0
KS_MO,2020,0.0
KS_MO,2021,0.0
KS_MO,2022,0.0
KS_NE,1990,4728720.0
KS_NE,1991,0.0
KS_NE,1992,0.0
KS_NE,1993,0.0
KS_NE,1994,0.0
KS_NE,1995,0.0
KS_NE,1996,0.0
KS_NE,1997,264435.0
KS_NE,1998,0.0
KS_NE,1999,0.0
KS_NE,2000,0.0
KS_NE,2001,0.0
KS_NE,2002,93330.0
KS_NE,2003,0.0
KS_NE,2004,0.0
KS_NE,2005,0.0
KS_NE,2006,0.0
KS_NE,2007,33184.0
KS_NE,2008,1555500.0
KS_NE,2009,311100.0
KS_NE,2010,0.0
KS_NE,2011,0.0
KS_NE,2012,0.0
KS_NE,2013,0.0
KS_NE,2014,0.0
KS_NE,2015,0.0
KS_NE,2016,0.0
KS_NE,2017,0.0
KS_NE,2018,0.0
KS_NE,2019,0.0
KS_NE,2020,0.0
KS_NE,2021,0.0
KS_NE,2022,0.0
KS_OK,1990,6323626.0
KS_OK,1991,0.0
KS_OK,1992,0.0
KS_OK,1993,0.0
KS_OK,1994,107848.0
KS_OK,1995,0.0
KS_OK,1996,0.0
KS_OK,1997,0.0
KS_OK,1998,0.0
KS_OK,1999,0.0
KS_OK,2000,82960.0
KS_OK,2001,0.0
KS_OK,2002,0.0
KS_OK,2003,0.0
KS_OK,2004,0.0
KS_OK,2005,107848.0
KS_OK,2006,0.0
KS_OK,2007,30073.0
KS_OK,2008,51850.0
KS_OK,2009,0.0
KS_OK,2010,0.0
KS_OK,2011,0.0
KS_OK,2012,0.0
KS_OK,2013,0.0
KS_OK,2014,0.0
KS_OK,2015,0.0
KS_OK,2016,0.0
KS_OK,2017,0.0
KS_OK,2018,0.0
KS_OK,2019,0.0
KS_OK,2020,0.0
KS_OK,2021,0.0
KS_OK,2022,0.0
KY_MO,1990,0.0
KY_MO,1991,0.0
KY_MO,1992,0.0
KY_MO,1993,0.0
KY_MO,1994,0.0
KY_MO,1995,0.0
KY_MO,1996,0.0
KY_MO,1997,0.0
KY_MO,1998,0.0
KY_MO,1999,0.0
KY_MO,2000,0.0
KY_MO,2001,0.0
KY_MO,2002,0.0
KY_MO,2003,0.0
KY_MO,2004,0.0
KY_MO,2005,0.0
KY_MO,2006,0.0
KY_MO,2007,0.0
KY_MO,2008,0.0
KY_MO,2009,0.0
KY_MO,2010,0.0
KY_MO,2011,0.0
KY_MO,2012,0.0
KY_MO,2013,0.0
KY_MO,2014,0.0
KY_MO,2015,0.0
KY_MO,2016,0.0
KY_MO,2017,0.0
KY_MO,2018,0.0
KY_MO,2019,0.0
KY_MO,2020,0.0
KY_MO,2021,0.0
KY_MO,2022,0.0
KY_OH,1990,4210220.0
KY_OH,1991,0.0
KY_OH,1992,0.0
KY_OH,1993,0.0
KY_OH,1994,107848.0
KY_OH,1995,0.0
KY_OH,1996,0.0
KY_OH,1997,0.0
KY_OH,1998,0.0
KY_OH,1999,0.0
KY_OH,2000,0.0
KY_OH,2001,0.0
KY_OH,2002,0.0
KY_OH,2003,0.0
KY_OH,2004,0.0
KY_OH,2005,0.0
KY_OH,2006,0.0
KY_OH,2007,0.0
KY_OH,2008,0.0
KY_OH,2009,1842749.0
KY_OH,2010,0.0
KY_OH,2011,0.0
KY_OH,2012,0.0
KY_OH,2013,0.0
KY_OH,2014,0.0
KY_OH,2015,1270325.0
KY_OH,2016,371246.0
KY_OH,2017,688568.0
KY_OH,2018,0.0
KY_OH,2019,0.0
KY_OH,2020,0.0
KY_OH,2021,0.0
KY_OH,2022,0.0
KY_TN,1990,14360376.0
KY_TN,1991,0.0
KY_TN,1992,0.0
KY_TN,1993,0.0
KY_TN,1994,25925.0
KY_TN,1995,0.0
KY_TN,1996,0.0
KY_TN,1997,0.0
KY_TN,1998,0.0
KY_TN,1999,318359.0
KY_TN,2000,0.0
KY_TN,2001,0.0
KY_TN,2002,362950.0
KY_TN,2003,0.0
KY_TN,2004,0.0
KY_TN,2005,0.0
KY_TN,2006,0.0
KY_TN,2007,0.0
KY_TN,2008,0.0
KY_TN,2009,881450.0
KY_TN,2010,0.0
KY_TN,2011,0.0
KY_TN,2012,0.0
KY_TN,2013,871080.0
KY_TN,2014,920856.0
KY_TN,2015,1638460.0
KY_TN,2016,2848639.0
KY_TN,2017,2066741.0
KY_TN,2018,58072.0
KY_TN,2019,714493.0
KY_TN,2020,0.0
KY_TN,2021,0.0
KY_TN,2022,171105.0
KY_VA,1990,51850.0
KY_VA,1991,0.0
KY_VA,1992,0.0
KY_VA,1993,0.0
KY_VA,1994,0.0
KY_VA,1995,0.0
KY_VA,1996,0.0
KY_VA,1997,0.0
KY_VA,1998,0.0
KY_VA,1999,0.0
KY_VA,2000,0.0
KY_VA,2001,0.0
KY_VA,2002,0.0
KY_VA,2003,0.0
KY_VA,2004,0.0
KY_VA,2005,0.0
KY_VA,2006,0.0
KY_VA,2007,0.0
KY_VA,2008,0.0
KY_VA,2009,0.0
KY_VA,2010,0.0
KY_VA,2011,0.0
KY_VA,2012,0.0
KY_VA,2013,0.0
KY_VA,2014,0.0
KY_VA,2015,0.0
KY_VA,2016,0.0
KY_VA,2017,0.0
KY_VA,2018,0.0
KY_VA,2019,0.0
KY_VA,2020,0.0
KY_VA,2021,0.0
KY_VA,2022,0.0
KY_WV,1990,2629832.0
KY_WV,1991,0.0
KY_WV,1992,0.0
KY_WV,1993,0.0
KY_WV,1994,0.0
KY_WV,1995,0.0
KY_WV,1996,0.0
KY_WV,1997,0.0
KY_WV,1998,0.0
KY_WV,1999,318359.0
KY_WV,2000,0.0
KY_WV,2001,0.0
KY_WV,2002,0.0
KY_WV,2003,0.0
KY_WV,2004,0.0
KY_WV,2005,0.0
KY_WV,2006,0.0
KY_WV,2007,0.0
KY_WV,2008,0.0
KY_WV,2009,0.0
KY_WV,2010,0.0
KY_WV,2011,0.0
KY_WV,2012,0.0
KY_WV,2013,460428.0
KY_WV,2014,0.0
KY_WV,2015,1483947.0
KY_WV,2016,454206.0
KY_WV,2017,0.0
KY_WV,2018,323544.0
KY_WV,2019,891820.0
KY_WV,2020,484279.0
KY_WV,2021,0.0
KY_WV,2022,0.0
LA_MS,1990,13440557.0
LA_MS,1991,0.0
LA_MS,1992,0.0
LA_MS,1993,0.0
LA_MS,1994,520574.0
LA_MS,1995,386801.0
LA_MS,1996,160735.0
LA_MS,1997,0.0
LA_MS,1998,0.0
LA_MS,1999,320433.0
LA_MS,2000,0.0
LA_MS,2001,295545.0
LA_MS,2002,238510.0
LA_MS,2003,470798.0
LA_MS,2004,54961.0
LA_MS,2005,0.0
LA_MS,2006,0.0
LA_MS,2007,0.0
LA_MS,2008,2945080.0
LA_MS,2009,1589721.0
LA_MS,2010,586942.0
LA_MS,2011,373320.0
LA_MS,2012,0.0
LA_MS,2013,559980.0
LA_MS,2014,570350.0
LA_MS,2015,838933.0
LA_MS,2016,579683.0
LA_MS,2017,2257549.0
LA_MS,2018,0.0
LA_MS,2019,783972.0
LA_MS,2020,77775.0
LA_MS,2021,306952.0
LA_MS,2022,511241.0
LA_TX,1990,6127840.4
LA_TX,1991,0.0
LA_TX,1992,0.0
LA_TX,1993,0.0
LA_TX,1994,78812.0
LA_TX,1995,0.0
LA_TX,1996,147254.0
LA_TX,1997,20740.0
LA_TX,1998,0.0
LA_TX,1999,347395.0
LA_TX,2000,10370.0
LA_TX,2001,0.0
LA_TX,2002,0.0
LA_TX,2003,3111.0
LA_TX,2004,0.0
LA_TX,2005,82960.0
LA_TX,2006,126514.0
LA_TX,2007,1983781.0
LA_TX,2008,2297992.0
LA_TX,2009,3483283.0
LA_TX,2010,2208810.0
LA_TX,2011,2592396.3
LA_TX,2012,0.0
LA_TX,2013,0.0
LA_TX,2014,0.0
LA_TX,2015,0.0
LA_TX,2016,0.0
LA_TX,2017,1365729.0
LA_TX,2018,0.0
LA_TX,2019,1325286.0
LA_TX,2020,596275.0
LA_TX,2021,0.0
LA_TX,2022,0.0
MA_NH,1990,97478.0
MA_NH,1991,0.0
MA_NH,1992,0.0
MA_NH,1993,0.0
MA_NH,1994,12444.0
MA_NH,1995,0.0
MA_NH,1996,0.0
MA_NH,1997,0.0
MA_NH,1998,0.0
MA_NH,1999,609756.0
MA_NH,2000,0.0
MA_NH,2001,130662.0
MA_NH,2002,0.0
MA_NH,2003,0.0
MA_NH,2004,0.0
MA_NH,2005,0.0
MA_NH,2006,0.0
MA_NH,2007,0.0
MA_NH,2008,0.0
MA_NH,2009,212585.0
MA_NH,2010,0.0
MA_NH,2011,0.0
MA_NH,2012,0.0
MA_NH,2013,0.0
MA_NH,2014,0.0
MA_NH,2015,0.0
MA_NH,2016,0.0
MA_NH,2017,0.0
MA_NH,2018,2074.0
MA_NH,2019,11407.0
MA_NH,2020,0.0
MA_NH,2021,877302.0
MA_NH,2022,0.0
MA_NY,1990,777750.0
MA_NY,1991,0.0
MA_NY,1992,0.0
MA_NY,1993,0.0
MA_NY,1994,320433.0
MA_NY,1995,0.0
MA_NY,1996,0.0
MA_NY,1997,0.0
MA_NY,1998,0.0
MA_NY,1999,0.0
MA_NY,2000,0.0
MA_NY,2001,0.0
MA_NY,2002,0.0
MA_NY,2003,0.0
MA_NY,2004,0.0
MA_NY,2005,0.0
MA_NY,2006,0.0
MA_NY,2007,114070.0
MA_NY,2008,0.0
MA_NY,2009,0.0
MA_NY,2010,0.0
MA_NY,2011,0.0
MA_NY,2012,0.0
MA_NY,2013,0.0
MA_NY,2014,0.0
MA_NY,2015,0.0
MA_NY,2016,0.0
MA_NY,2017,0.0
MA_NY,2018,0.0
MA_NY,2019,0.0
MA_NY,2020,0.0
MA_NY,2021,0.0
MA_NY,2022,0.0
MA_RI,1990,689605.0
MA_RI,1991,0.0
MA_RI,1992,0.0
MA_RI,1993,0.0
MA_RI,1994,150365.0
MA_RI,1995,0.0
MA_RI,1996,0.0
MA_RI,1997,0.0
MA_RI,1998,0.0
MA_RI,1999,0.0
MA_RI,2000,0.0
MA_RI,2001,0.0
MA_RI,2002,0.0
MA_RI,2003,0.0
MA_RI,2004,0.0
MA_RI,2005,0.0
MA_RI,2006,0.0
MA_RI,2007,0.0
MA_RI,2008,0.0
MA_RI,2009,0.0
MA_RI,2010,285175.0
MA_RI,2011,0.0
MA_RI,2012,0.0
MA_RI,2013,0.0
MA_RI,2014,0.0
MA_RI,2015,0.0
MA_RI,2016,354654.0
MA_RI,2017,41480.0
MA_RI,2018,0.0
MA_RI,2019,0.0
MA_RI,2020,0.0
MA_RI,2021,96441.0
MA_RI,2022,0.0
MA_VT,1990,0.0
MA_VT,1991,0.0
MA_VT,1992,0.0
MA_VT,1993,0.0
MA_VT,1994,0.0
MA_VT,1995,0.0
MA_VT,1996,0.0
MA_VT,1997,0.0
MA_VT,1998,0.0
MA_VT,1999,0.0
MA_VT,2000,0.0
MA_VT,2001,0.0
MA_VT,2002,0.0
MA_VT,2003,0.0
MA_VT,2004,0.0
MA_VT,2005,0.0
MA_VT,2006,0.0
MA_VT,2007,0.0
MA_VT,2008,0.0
MA_VT,2009,0.0
MA_VT,2010,0.0
MA_VT,2011,0.0
MA_VT,2012,0.0
MA_VT,2013,0.0
MA_VT,2014,0.0
MA_VT,2015,0.0
MA_VT,2016,0.0
MA_VT,2017,0.0
MA_VT,2018,0.0
MA_VT,2019,0.0
MA_VT,2020,0.0
MA_VT,2021,0.0
MA_VT,2022,0.0
MD_PA,1990,2498133.0
MD_PA,1991,0.0
MD_PA,1992,0.0
MD_PA,1993,0.0
MD_PA,1994,204289.0
MD_PA,1995,96441.0
MD_PA,1996,0.0
MD_PA,1997,19703.0
MD_PA,1998,2592.5
MD_PA,1999,0.0
MD_PA,2000,15555.0
MD_PA,2001,12236.6
MD_PA,2002,5185.0
MD_PA,2003,0.0
MD_PA,2004,229902.9
MD_PA,2005,19599.2999999999
MD_PA,2006,27169.4
MD_PA,2007,10577.4
MD_PA,2008,725900.0
MD_PA,2009,0.0
MD_PA,2010,0.0
MD_PA,2011,0.0
MD_PA,2012,435540.0
MD_PA,2013,0.0
MD_PA,2014,0.0
MD_PA,2015,446947.0
MD_PA,2016,199104.0
MD_PA,2017,575535.0
MD_PA,2018,1348100.0
MD_PA,2019,63257.0
MD_PA,2020,0.0
MD_PA,2021,0.0
MD_PA,2022,0.0
MD_VA,1990,3157665.0
MD_VA,1991,0.0
MD_VA,1992,0.0
MD_VA,1993,0.0
MD_VA,1994,174216.0
MD_VA,1995,638792.0
MD_VA,1996,0.0
MD_VA,1997,55998.0
MD_VA,1998,13481.0
MD_VA,1999,0.0
MD_VA,2000,0.0
MD_VA,2001,0.0
MD_VA,2002,0.0
MD_VA,2003,0.0
MD_VA,2004,225029.0
MD_VA,2005,449021.0
MD_VA,2006,0.0
MD_VA,2007,171105.0
MD_VA,2008,829600.0
MD_VA,2009,0.0
MD_VA,2010,0.0
MD_VA,2011,0.0
MD_VA,2012,435540.0
MD_VA,2013,0.0
MD_VA,2014,0.0
MD_VA,2015,446947.0
MD_VA,2016,136884.0
MD_VA,2017,575535.0
MD_VA,2018,1037000.0
MD_VA,2019,155550.0
MD_VA,2020,0.0
MD_VA,2021,0.0
MD_VA,2022,0.0
MD_WV,1990,5185.0
MD_WV,1991,0.0
MD_WV,1992,0.0
MD_WV,1993,0.0
MD_WV,1994,0.0
MD_WV,1995,0.0
MD_WV,1996,0.0
MD_WV,1997,0.0
MD_WV,1998,0.0
MD_WV,1999,0.0
MD_WV,2000,0.0
MD_WV,2001,0.0
MD_WV,2002,0.0
MD_WV,2003,0.0
MD_WV,2004,0.0
MD_WV,2005,0.0
MD_WV,2006,0.0
MD_WV,2007,0.0
MD_WV,2008,0.0
MD_WV,2009,0.0
MD_WV,2010,0.0
MD_WV,2011,0.0
MD_WV,2012,0.0
MD_WV,2013,0.0
MD_WV,2014,0.0
MD_WV,2015,0.0
MD_WV,2016,0.0
MD_WV,2017,0.0
MD_WV,2018,0.0
MD_WV,2019,0.0
MD_WV,2020,0.0
MD_WV,2021,0.0
MD_WV,2022,0.0
ME_NH,1990,24888.0
ME_NH,1991,0.0
ME_NH,1992,0.0
ME_NH,1993,0.0
ME_NH,1994,39406.0
ME_NH,1995,0.0
ME_NH,1996,0.0
ME_NH,1997,0.0
ME_NH,1998,0.0
ME_NH,1999,609756.0
ME_NH,2000,0.0
ME_NH,2001,41480.0
ME_NH,2002,184586.0
ME_NH,2003,39406.0
ME_NH,2004,0.0
ME_NH,2005,0.0
ME_NH,2006,0.0
ME_NH,2007,0.0
ME_NH,2008,0.0
ME_NH,2009,212585.0
ME_NH,2010,0.0
ME_NH,2011,0.0
ME_NH,2012,0.0
ME_NH,2013,0.0
ME_NH,2014,0.0
ME_NH,2015,0.0
ME_NH,2016,0.0
ME_NH,2017,60146.0
ME_NH,2018,52887.0
ME_NH,2019,43554.0
ME_NH,2020,24888.0
ME_NH,2021,971669.0
ME_NH,2022,0.0
MI_OH,1990,1962004.0
MI_OH,1991,0.0
MI_OH,1992,0.0
MI_OH,1993,0.0
MI_OH,1994,0.0
MI_OH,1995,0.0
MI_OH,1996,0.0
MI_OH,1997,0.0
MI_OH,1998,0.0
MI_OH,1999,0.0
MI_OH,2000,0.0
MI_OH,2001,0.0
MI_OH,2002,0.0
MI_OH,2003,0.0
MI_OH,2004,0.0
MI_OH,2005,0.0
MI_OH,2006,0.0
MI_OH,2007,0.0
MI_OH,2008,0.0
MI_OH,2009,0.0
MI_OH,2010,0.0
MI_OH,2011,0.0
MI_OH,2012,0.0
MI_OH,2013,0.0
MI_OH,2014,0.0
MI_OH,2015,0.0
MI_OH,2016,0.0
MI_OH,2017,0.0
MI_OH,2018,3111000.0
MI_OH,2019,0.0
MI_OH,2020,124440.0
MI_OH,2021,0.0
MI_OH,2022,0.0
MI_WI,1990,2294881.0
MI_WI,1991,0.0
MI_WI,1992,0.0
MI_WI,1993,0.0
MI_WI,1994,645014.0
MI_WI,1995,0.0
MI_WI,1996,0.0
MI_WI,1997,0.0
MI_WI,1998,130662.0
MI_WI,1999,0.0
MI_WI,2000,0.0
MI_WI,2001,0.0
MI_WI,2002,0.0
MI_WI,2003,0.0
MI_WI,2004,0.0
MI_WI,2005,0.0
MI_WI,2006,129625.0
MI_WI,2007,0.0
MI_WI,2008,0.0
MI_WI,2009,0.0
MI_WI,2010,0.0
MI_WI,2011,0.0
MI_WI,2012,0.0
MI_WI,2013,0.0
MI_WI,2014,0.0
MI_WI,2015,0.0
MI_WI,2016,0.0
MI_WI,2017,0.0
MI_WI,2018,0.0
MI_WI,2019,0.0
MI_WI,2020,0.0
MI_WI,2021,0.0
MI_WI,2022,0.0
MN_ND,1990,26962.0
MN_ND,1991,0.0
MN_ND,1992,0.0
MN_ND,1993,0.0
MN_ND,1994,38369.0
MN_ND,1995,0.0
MN_ND,1996,0.0
MN_ND,1997,0.0
MN_ND,1998,0.0
MN_ND,1999,0.0
MN_ND,2000,1692384.0
MN_ND,2001,0.0
MN_ND,2002,174216.0
MN_ND,2003,0.0
MN_ND,2004,0.0
MN_ND,2005,77775.0
MN_ND,2006,0.0
MN_ND,2007,0.0
MN_ND,2008,0.0
MN_ND,2009,39406.0
MN_ND,2010,0.0
MN_ND,2011,0.0
MN_ND,2012,0.0
MN_ND,2013,0.0
MN_ND,2014,0.0
MN_ND,2015,0.0
MN_ND,2016,0.0
MN_ND,2017,0.0
MN_ND,2018,34221.0
MN_ND,2019,0.0
MN_ND,2020,0.0
MN_ND,2021,0.0
MN_ND,2022,0.0
MN_SD,1990,1278621.0
MN_SD,1991,0.0
MN_SD,1992,0.0
MN_SD,1993,0.0
MN_SD,1994,458354.0
MN_SD,1995,0.0
MN_SD,1996,0.0
MN_SD,1997,0.0
MN_SD,1998,725900.0
MN_SD,1999,0.0
MN_SD,2000,0.0
MN_SD,2001,0.0
MN_SD,2002,0.0
MN_SD,2003,0.0
MN_SD,2004,0.0
MN_SD,2005,0.0
MN_SD,2006,0.0
MN_SD,2007,0.0
MN_SD,2008,0.0
MN_SD,2009,0.0
MN_SD,2010,0.0
MN_SD,2011,0.0
MN_SD,2012,0.0
MN_SD,2013,0.0
MN_SD,2014,0.0
MN_SD,2015,0.0
MN_SD,2016,0.0
MN_SD,2017,0.0
MN_SD,2018,0.0
MN_SD,2019,0.0
MN_SD,2020,0.0
MN_SD,2021,0.0
MN_SD,2022,0.0
MN_WI,1990,2308362.0
MN_WI,1991,0.0
MN_WI,1992,0.0
MN_WI,1993,0.0
MN_WI,1994,652273.0
MN_WI,1995,0.0
MN_WI,1996,0.0
MN_WI,1997,64294.0
MN_WI,1998,130662.0
MN_WI,1999,29036.0
MN_WI,2000,0.0
MN_WI,2001,0.0
MN_WI,2002,0.0
MN_WI,2003,0.0
MN_WI,2004,0.0
MN_WI,2005,0.0
MN_WI,2006,0.0
MN_WI,2007,13481.0
MN_WI,2008,0.0
MN_WI,2009,0.0
MN_WI,2010,0.0
MN_WI,2011,0.0
MN_WI,2012,0.0
MN_WI,2013,0.0
MN_WI,2014,0.0
MN_WI,2015,0.0
MN_WI,2016,0.0
MN_WI,2017,0.0
MN_WI,2018,0.0
MN_WI,2019,0.0
MN_WI,2020,0.0
MN_WI,2021,0.0
MN_WI,2022,0.0
MO_NE,1990,632570.0
MO_NE,1991,0.0
MO_NE,1992,0.0
MO_NE,1993,0.0
MO_NE,1994,86071.0
MO_NE,1995,0.0
MO_NE,1996,0.0
MO_NE,1997,0.0
MO_NE,1998,0.0
MO_NE,1999,0.0
MO_NE,2000,0.0
MO_NE,2001,0.0
MO_NE,2002,0.0
MO_NE,2003,0.0
MO_NE,2004,0.0
MO_NE,2005,0.0
MO_NE,2006,0.0
MO_NE,2007,0.0
MO_NE,2008,0.0
MO_NE,2009,0.0
MO_NE,2010,0.0
MO_NE,2011,0.0
MO_NE,2012,0.0
MO_NE,2013,0.0
MO_NE,2014,0.0
MO_NE,2015,0.0
MO_NE,2016,0.0
MO_NE,2017,0.0
MO_NE,2018,0.0
MO_NE,2019,0.0
MO_NE,2020,0.0
MO_NE,2021,0.0
MO_NE,2022,0.0
MO_OK,1990,48739.0
MO_OK,1991,0.0
MO_OK,1992,0.0
MO_OK,1993,0.0
MO_OK,1994,0.0
MO_OK,1995,0.0
MO_OK,1996,0.0
MO_OK,1997,0.0
MO_OK,1998,0.0
MO_OK,1999,8296.0
MO_OK,2000,0.0
MO_OK,2001,0.0
MO_OK,2002,0.0
MO_OK,2003,0.0
MO_OK,2004,0.0
MO_OK,2005,0.0
MO_OK,2006,25925.0
MO_OK,2007,0.0
MO_OK,2008,0.0
MO_OK,2009,0.0
MO_OK,2010,0.0
MO_OK,2011,0.0
MO_OK,2012,0.0
MO_OK,2013,0.0
MO_OK,2014,0.0
MO_OK,2015,0.0
MO_OK,2016,0.0
MO_OK,2017,0.0
MO_OK,2018,0.0
MO_OK,2019,0.0
MO_OK,2020,0.0
MO_OK,2021,0.0
MO_OK,2022,0.0
MO_TN,1990,0.0
MO_TN,1991,0.0
MO_TN,1992,0.0
MO_TN,1993,0.0
MO_TN,1994,0.0
MO_TN,1995,0.0
MO_TN,1996,0.0
MO_TN,1997,0.0
MO_TN,1998,0.0
MO_TN,1999,0.0
MO_TN,2000,0.0
MO_TN,2001,0.0
MO_TN,2002,0.0
MO_TN,2003,0.0
MO_TN,2004,0.0
MO_TN,2005,0.0
MO_TN,2006,0.0
MO_TN,2007,0.0
MO_TN,2008,0.0
MO_TN,2009,0.0
MO_TN,2010,0.0
MO_TN,2011,0.0
MO_TN,2012,0.0
MO_TN,2013,0.0
MO_TN,2014,0.0
MO_TN,2015,0.0
MO_TN,2016,0.0
MO_TN,2017,0.0
MO_TN,2018,0.0
MO_TN,2019,0.0
MO_TN,2020,0.0
MO_TN,2021,0.0
MO_TN,2022,0.0
MS_TN,1990,9792391.0
MS_TN,1991,0.0
MS_TN,1992,0.0
MS_TN,1993,0.0
MS_TN,1994,311100.0
MS_TN,1995,0.0
MS_TN,1996,0.0
MS_TN,1997,0.0
MS_TN,1998,0.0
MS_TN,1999,318359.0
MS_TN,2000,243695.0
MS_TN,2001,0.0
MS_TN,2002,0.0
MS_TN,2003,0.0
MS_TN,2004,0.0
MS_TN,2005,0.0
MS_TN,2006,0.0
MS_TN,2007,0.0
MS_TN,2008,0.0
MS_TN,2009,0.0
MS_TN,2010,0.0
MS_TN,2011,0.0
MS_TN,2012,0.0
MS_TN,2013,559980.0
MS_TN,2014,0.0
MS_TN,2015,1159366.0
MS_TN,2016,1206031.0
MS_TN,2017,3729052.0
MS_TN,2018,0.0
MS_TN,2019,820267.0
MS_TN,2020,0.0
MS_TN,2021,0.0
MS_TN,2022,222955.0
MT_ND,1990,1247511.0
MT_ND,1991,0.0
MT_ND,1992,0.0
MT_ND,1993,0.0
MT_ND,1994,603534.0
MT_ND,1995,0.0
MT_ND,1996,0.0
MT_ND,1997,0.0
MT_ND,1998,725900.0
MT_ND,1999,0.0
MT_ND,2000,0.0
MT_ND,2001,0.0
MT_ND,2002,0.0
MT_ND,2003,82960.0
MT_ND,2004,0.0
MT_ND,2005,0.0
MT_ND,2006,0.0
MT_ND,2007,42517.0
MT_ND,2008,42517.0
MT_ND,2009,77775.0
MT_ND,2010,0.0
MT_ND,2011,494649.0
MT_ND,2012,0.0
MT_ND,2013,0.0
MT_ND,2014,0.0
MT_ND,2015,0.0
MT_ND,2016,0.0
MT_ND,2017,0.0
MT_ND,2018,0.0
MT_ND,2019,0.0
MT_ND,2020,0.0
MT_ND,2021,0.0
MT_ND,2022,97478.0
MT_SD,1990,0.0
MT_SD,1991,0.0
MT_SD,1992,0.0
MT_SD,1993,0.0
MT_SD,1994,0.0
MT_SD,1995,0.0
MT_SD,1996,0.0
MT_SD,1997,0.0
MT_SD,1998,0.0
MT_SD,1999,0.0
MT_SD,2000,0.0
MT_SD,2001,0.0
MT_SD,2002,0.0
MT_SD,2003,0.0
MT_SD,2004,0.0
MT_SD,2005,0.0
MT_SD,2006,0.0
MT_SD,2007,0.0
MT_SD,2008,0.0
MT_SD,2009,0.0
MT_SD,2010,0.0
MT_SD,2011,0.0
MT_SD,2012,0.0
MT_SD,2013,0.0
MT_SD,2014,0.0
MT_SD,2015,0.0
MT_SD,2016,0.0
MT_SD,2017,0.0
MT_SD,2018,0.0
MT_SD,2019,0.0
MT_SD,2020,0.0
MT_SD,2021,0.0
MT_SD,2022,0.0
MT_WY,1990,182512.0
MT_WY,1991,0.0
MT_WY,1992,0.0
MT_WY,1993,0.0
MT_WY,1994,116144.0
MT_WY,1995,0.0
MT_WY,1996,0.0
MT_WY,1997,0.0
MT_WY,1998,61183.0
MT_WY,1999,0.0
MT_WY,2000,41480.0
MT_WY,2001,0.0
MT_WY,2002,0.0
MT_WY,2003,97478.0
MT_WY,2004,0.0
MT_WY,2005,0.0
MT_WY,2006,0.0
MT_WY,2007,0.0
MT_WY,2008,42517.0
MT_WY,2009,0.0
MT_WY,2010,0.0
MT_WY,2011,494649.0
MT_WY,2012,0.0
MT_WY,2013,0.0
MT_WY,2014,0.0
MT_WY,2015,0.0
MT_WY,2016,0.0
MT_WY,2017,0.0
MT_WY,2018,0.0
MT_WY,2019,0.0
MT_WY,2020,0.0
MT_WY,2021,0.0
MT_WY,2022,97478.0
NC_SC,1990,2885971.0
NC_SC,1991,0.0
NC_SC,1992,0.0
NC_SC,1993,0.0
NC_SC,1994,50813.0
NC_SC,1995,119255.0
NC_SC,1996,57035.0
NC_SC,1997,150365.0
NC_SC,1998,0.0
NC_SC,1999,0.0
NC_SC,2000,0.0
NC_SC,2001,0.0
NC_SC,2002,238510.0
NC_SC,2003,271694.0
NC_SC,2004,54961.0
NC_SC,2005,0.0
NC_SC,2006,0.0
NC_SC,2007,0.0
NC_SC,2008,0.0
NC_SC,2009,0.0
NC_SC,2010,0.0
NC_SC,2011,227103.0
NC_SC,2012,98515.0
NC_SC,2013,0.0
NC_SC,2014,0.0
NC_SC,2015,544425.0
NC_SC,2016,0.0
NC_SC,2017,466650.0
NC_SC,2018,751825.0
NC_SC,2019,0.0
NC_SC,2020,0.0
NC_SC,2021,306952.0
NC_SC,2022,0.0
NC_TN,1990,0.0
NC_TN,1991,0.0
NC_TN,1992,0.0
NC_TN,1993,0.0
NC_TN,1994,0.0
NC_TN,1995,0.0
NC_TN,1996,0.0
NC_TN,1997,0.0
NC_TN,1998,0.0
NC_TN,1999,0.0
NC_TN,2000,0.0
NC_TN,2001,0.0
NC_TN,2002,0.0
NC_TN,2003,0.0
NC_TN,2004,0.0
NC_TN,2005,0.0
NC_TN,2006,0.0
NC_TN,2007,0.0
NC_TN,2008,0.0
NC_TN,2009,0.0
NC_TN,2010,0.0
NC_TN,2011,0.0
NC_TN,2012,0.0
NC_TN,2013,0.0
NC_TN,2014,0.0
NC_TN,2015,0.0
NC_TN,2016,0.0
NC_TN,2017,0.0
NC_TN,2018,0.0
NC_TN,2019,0.0
NC_TN,2020,0.0
NC_TN,2021,0.0
NC_TN,2022,0.0
NC_VA,1990,2511614.0
NC_VA,1991,0.0
NC_VA,1992,0.0
NC_VA,1993,0.0
NC_VA,1994,435540.0
NC_VA,1995,119255.0
NC_VA,1996,0.0
NC_VA,1997,0.0
NC_VA,1998,12444.0
NC_VA,1999,0.0
NC_VA,2000,0.0
NC_VA,2001,0.0
NC_VA,2002,238510.0
NC_VA,2003,326655.0
NC_VA,2004,54961.0
NC_VA,2005,0.0
NC_VA,2006,0.0
NC_VA,2007,171105.0
NC_VA,2008,264435.0
NC_VA,2009,0.0
NC_VA,2010,0.0
NC_VA,2011,0.0
NC_VA,2012,0.0
NC_VA,2013,0.0
NC_VA,2014,0.0
NC_VA,2015,1109590.0
NC_VA,2016,0.0
NC_VA,2017,462502.0
NC_VA,2018,598349.0
NC_VA,2019,0.0
NC_VA,2020,0.0
NC_VA,2021,306952.0
NC_VA,2022,0.0
ND_SD,1990,1312842.0
ND_SD,1991,0.0
ND_SD,1992,0.0
ND_SD,1993,0.0
ND_SD,1994,480131.0
ND_SD,1995,0.0
ND_SD,1996,0.0
ND_SD,1997,0.0
ND_SD,1998,725900.0
ND_SD,1999,0.0
ND_SD,2000,0.0
ND_SD,2001,0.0
ND_SD,2002,0.0
ND_SD,2003,0.0
ND_SD,2004,0.0
ND_SD,2005,0.0
ND_SD,2006,0.0
ND_SD,2007,0.0
ND_SD,2008,0.0
ND_SD,2009,0.0
ND_SD,2010,0.0
ND_SD,2011,0.0
ND_SD,2012,0.0
ND_SD,2013,0.0
ND_SD,2014,0.0
ND_SD,2015,0.0
ND_SD,2016,0.0
ND_SD,2017,0.0
ND_SD,2018,0.0
ND_SD,2019,0.0
ND_SD,2020,0.0
ND_SD,2021,0.0
ND_SD,2022,0.0
NE_SD,1990,129625.0
NE_SD,1991,0.0
NE_SD,1992,0.0
NE_SD,1993,0.0
NE_SD,1994,0.0
NE_SD,1995,0.0
NE_SD,1996,0.0
NE_SD,1997,0.0
NE_SD,1998,0.0
NE_SD,1999,0.0
NE_SD,2000,0.0
NE_SD,2001,0.0
NE_SD,2002,0.0
NE_SD,2003,0.0
NE_SD,2004,0.0
NE_SD,2005,0.0
NE_SD,2006,0.0
NE_SD,2007,0.0
NE_SD,2008,0.0
NE_SD,2009,0.0
NE_SD,2010,0.0
NE_SD,2011,0.0
NE_SD,2012,0.0
NE_SD,2013,0.0
NE_SD,2014,0.0
NE_SD,2015,0.0
NE_SD,2016,0.0
NE_SD,2017,0.0
NE_SD,2018,0.0
NE_SD,2019,0.0
NE_SD,2020,0.0
NE_SD,2021,0.0
NE_SD,2022,0.0
NE_WY,1990,543388.0
NE_WY,1991,0.0
NE_WY,1992,0.0
NE_WY,1993,0.0
NE_WY,1994,0.0
NE_WY,1995,0.0
NE_WY,1996,0.0
NE_WY,1997,373320.0
NE_WY,1998,0.0
NE_WY,1999,0.0
NE_WY,2000,0.0
NE_WY,2001,0.0
NE_WY,2002,335988.0
NE_WY,2003,0.0
NE_WY,2004,0.0
NE_WY,2005,0.0
NE_WY,2006,0.0
NE_WY,2007,0.0
NE_WY,2008,1555500.0
NE_WY,2009,311100.0
NE_WY,2010,0.0
NE_WY,2011,0.0
NE_WY,2012,0.0
NE_WY,2013,0.0
NE_WY,2014,0.0
NE_WY,2015,0.0
NE_WY,2016,0.0
NE_WY,2017,0.0
NE_WY,2018,0.0
NE_WY,2019,0.0
NE_WY,2020,0.0
NE_WY,2021,0.0
NE_WY,2022,0.0
NH_VT,1990,0.0
NH_VT,1991,0.0
NH_VT,1992,0.0
NH_VT,1993,0.0
NH_VT,1994,0.0
NH_VT,1995,0.0
NH_VT,1996,0.0
NH_VT,1997,0.0
NH_VT,1998,0.0
NH_VT,1999,0.0
NH_VT,2000,0.0
NH_VT,2001,0.0
NH_VT,2002,0.0
NH_VT,2003,0.0
NH_VT,2004,0.0
NH_VT,2005,0.0
NH_VT,2006,0.0
NH_VT,2007,0.0
NH_VT,2008,0.0
NH_VT,2009,0.0
NH_VT,2010,0.0
NH_VT,2011,0.0
NH_VT,2012,0.0
NH_VT,2013,0.0
NH_VT,2014,0.0
NH_VT,2015,0.0
NH_VT,2016,0.0
NH_VT,2017,0.0
NH_VT,2018,0.0
NH_VT,2019,0.0
NH_VT,2020,0.0
NH_VT,2021,0.0
NH_VT,2022,0.0
NJ_NY,1990,3008337.0
NJ_NY,1991,0.0
NJ_NY,1992,0.0
NJ_NY,1993,0.0
NJ_NY,1994,159698.0
NJ_NY,1995,0.0
NJ_NY,1996,0.0
NJ_NY,1997,0.0
NJ_NY,1998,0.0
NJ_NY,1999,0.0
NJ_NY,2000,0.0
NJ_NY,2001,311100.0
NJ_NY,2002,262361.0
NJ_NY,2003,0.0
NJ_NY,2004,0.0
NJ_NY,2005,0.0
NJ_NY,2006,0.0
NJ_NY,2007,103700.0
NJ_NY,2008,0.0
NJ_NY,2009,0.0
NJ_NY,2010,285175.0
NJ_NY,2011,0.0
NJ_NY,2012,0.0
NJ_NY,2013,829600.0
NJ_NY,2014,103700.0
NJ_NY,2015,0.0
NJ_NY,2016,354654.0
NJ_NY,2017,160735.0
NJ_NY,2018,0.0
NJ_NY,2019,0.0
NJ_NY,2020,0.0
NJ_NY,2021,96441.0
NJ_NY,2022,0.0
NJ_PA,1990,6785091.0
NJ_PA,1991,0.0
NJ_PA,1992,0.0
NJ_PA,1993,0.0
NJ_PA,1994,506056.0
NJ_PA,1995,128588.0
NJ_PA,1996,25925.0
NJ_PA,1997,0.0
NJ_PA,1998,16592.0
NJ_PA,1999,0.0
NJ_PA,2000,0.0
NJ_PA,2001,167994.0
NJ_PA,2002,366061.0
NJ_PA,2003,50813.0
NJ_PA,2004,0.0
NJ_PA,2005,108885.0
NJ_PA,2006,104737.0
NJ_PA,2007,259250.0
NJ_PA,2008,197030.0
NJ_PA,2009,64294.0
NJ_PA,2010,0.0
NJ_PA,2011,362950.0
NJ_PA,2012,0.0
NJ_PA,2013,918782.0
NJ_PA,2014,725900.0
NJ_PA,2015,167994.0
NJ_PA,2016,0.0
NJ_PA,2017,119255.0
NJ_PA,2018,0.0
NJ_PA,2019,0.0
NJ_PA,2020,0.0
NJ_PA,2021,0.0
NJ_PA,2022,119255.0
NM_OK,1990,0.0
NM_OK,1991,0.0
NM_OK,1992,0.0
NM_OK,1993,0.0
NM_OK,1994,0.0
NM_OK,1995,0.0
NM_OK,1996,0.0
NM_OK,1997,0.0
NM_OK,1998,0.0
NM_OK,1999,0.0
NM_OK,2000,0.0
NM_OK,2001,0.0
NM_OK,2002,0.0
NM_OK,2003,0.0
NM_OK,2004,0.0
NM_OK,2005,0.0
NM_OK,2006,0.0
NM_OK,2007,0.0
NM_OK,2008,0.0
NM_OK,2009,0.0
NM_OK,2010,0.0
NM_OK,2011,0.0
NM_OK,2012,0.0
NM_OK,2013,0.0
NM_OK,2014,0.0
NM_OK,2015,0.0
NM_OK,2016,0.0
NM_OK,2017,0.0
NM_OK,2018,0.0
NM_OK,2019,0.0
NM_OK,2020,0.0
NM_OK,2021,0.0
NM_OK,2022,0.0
NM_TX,1990,3777791.0
NM_TX,1991,0.0
NM_TX,1992,0.0
NM_TX,1993,0.0
NM_TX,1994,282064.0
NM_TX,1995,0.0
NM_TX,1996,119255.0
NM_TX,1997,0.0
NM_TX,1998,0.0
NM_TX,1999,0.0
NM_TX,2000,0.0
NM_TX,2001,0.0
NM_TX,2002,238510.0
NM_TX,2003,0.0
NM_TX,2004,331840.0
NM_TX,2005,0.0
NM_TX,2006,0.0
NM_TX,2007,0.0
NM_TX,2008,0.0
NM_TX,2009,0.0
NM_TX,2010,0.0
NM_TX,2011,0.0
NM_TX,2012,0.0
NM_TX,2013,0.0
NM_TX,2014,0.0
NM_TX,2015,0.0
NM_TX,2016,0.0
NM_TX,2017,0.0
NM_TX,2018,188734.0
NM_TX,2019,0.0
NM_TX,2020,414800.0
NM_TX,2021,1564833.0
NM_TX,2022,0.0
NM_UT,1990,0.0
NM_UT,1991,0.0
NM_UT,1992,0.0
NM_UT,1993,0.0
NM_UT,1994,0.0
NM_UT,1995,0.0
NM_UT,1996,0.0
NM_UT,1997,0.0
NM_UT,1998,0.0
NM_UT,1999,0.0
NM_UT,2000,0.0
NM_UT,2001,0.0
NM_UT,2002,0.0
NM_UT,2003,0.0
NM_UT,2004,0.0
NM_UT,2005,0.0
NM_UT,2006,0.0
NM_UT,2007,0.0
NM_UT,2008,0.0
NM_UT,2009,0.0
NM_UT,2010,0.0
NM_UT,2011,0.0
NM_UT,2012,0.0
NM_UT,2013,0.0
NM_UT,2014,0.0
NM_UT,2015,0.0
NM_UT,2016,0.0
NM_UT,2017,0.0
NM_UT,2018,0.0
NM_UT,2019,0.0
NM_UT,2020,0.0
NM_UT,2021,0.0
NM_UT,2022,0.0
NV_OR,1990,0.0
NV_OR,1991,0.0
NV_OR,1992,0.0
NV_OR,1993,0.0
NV_OR,1994,0.0
NV_OR,1995,0.0
NV_OR,1996,0.0
NV_OR,1997,0.0
NV_OR,1998,0.0
NV_OR,1999,0.0
NV_OR,2000,0.0
NV_OR,2001,0.0
NV_OR,2002,0.0
NV_OR,2003,0.0
NV_OR,2004,0.0
NV_OR,2005,0.0
NV_OR,2006,0.0
NV_OR,2007,0.0
NV_OR,2008,0.0
NV_OR,2009,0.0
NV_OR,2010,0.0
NV_OR,2011,1555500.0
NV_OR,2012,0.0
NV_OR,2013,0.0
NV_OR,2014,0.0
NV_OR,2015,0.0
NV_OR,2016,0.0
NV_OR,2017,0.0
NV_OR,2018,0.0
NV_OR,2019,0.0
NV_OR,2020,0.0
NV_OR,2021,0.0
NV_OR,2022,0.0
NV_UT,1990,0.0
NV_UT,1991,0.0
NV_UT,1992,0.0
NV_UT,1993,0.0
NV_UT,1994,803675.0
NV_UT,1995,0.0
NV_UT,1996,0.0
NV_UT,1997,0.0
NV_UT,1998,0.0
NV_UT,1999,0.0
NV_UT,2000,0.0
NV_UT,2001,139995.0
NV_UT,2002,0.0
NV_UT,2003,1165588.0
NV_UT,2004,0.0
NV_UT,2005,0.0
NV_UT,2006,0.0
NV_UT,2007,0.0
NV_UT,2008,0.0
NV_UT,2009,0.0
NV_UT,2010,150365.0
NV_UT,2011,1831342.0
NV_UT,2012,0.0
NV_UT,2013,0.0
NV_UT,2014,0.0
NV_UT,2015,0.0
NV_UT,2016,0.0
NV_UT,2017,0.0
NV_UT,2018,0.0
NV_UT,2019,0.0
NV_UT,2020,0.0
NV_UT,2021,0.0
NV_UT,2022,0.0
NY_PA,1990,3323585.0
NY_PA,1991,0.0
NY_PA,1992,0.0
NY_PA,1993,0.0
NY_PA,1994,143106.0
NY_PA,1995,0.0
NY_PA,1996,0.0
NY_PA,1997,25925.0
NY_PA,1998,22814.0
NY_PA,1999,0.0
NY_PA,2000,0.0
NY_PA,2001,0.0
NY_PA,2002,0.0
NY_PA,2003,0.0
NY_PA,2004,0.0
NY_PA,2005,0.0
NY_PA,2006,505019.0
NY_PA,2007,0.0
NY_PA,2008,0.0
NY_PA,2009,0.0
NY_PA,2010,0.0
NY_PA,2011,699975.0
NY_PA,2012,435540.0
NY_PA,2013,0.0
NY_PA,2014,0.0
NY_PA,2015,155550.0
NY_PA,2016,0.0
NY_PA,2017,116144.0
NY_PA,2018,0.0
NY_PA,2019,15555.0
NY_PA,2020,337025.0
NY_PA,2021,0.0
NY_PA,2022,0.0
NY_VT,1990,0.0
NY_VT,1991,0.0
NY_VT,1992,0.0
NY_VT,1993,0.0
NY_VT,1994,0.0
NY_VT,1995,0.0
NY_VT,1996,0.0
NY_VT,1997,0.0
NY_VT,1998,0.0
NY_VT,1999,0.0
NY_VT,2000,0.0
NY_VT,2001,0.0
NY_VT,2002,0.0
NY_VT,2003,0.0
NY_VT,2004,0.0
NY_VT,2005,0.0
NY_VT,2006,0.0
NY_VT,2007,0.0
NY_VT,2008,0.0
NY_VT,2009,0.0
NY_VT,2010,0.0
NY_VT,2011,0.0
NY_VT,2012,0.0
NY_VT,2013,0.0
NY_VT,2014,0.0
NY_VT,2015,0.0
NY_VT,2016,0.0
NY_VT,2017,0.0
NY_VT,2018,0.0
NY_VT,2019,0.0
NY_VT,2020,0.0
NY_VT,2021,0.0
NY_VT,2022,0.0
OH_PA,1990,2221254.0
OH_PA,1991,0.0
OH_PA,1992,0.0
OH_PA,1993,0.0
OH_PA,1994,14518.0
OH_PA,1995,0.0
OH_PA,1996,0.0
OH_PA,1997,0.0
OH_PA,1998,0.0
OH_PA,1999,0.0
OH_PA,2000,0.0
OH_PA,2001,0.0
OH_PA,2002,0.0
OH_PA,2003,0.0
OH_PA,2004,0.0
OH_PA,2005,0.0
OH_PA,2006,0.0
OH_PA,2007,0.0
OH_PA,2008,0.0
OH_PA,2009,1633275.0
OH_PA,2010,0.0
OH_PA,2011,0.0
OH_PA,2012,0.0
OH_PA,2013,0.0
OH_PA,2014,0.0
OH_PA,2015,0.0
OH_PA,2016,134810.0
OH_PA,2017,0.0
OH_PA,2018,0.0
OH_PA,2019,57035.0
OH_PA,2020,0.0
OH_PA,2021,155550.0
OH_PA,2022,0.0
OH_WV,1990,2542724.0
OH_WV,1991,0.0
OH_WV,1992,0.0
OH_WV,1993,0.0
OH_WV,1994,242658.0
OH_WV,1995,45628.0
OH_WV,1996,25925.0
OH_WV,1997,0.0
OH_WV,1998,22814.0
OH_WV,1999,0.0
OH_WV,2000,0.0
OH_WV,2001,0.0
OH_WV,2002,0.0
OH_WV,2003,0.0
OH_WV,2004,0.0
OH_WV,2005,0.0
OH_WV,2006,0.0
OH_WV,2007,0.0
OH_WV,2008,155550.0
OH_WV,2009,155550.0
OH_WV,2010,155550.0
OH_WV,2011,155550.0
OH_WV,2012,0.0
OH_WV,2013,0.0
OH_WV,2014,933300.0
OH_WV,2015,1057740.0
OH_WV,2016,1514020.0
OH_WV,2017,663680.0
OH_WV,2018,3971710.0
OH_WV,2019,0.0
OH_WV,2020,0.0
OH_WV,2021,0.0
OH_WV,2022,0.0
OK_TX,1990,4471544.0
OK_TX,1991,0.0
OK_TX,1992,0.0
OK_TX,1993,0.0
OK_TX,1994,1122034.0
OK_TX,1995,0.0
OK_TX,1996,20740.0
OK_TX,1997,0.0
OK_TX,1998,0.0
OK_TX,1999,31110.0
OK_TX,2000,0.0
OK_TX,2001,87108.0
OK_TX,2002,0.0
OK_TX,2003,0.0
OK_TX,2004,0.0
OK_TX,2005,75701.0
OK_TX,2006,20740.0
OK_TX,2007,0.0
OK_TX,2008,0.0
OK_TX,2009,3379583.0
OK_TX,2010,311100.0
OK_TX,2011,0.0
OK_TX,2012,0.0
OK_TX,2013,0.0
OK_TX,2014,0.0
OK_TX,2015,0.0
OK_TX,2016,0.0
OK_TX,2017,0.0
OK_TX,2018,414800.0
OK_TX,2019,0.0
OK_TX,2020,0.0
OK_TX,2021,0.0
OK_TX,2022,0.0
OR_WA,1990,2486726.0
OR_WA,1991,0.0
OR_WA,1992,0.0
OR_WA,1993,0.0
OR_WA,1994,970632.0
OR_WA,1995,5185.0
OR_WA,1996,0.0
OR_WA,1997,0.0
OR_WA,1998,76738.0
OR_WA,1999,52887.0
OR_WA,2000,0.0
OR_WA,2001,0.0
OR_WA,2002,214659.0
OR_WA,2003,181475.0
OR_WA,2004,0.0
OR_WA,2005,0.0
OR_WA,2006,0.0
OR_WA,2007,0.0
OR_WA,2008,0.0
OR_WA,2009,0.0
OR_WA,2010,0.0
OR_WA,2011,0.0
OR_WA,2012,0.0
OR_WA,2013,0.0
OR_WA,2014,0.0
OR_WA,2015,0.0
OR_WA,2016,0.0
OR_WA,2017,0.0
OR_WA,2018,0.0
OR_WA,2019,0.0
OR_WA,2020,0.0
OR_WA,2021,0.0
OR_WA,2022,0.0
PA_WV,1990,4639538.0
PA_WV,1991,0.0
PA_WV,1992,0.0
PA_WV,1993,0.0
PA_WV,1994,46665.0
PA_WV,1995,46665.0
PA_WV,1996,25925.0
PA_WV,1997,249917.0
PA_WV,1998,173179.0
PA_WV,1999,111996.0
PA_WV,2000,0.0
PA_WV,2001,0.0
PA_WV,2002,103700.0
PA_WV,2003,0.0
PA_WV,2004,225029.0
PA_WV,2005,0.0
PA_WV,2006,54961.0
PA_WV,2007,49776.0
PA_WV,2008,155550.0
PA_WV,2009,155550.0
PA_WV,2010,232288.0
PA_WV,2011,0.0
PA_WV,2012,1252696.0
PA_WV,2013,0.0
PA_WV,2014,1393728.0
PA_WV,2015,1929857.0
PA_WV,2016,373320.0
PA_WV,2017,664717.0
PA_WV,2018,1970300.0
PA_WV,2019,622200.0
PA_WV,2020,0.0
PA_WV,2021,0.0
PA_WV,2022,0.0
SD_WY,1990,46665.0
SD_WY,1991,0.0
SD_WY,1992,0.0
SD_WY,1993,0.0
SD_WY,1994,1037.0
SD_WY,1995,0.0
SD_WY,1996,0.0
SD_WY,1997,0.0
SD_WY,1998,41480.0
SD_WY,1999,0.0
SD_WY,2000,0.0
SD_WY,2001,0.0
SD_WY,2002,0.0
SD_WY,2003,0.0
SD_WY,2004,0.0
SD_WY,2005,0.0
SD_WY,2006,0.0
SD_WY,2007,0.0
SD_WY,2008,0.0
SD_WY,2009,0.0
SD_WY,2010,0.0
SD_WY,2011,0.0
SD_WY,2012,0.0
SD_WY,2013,0.0
SD_WY,2014,0.0
SD_WY,2015,0.0
SD_WY,2016,0.0
SD_WY,2017,0.0
SD_WY,2018,0.0
SD_WY,2019,0.0
SD_WY,2020,0.0
SD_WY,2021,0.0
SD_WY,2022,0.0
TN_VA,1990,13481.0
TN_VA,1991,0.0
TN_VA,1992,0.0
TN_VA,1993,0.0
TN_VA,1994,2074.0
TN_VA,1995,0.0
TN_VA,1996,11407.0
TN_VA,1997,24888.0
TN_VA,1998,0.0
TN_VA,1999,0.0
TN_VA,2000,0.0
TN_VA,2001,0.0
TN_VA,2002,0.0
TN_VA,2003,0.0
TN_VA,2004,0.0
TN_VA,2005,0.0
TN_VA,2006,20740.0
TN_VA,2007,0.0
TN_VA,2008,0.0
TN_VA,2009,0.0
TN_VA,2010,0.0
TN_VA,2011,155550.0
TN_VA,2012,0.0
TN_VA,2013,0.0
TN_VA,2014,0.0
TN_VA,2015,0.0
TN_VA,2016,0.0
TN_VA,2017,0.0
TN_VA,2018,0.0
TN_VA,2019,0.0
TN_VA,2020,0.0
TN_VA,2021,0.0
TN_VA,2022,0.0
UT_WY,1990,1535797.0
UT_WY,1991,0.0
UT_WY,1992,0.0
UT_WY,1993,0.0
UT_WY,1994,860710.0
UT_WY,1995,0.0
UT_WY,1996,21777.0
UT_WY,1997,0.0
UT_WY,1998,138958.0
UT_WY,1999,0.0
UT_WY,2000,0.0
UT_WY,2001,181475.0
UT_WY,2002,0.0
UT_WY,2003,1370914.0
UT_WY,2004,0.0
UT_WY,2005,0.0
UT_WY,2006,0.0
UT_WY,2007,421022.0
UT_WY,2008,0.0
UT_WY,2009,0.0
UT_WY,2010,342210.0
UT_WY,2011,1831342.0
UT_WY,2012,0.0
UT_WY,2013,0.0
UT_WY,2014,0.0
UT_WY,2015,0.0
UT_WY,2016,0.0
UT_WY,2017,0.0
UT_WY,2018,0.0
UT_WY,2019,0.0
UT_WY,2020,0.0
UT_WY,2021,0.0
UT_WY,2022,0.0
VA_WV,1990,1763937.0
VA_WV,1991,0.0
VA_WV,1992,0.0
VA_WV,1993,0.0
VA_WV,1994,263398.0
VA_WV,1995,0.0
VA_WV,1996,0.0
VA_WV,1997,158661.0
VA_WV,1998,49776.0
VA_WV,1999,0.0
VA_WV,2000,0.0
VA_WV,2001,0.0
VA_WV,2002,0.0
VA_WV,2003,0.0
VA_WV,2004,0.0
VA_WV,2005,0.0
VA_WV,2006,0.0
VA_WV,2007,0.0
VA_WV,2008,0.0
VA_WV,2009,0.0
VA_WV,2010,0.0
VA_WV,2011,0.0
VA_WV,2012,0.0
VA_WV,2013,0.0
VA_WV,2014,0.0
VA_WV,2015,0.0
VA_WV,2016,0.0
VA_WV,2017,0.0
VA_WV,2018,518500.0
VA_WV,2019,0.0
VA_WV,2020,0.0
VA_WV,2021,0.0
VA_WV,2022,0.0
MT_WY,2023,0.0
CO_WY,2023,0.0
IA_NE,2023,0.0
CO_KS,2023,0.0
KS_MO,2023,0.0
IA_SD,2023,0.0
IA_MO,2023,541164.4568964511
ID_WY,2023,0.0
MT_ND,2023,0.0
CO_NE,2023,0.0
MT_SD,2023,189077.23767509742
NE_WY,2023,0.0
KS_NE,2023,0.0
ND_SD,2023,0.0
AZ_CO,2023,0.0
SD_WY,2023,0.0
MN_SD,2023,0.0
ID_UT,2023,0.0
CO_UT,2023,0.0
MN_ND,2023,0.0
IL_MO,2023,0.0
AZ_UT,2023,0.0
UT_WY,2023,0.0
MO_NE,2023,0.0
NE_SD,2023,0.0
NM_UT,2023,0.0
ID_MT,2023,66249.5730937362
NV_UT,2023,734086.9567681346
AR_MO,2023,0.0
KY_MO,2023,0.0
IA_MN,2023,0.0
IA_WI,2023,0.0
IN_OH,2023,0.0
MN_WI,2023,0.0
KY_OH,2023,0.0
IL_IN,2023,0.0
IA_IL,2023,0.0
IL_WI,2023,0.0
MI_WI,2023,0.0
MI_OH,2023,515463.3775655981
IN_MI,2023,0.0
MA_NH,2023,0.0
OH_WV,2023,0.0
DC_MD,2023,72756.23834892144
CT_RI,2023,0.0
DE_MD,2023,0.0
OH_PA,2023,0.0
CT_MA,2023,0.0
DE_NJ,2023,0.0
MD_VA,2023,0.0
MA_RI,2023,0.0
VA_WV,2023,0.0
NH_VT,2023,13606.226854827619
DC_VA,2023,0.0
MA_NY,2023,1120446.8126969738
MD_PA,2023,0.0
NJ_PA,2023,0.0
ME_NH,2023,0.0
MA_VT,2023,20279.142650778616
PA_WV,2023,0.0
MD_WV,2023,0.0
NC_VA,2023,0.0
DE_PA,2023,0.0
KY_VA,2023,0.0
KY_WV,2023,2419291.732731359
NJ_NY,2023,0.0
TN_VA,2023,0.0
NY_PA,2023,3120443.079026844
IL_KY,2023,0.0
AL_FL,2023,0.0
AL_MS,2023,0.0
AL_TN,2023,0.0
GA_SC,2023,0.0
IN_KY,2023,0.0
MO_TN,2023,0.0
KY_TN,2023,0.0
LA_MS,2023,0.0
AL_GA,2023,0.0
NC_SC,2023,0.0
FL_GA,2023,0.0
GA_NC,2023,2583140.400344755
AR_MS,2023,0.0
MS_TN,2023,0.0
GA_TN,2023,1361271.5734222068
NC_TN,2023,0.0
AR_TN,2023,0.0
OK_TX,2023,0.0
KS_OK,2023,0.0
MO_OK,2023,5210104.666988382
CO_OK,2023,0.0
LA_TX,2023,0.0
NM_TX,2023,0.0
AR_TX,2023,0.0
NM_OK,2023,0.0
CO_NM,2023,0.0
AR_OK,2023,0.0
AR_LA,2023,0.0
AZ_NM,2023,0.0
OR_WA,2023,0.0
CA_OR,2023,0.0
AZ_CA,2023,0.0
NV_OR,2023,0.0
ID_WA,2023,0.0
CA_NV,2023,2527268.7093271315
ID_NV,2023,861971.0647165823
AZ_NV,2023,0.0
ID_OR,2023,532830.890599566
