BLD_YRS_FOR_GAS_STORAGE_TYPE_1,BLD_YRS_FOR_GAS_STORAGE_TYPE_2,BLD_YRS_FOR_GAS_STORAGE_TYPE_3,BuildStorageCap
AL,aquifer,1999,0.0
AL,aquifer,2000,0.0
AL,aquifer,2001,0.0
AL,aquifer,2002,0.0
AL,aquifer,2003,0.0
AL,aquifer,2004,0.0
AL,aquifer,2005,0.0
AL,aquifer,2006,0.0
AL,aquifer,2007,0.0
AL,aquifer,2008,0.0
AL,aquifer,2009,0.0
AL,aquifer,2010,0.0
AL,aquifer,2011,0.0
AL,aquifer,2012,0.0
AL,aquifer,2013,0.0
AL,aquifer,2014,0.0
AL,aquifer,2015,0.0
AL,aquifer,2016,0.0
AL,aquifer,2017,0.0
AL,aquifer,2018,0.0
AL,aquifer,2019,0.0
AL,aquifer,2020,0.0
AL,aquifer,2021,0.0
AL,aquifer,2022,0.0
AL,depleted field,1999,0.0
AL,depleted field,2000,0.0
AL,depleted field,2001,1720651.85185185
AL,depleted field,2002,0.0
AL,depleted field,2003,615133.037037037
AL,depleted field,2004,0.0
AL,depleted field,2005,0.0
AL,depleted field,2006,7127800.2962963
AL,depleted field,2007,0.0
AL,depleted field,2008,0.0
AL,depleted field,2009,0.0
AL,depleted field,2010,0.0
AL,depleted field,2011,2281400.0
AL,depleted field,2012,0.0
AL,depleted field,2013,0.0
AL,depleted field,2014,0.0
AL,depleted field,2015,0.0
AL,depleted field,2016,0.0
AL,depleted field,2017,0.0
AL,depleted field,2018,0.0
AL,depleted field,2019,0.0
AL,depleted field,2020,0.0
AL,depleted field,2021,0.0
AL,depleted field,2022,0.0
AL,salt cavern,1999,2480393.75415282
AL,salt cavern,2000,0.0
AL,salt cavern,2001,0.0
AL,salt cavern,2002,2450145.04983389
AL,salt cavern,2003,1346067.34219269
AL,salt cavern,2004,0.0
AL,salt cavern,2005,0.0
AL,salt cavern,2006,0.0
AL,salt cavern,2007,0.0
AL,salt cavern,2008,6063693.8538206
AL,salt cavern,2009,0.0
AL,salt cavern,2010,4407250.0
AL,salt cavern,2011,0.0
AL,salt cavern,2012,0.0
AL,salt cavern,2013,0.0
AL,salt cavern,2014,6014600.0
AL,salt cavern,2015,0.0
AL,salt cavern,2016,0.0
AL,salt cavern,2017,0.0
AL,salt cavern,2018,0.0
AL,salt cavern,2019,0.0
AL,salt cavern,2020,0.0
AL,salt cavern,2021,0.0
AL,salt cavern,2022,0.0
AR,aquifer,1999,0.0
AR,aquifer,2000,0.0
AR,aquifer,2001,0.0
AR,aquifer,2002,0.0
AR,aquifer,2003,0.0
AR,aquifer,2004,0.0
AR,aquifer,2005,0.0
AR,aquifer,2006,0.0
AR,aquifer,2007,0.0
AR,aquifer,2008,0.0
AR,aquifer,2009,0.0
AR,aquifer,2010,0.0
AR,aquifer,2011,0.0
AR,aquifer,2012,0.0
AR,aquifer,2013,0.0
AR,aquifer,2014,0.0
AR,aquifer,2015,0.0
AR,aquifer,2016,0.0
AR,aquifer,2017,0.0
AR,aquifer,2018,0.0
AR,aquifer,2019,0.0
AR,aquifer,2020,0.0
AR,aquifer,2021,0.0
AR,aquifer,2022,0.0
AR,depleted field,1999,10200284.708624
AR,depleted field,2000,0.0
AR,depleted field,2001,0.0
AR,depleted field,2002,0.0
AR,depleted field,2003,0.0
AR,depleted field,2004,0.0
AR,depleted field,2005,0.0
AR,depleted field,2006,0.0
AR,depleted field,2007,0.0
AR,depleted field,2008,5759680.50476528
AR,depleted field,2009,0.0
AR,depleted field,2010,0.0
AR,depleted field,2011,0.0
AR,depleted field,2012,147254.0
AR,depleted field,2013,0.0
AR,depleted field,2014,0.0
AR,depleted field,2015,0.0
AR,depleted field,2016,0.0
AR,depleted field,2017,0.0
AR,depleted field,2018,0.0
AR,depleted field,2019,0.0
AR,depleted field,2020,0.0
AR,depleted field,2021,0.0
AR,depleted field,2022,0.0
AR,salt cavern,1999,0.0
AR,salt cavern,2000,0.0
AR,salt cavern,2001,0.0
AR,salt cavern,2002,0.0
AR,salt cavern,2003,0.0
AR,salt cavern,2004,0.0
AR,salt cavern,2005,0.0
AR,salt cavern,2006,0.0
AR,salt cavern,2007,0.0
AR,salt cavern,2008,0.0
AR,salt cavern,2009,0.0
AR,salt cavern,2010,0.0
AR,salt cavern,2011,0.0
AR,salt cavern,2012,0.0
AR,salt cavern,2013,0.0
AR,salt cavern,2014,0.0
AR,salt cavern,2015,0.0
AR,salt cavern,2016,0.0
AR,salt cavern,2017,0.0
AR,salt cavern,2018,0.0
AR,salt cavern,2019,0.0
AR,salt cavern,2020,0.0
AR,salt cavern,2021,0.0
AR,salt cavern,2022,0.0
CA,aquifer,1999,0.0
CA,aquifer,2000,0.0
CA,aquifer,2001,0.0
CA,aquifer,2002,0.0
CA,aquifer,2003,0.0
CA,aquifer,2004,0.0
CA,aquifer,2005,0.0
CA,aquifer,2006,0.0
CA,aquifer,2007,0.0
CA,aquifer,2008,0.0
CA,aquifer,2009,0.0
CA,aquifer,2010,0.0
CA,aquifer,2011,0.0
CA,aquifer,2012,0.0
CA,aquifer,2013,10370000.0
CA,aquifer,2014,0.0
CA,aquifer,2015,0.0
CA,aquifer,2016,186660.0
CA,aquifer,2017,0.0
CA,aquifer,2018,0.0
CA,aquifer,2019,0.0
CA,aquifer,2020,0.0
CA,aquifer,2021,0.0
CA,aquifer,2022,0.0
CA,depleted field,1999,236276834.983432
CA,depleted field,2000,0.0
CA,depleted field,2001,54255640.9855412
CA,depleted field,2002,2493499.67478567
CA,depleted field,2003,0.0
CA,depleted field,2004,19656191.8671586
CA,depleted field,2005,0.0
CA,depleted field,2006,4273085.18851274
CA,depleted field,2007,1835254.91274709
CA,depleted field,2008,0.0
CA,depleted field,2009,12755100.0
CA,depleted field,2010,15555000.0
CA,depleted field,2011,25199100.0
CA,depleted field,2012,14414300.0
CA,depleted field,2013,15555000.0
CA,depleted field,2014,0.0
CA,depleted field,2015,1244400.0
CA,depleted field,2016,0.0
CA,depleted field,2017,1866600.0
CA,depleted field,2018,10556660.0
CA,depleted field,2019,757010.0
CA,depleted field,2020,0.0
CA,depleted field,2021,0.0
CA,depleted field,2022,0.0
CA,salt cavern,1999,1464658.8
CA,salt cavern,2000,75286.2
CA,salt cavern,2001,0.0
CA,salt cavern,2002,0.0
CA,salt cavern,2003,0.0
CA,salt cavern,2004,0.0
CA,salt cavern,2005,0.0
CA,salt cavern,2006,0.0
CA,salt cavern,2007,0.0
CA,salt cavern,2008,0.0
CA,salt cavern,2009,0.0
CA,salt cavern,2010,0.0
CA,salt cavern,2011,0.0
CA,salt cavern,2012,0.0
CA,salt cavern,2013,0.0
CA,salt cavern,2014,0.0
CA,salt cavern,2015,0.0
CA,salt cavern,2016,0.0
CA,salt cavern,2017,0.0
CA,salt cavern,2018,0.0
CA,salt cavern,2019,0.0
CA,salt cavern,2020,0.0
CA,salt cavern,2021,0.0
CA,salt cavern,2022,0.0
CO,aquifer,1999,0.0
CO,aquifer,2000,0.0
CO,aquifer,2001,0.0
CO,aquifer,2002,0.0
CO,aquifer,2003,0.0
CO,aquifer,2004,0.0
CO,aquifer,2005,0.0
CO,aquifer,2006,0.0
CO,aquifer,2007,0.0
CO,aquifer,2008,0.0
CO,aquifer,2009,0.0
CO,aquifer,2010,0.0
CO,aquifer,2011,0.0
CO,aquifer,2012,0.0
CO,aquifer,2013,0.0
CO,aquifer,2014,0.0
CO,aquifer,2015,0.0
CO,aquifer,2016,0.0
CO,aquifer,2017,0.0
CO,aquifer,2018,0.0
CO,aquifer,2019,0.0
CO,aquifer,2020,0.0
CO,aquifer,2021,0.0
CO,aquifer,2022,0.0
CO,depleted field,1999,52751544.8714424
CO,depleted field,2000,332083.84255258
CO,depleted field,2001,0.0
CO,depleted field,2002,438541.342318237
CO,depleted field,2003,529.639302320778
CO,depleted field,2004,0.0
CO,depleted field,2005,0.0
CO,depleted field,2006,0.0
CO,depleted field,2007,0.0
CO,depleted field,2008,0.0
CO,depleted field,2009,5755350.0
CO,depleted field,2010,1026630.0
CO,depleted field,2011,0.0
CO,depleted field,2012,12312301.0
CO,depleted field,2013,0.0
CO,depleted field,2014,3310104.0
CO,depleted field,2015,0.0
CO,depleted field,2016,0.0
CO,depleted field,2017,4562800.0
CO,depleted field,2018,4542060.0
CO,depleted field,2019,207400.0
CO,depleted field,2020,0.0
CO,depleted field,2021,0.0
CO,depleted field,2022,212585.0
CO,salt cavern,1999,0.0
CO,salt cavern,2000,0.0
CO,salt cavern,2001,0.0
CO,salt cavern,2002,0.0
CO,salt cavern,2003,0.0
CO,salt cavern,2004,0.0
CO,salt cavern,2005,0.0
CO,salt cavern,2006,0.0
CO,salt cavern,2007,0.0
CO,salt cavern,2008,0.0
CO,salt cavern,2009,0.0
CO,salt cavern,2010,0.0
CO,salt cavern,2011,0.0
CO,salt cavern,2012,0.0
CO,salt cavern,2013,0.0
CO,salt cavern,2014,0.0
CO,salt cavern,2015,0.0
CO,salt cavern,2016,0.0
CO,salt cavern,2017,0.0
CO,salt cavern,2018,0.0
CO,salt cavern,2019,0.0
CO,salt cavern,2020,0.0
CO,salt cavern,2021,0.0
CO,salt cavern,2022,0.0
IL,aquifer,1999,214397583.290257
IL,aquifer,2000,0.0
IL,aquifer,2001,0.0
IL,aquifer,2002,13103546.7244872
IL,aquifer,2003,0.0
IL,aquifer,2004,24744.3023649752
IL,aquifer,2005,32120693.9897583
IL,aquifer,2006,797572.164601415
IL,aquifer,2007,0.0
IL,aquifer,2008,1638469.74427435
IL,aquifer,2009,7719428.0
IL,aquifer,2010,0.0
IL,aquifer,2011,0.0
IL,aquifer,2012,598349.0
IL,aquifer,2013,78760150.0
IL,aquifer,2014,1037000.0
IL,aquifer,2015,0.0
IL,aquifer,2016,0.0
IL,aquifer,2017,0.0
IL,aquifer,2018,1389580.0
IL,aquifer,2019,0.0
IL,aquifer,2020,0.0
IL,aquifer,2021,0.0
IL,aquifer,2022,0.0
IL,depleted field,1999,77360451.4336175
IL,depleted field,2000,0.0
IL,depleted field,2001,0.0
IL,depleted field,2002,605107.334487125
IL,depleted field,2003,25833544.8775912
IL,depleted field,2004,5042561.12072597
IL,depleted field,2005,0.0
IL,depleted field,2006,0.0
IL,depleted field,2007,0.0
IL,depleted field,2008,1013475.23859742
IL,depleted field,2009,0.0
IL,depleted field,2010,37280150.0
IL,depleted field,2011,0.0
IL,depleted field,2012,0.0
IL,depleted field,2013,0.0
IL,depleted field,2014,0.0
IL,depleted field,2015,0.0
IL,depleted field,2016,0.0
IL,depleted field,2017,42869580.0
IL,depleted field,2018,0.0
IL,depleted field,2019,0.0
IL,depleted field,2020,0.0
IL,depleted field,2021,0.0
IL,depleted field,2022,1596980.0
IL,salt cavern,1999,0.0
IL,salt cavern,2000,0.0
IL,salt cavern,2001,0.0
IL,salt cavern,2002,0.0
IL,salt cavern,2003,0.0
IL,salt cavern,2004,0.0
IL,salt cavern,2005,0.0
IL,salt cavern,2006,0.0
IL,salt cavern,2007,0.0
IL,salt cavern,2008,0.0
IL,salt cavern,2009,0.0
IL,salt cavern,2010,0.0
IL,salt cavern,2011,0.0
IL,salt cavern,2012,0.0
IL,salt cavern,2013,0.0
IL,salt cavern,2014,0.0
IL,salt cavern,2015,0.0
IL,salt cavern,2016,0.0
IL,salt cavern,2017,0.0
IL,salt cavern,2018,0.0
IL,salt cavern,2019,0.0
IL,salt cavern,2020,0.0
IL,salt cavern,2021,0.0
IL,salt cavern,2022,0.0
IN,aquifer,1999,23717839.6887497
IN,aquifer,2000,0.0
IN,aquifer,2001,0.0
IN,aquifer,2002,0.0
IN,aquifer,2003,6499725.74274815
IN,aquifer,2004,0.0
IN,aquifer,2005,81287.3408982269
IN,aquifer,2006,0.0
IN,aquifer,2007,0.0
IN,aquifer,2008,272416.216677073
IN,aquifer,2009,0.0
IN,aquifer,2010,72590.0
IN,aquifer,2011,43554.0
IN,aquifer,2012,0.0
IN,aquifer,2013,0.0
IN,aquifer,2014,0.0
IN,aquifer,2015,863821.0
IN,aquifer,2016,0.0
IN,aquifer,2017,83997.0
IN,aquifer,2018,11407.0
IN,aquifer,2019,0.0
IN,aquifer,2020,0.0
IN,aquifer,2021,0.0
IN,aquifer,2022,0.0
IN,depleted field,1999,7835180.70241199
IN,depleted field,2000,0.0
IN,depleted field,2001,14930187.9587224
IN,depleted field,2002,599607.627255756
IN,depleted field,2003,0.0
IN,depleted field,2004,0.0
IN,depleted field,2005,150636.205867611
IN,depleted field,2006,153153.802623058
IN,depleted field,2007,0.0
IN,depleted field,2008,0.0
IN,depleted field,2009,0.0
IN,depleted field,2010,781898.0
IN,depleted field,2011,0.0
IN,depleted field,2012,273768.0
IN,depleted field,2013,0.0
IN,depleted field,2014,0.0
IN,depleted field,2015,0.0
IN,depleted field,2016,0.0
IN,depleted field,2017,406504.0
IN,depleted field,2018,0.0
IN,depleted field,2019,105774.0
IN,depleted field,2020,0.0
IN,depleted field,2021,137921.0
IN,depleted field,2022,33184.0
IN,salt cavern,1999,0.0
IN,salt cavern,2000,0.0
IN,salt cavern,2001,0.0
IN,salt cavern,2002,0.0
IN,salt cavern,2003,0.0
IN,salt cavern,2004,0.0
IN,salt cavern,2005,0.0
IN,salt cavern,2006,0.0
IN,salt cavern,2007,0.0
IN,salt cavern,2008,0.0
IN,salt cavern,2009,0.0
IN,salt cavern,2010,0.0
IN,salt cavern,2011,0.0
IN,salt cavern,2012,0.0
IN,salt cavern,2013,0.0
IN,salt cavern,2014,0.0
IN,salt cavern,2015,0.0
IN,salt cavern,2016,0.0
IN,salt cavern,2017,0.0
IN,salt cavern,2018,0.0
IN,salt cavern,2019,0.0
IN,salt cavern,2020,0.0
IN,salt cavern,2021,0.0
IN,salt cavern,2022,0.0
IA,aquifer,1999,88777042.8826203
IA,aquifer,2000,0.0
IA,aquifer,2001,0.0
IA,aquifer,2002,0.0
IA,aquifer,2003,0.0
IA,aquifer,2004,0.0
IA,aquifer,2005,0.0
IA,aquifer,2006,649905.145553589
IA,aquifer,2007,987205.916095898
IA,aquifer,2008,167796.055730194
IA,aquifer,2009,66368.0
IA,aquifer,2010,3317363.0
IA,aquifer,2011,518500.0
IA,aquifer,2012,0.0
IA,aquifer,2013,0.0
IA,aquifer,2014,0.0
IA,aquifer,2015,0.0
IA,aquifer,2016,0.0
IA,aquifer,2017,0.0
IA,aquifer,2018,0.0
IA,aquifer,2019,0.0
IA,aquifer,2020,0.0
IA,aquifer,2021,0.0
IA,aquifer,2022,0.0
IA,depleted field,1999,0.0
IA,depleted field,2000,0.0
IA,depleted field,2001,0.0
IA,depleted field,2002,0.0
IA,depleted field,2003,0.0
IA,depleted field,2004,0.0
IA,depleted field,2005,0.0
IA,depleted field,2006,0.0
IA,depleted field,2007,0.0
IA,depleted field,2008,0.0
IA,depleted field,2009,0.0
IA,depleted field,2010,0.0
IA,depleted field,2011,0.0
IA,depleted field,2012,0.0
IA,depleted field,2013,0.0
IA,depleted field,2014,0.0
IA,depleted field,2015,0.0
IA,depleted field,2016,0.0
IA,depleted field,2017,0.0
IA,depleted field,2018,0.0
IA,depleted field,2019,0.0
IA,depleted field,2020,0.0
IA,depleted field,2021,0.0
IA,depleted field,2022,0.0
KS,aquifer,1999,0.0
KS,aquifer,2000,0.0
KS,aquifer,2001,0.0
KS,aquifer,2002,0.0
KS,aquifer,2003,0.0
KS,aquifer,2004,0.0
KS,aquifer,2005,0.0
KS,aquifer,2006,0.0
KS,aquifer,2007,0.0
KS,aquifer,2008,0.0
KS,aquifer,2009,0.0
KS,aquifer,2010,0.0
KS,aquifer,2011,0.0
KS,aquifer,2012,0.0
KS,aquifer,2013,0.0
KS,aquifer,2014,0.0
KS,aquifer,2015,0.0
KS,aquifer,2016,0.0
KS,aquifer,2017,0.0
KS,aquifer,2018,0.0
KS,aquifer,2019,0.0
KS,aquifer,2020,0.0
KS,aquifer,2021,0.0
KS,aquifer,2022,0.0
KS,depleted field,1999,134073759.469847
KS,depleted field,2000,0.0
KS,depleted field,2001,495733.242633909
KS,depleted field,2002,216319.960422069
KS,depleted field,2003,0.0
KS,depleted field,2004,564234.563434228
KS,depleted field,2005,134298.642095372
KS,depleted field,2006,0.0
KS,depleted field,2007,315917.275533065
KS,depleted field,2008,0.0
KS,depleted field,2009,81923.0
KS,depleted field,2010,3992450.0
KS,depleted field,2011,37332.0
KS,depleted field,2012,122366.0
KS,depleted field,2013,2074.0
KS,depleted field,2014,10370.0
KS,depleted field,2015,0.0
KS,depleted field,2016,2074.0
KS,depleted field,2017,0.0
KS,depleted field,2018,0.0
KS,depleted field,2019,0.0
KS,depleted field,2020,0.0
KS,depleted field,2021,0.0
KS,depleted field,2022,0.0
KS,salt cavern,1999,2463912.0
KS,salt cavern,2000,0.0
KS,salt cavern,2001,0.0
KS,salt cavern,2002,0.0
KS,salt cavern,2003,684.420000000042
KS,salt cavern,2004,0.0
KS,salt cavern,2005,0.0
KS,salt cavern,2006,0.0
KS,salt cavern,2007,0.0
KS,salt cavern,2008,0.0
KS,salt cavern,2009,0.0
KS,salt cavern,2010,0.0
KS,salt cavern,2011,0.0
KS,salt cavern,2012,0.0
KS,salt cavern,2013,0.0
KS,salt cavern,2014,0.0
KS,salt cavern,2015,0.0
KS,salt cavern,2016,0.0
KS,salt cavern,2017,0.0
KS,salt cavern,2018,0.0
KS,salt cavern,2019,0.0
KS,salt cavern,2020,0.0
KS,salt cavern,2021,0.0
KS,salt cavern,2022,0.0
KY,aquifer,1999,6372987.76299854
KY,aquifer,2000,0.0
KY,aquifer,2001,0.0
KY,aquifer,2002,0.0
KY,aquifer,2003,510931.495162526
KY,aquifer,2004,0.0
KY,aquifer,2005,0.0
KY,aquifer,2006,0.0
KY,aquifer,2007,0.0
KY,aquifer,2008,501285.237001461
KY,aquifer,2009,0.0
KY,aquifer,2010,0.0
KY,aquifer,2011,0.0
KY,aquifer,2012,0.0
KY,aquifer,2013,0.0
KY,aquifer,2014,0.0
KY,aquifer,2015,0.0
KY,aquifer,2016,0.0
KY,aquifer,2017,4780570.0
KY,aquifer,2018,0.0
KY,aquifer,2019,0.0
KY,aquifer,2020,0.0
KY,aquifer,2021,0.0
KY,aquifer,2022,0.0
KY,depleted field,1999,103488874.043646
KY,depleted field,2000,2952.04547049105
KY,depleted field,2001,713410.988700613
KY,depleted field,2002,0.0
KY,depleted field,2003,0.0
KY,depleted field,2004,19680.3031365722
KY,depleted field,2005,0.0
KY,depleted field,2006,0.0
KY,depleted field,2007,966794.891583934
KY,depleted field,2008,0.0
KY,depleted field,2009,2340509.0
KY,depleted field,2010,4268292.0
KY,depleted field,2011,0.0
KY,depleted field,2012,0.0
KY,depleted field,2013,0.0
KY,depleted field,2014,2084370.0
KY,depleted field,2015,0.0
KY,depleted field,2016,1037.0
KY,depleted field,2017,0.0
KY,depleted field,2018,0.0
KY,depleted field,2019,0.0
KY,depleted field,2020,0.0
KY,depleted field,2021,0.0
KY,depleted field,2022,0.0
KY,salt cavern,1999,0.0
KY,salt cavern,2000,0.0
KY,salt cavern,2001,0.0
KY,salt cavern,2002,0.0
KY,salt cavern,2003,0.0
KY,salt cavern,2004,0.0
KY,salt cavern,2005,0.0
KY,salt cavern,2006,0.0
KY,salt cavern,2007,0.0
KY,salt cavern,2008,0.0
KY,salt cavern,2009,0.0
KY,salt cavern,2010,0.0
KY,salt cavern,2011,0.0
KY,salt cavern,2012,0.0
KY,salt cavern,2013,0.0
KY,salt cavern,2014,0.0
KY,salt cavern,2015,0.0
KY,salt cavern,2016,0.0
KY,salt cavern,2017,0.0
KY,salt cavern,2018,0.0
KY,salt cavern,2019,0.0
KY,salt cavern,2020,0.0
KY,salt cavern,2021,0.0
KY,salt cavern,2022,0.0
LA,aquifer,1999,0.0
LA,aquifer,2000,0.0
LA,aquifer,2001,0.0
LA,aquifer,2002,0.0
LA,aquifer,2003,0.0
LA,aquifer,2004,0.0
LA,aquifer,2005,0.0
LA,aquifer,2006,0.0
LA,aquifer,2007,0.0
LA,aquifer,2008,0.0
LA,aquifer,2009,0.0
LA,aquifer,2010,0.0
LA,aquifer,2011,0.0
LA,aquifer,2012,0.0
LA,aquifer,2013,0.0
LA,aquifer,2014,0.0
LA,aquifer,2015,0.0
LA,aquifer,2016,0.0
LA,aquifer,2017,0.0
LA,aquifer,2018,0.0
LA,aquifer,2019,0.0
LA,aquifer,2020,0.0
LA,aquifer,2021,0.0
LA,aquifer,2022,0.0
LA,depleted field,1999,312457815.098892
LA,depleted field,2000,0.0
LA,depleted field,2001,0.0
LA,depleted field,2002,0.0
LA,depleted field,2003,0.0
LA,depleted field,2004,0.0
LA,depleted field,2005,0.0
LA,depleted field,2006,0.0
LA,depleted field,2007,0.0
LA,depleted field,2008,0.0
LA,depleted field,2009,0.0
LA,depleted field,2010,0.0
LA,depleted field,2011,1280695.0
LA,depleted field,2012,0.0
LA,depleted field,2013,83582200.0
LA,depleted field,2014,518500.0
LA,depleted field,2015,0.0
LA,depleted field,2016,621163.0
LA,depleted field,2017,0.0
LA,depleted field,2018,0.0
LA,depleted field,2019,0.0
LA,depleted field,2020,0.0
LA,depleted field,2021,8847684.0
LA,depleted field,2022,0.0
LA,salt cavern,1999,24656895.2956082
LA,salt cavern,2000,3756152.0839189
LA,salt cavern,2001,5610770.50162281
LA,salt cavern,2002,7532096.53830343
LA,salt cavern,2003,3341245.35489897
LA,salt cavern,2004,1515215.91675652
LA,salt cavern,2005,0.0
LA,salt cavern,2006,3976800.36207261
LA,salt cavern,2007,0.0
LA,salt cavern,2008,14562400.2625996
LA,salt cavern,2009,27850709.0
LA,salt cavern,2010,16418821.0
LA,salt cavern,2011,11955573.0
LA,salt cavern,2012,92140561.0
LA,salt cavern,2013,0.0
LA,salt cavern,2014,7183299.0
LA,salt cavern,2015,4033930.0
LA,salt cavern,2016,0.0
LA,salt cavern,2017,2280363.0
LA,salt cavern,2018,0.0
LA,salt cavern,2019,0.0
LA,salt cavern,2020,4593910.0
LA,salt cavern,2021,1980670.0
LA,salt cavern,2022,0.0
MD,depleted field,1999,18384065.625
MD,depleted field,2000,0.0
MD,depleted field,2001,0.0
MD,depleted field,2002,0.0
MD,depleted field,2003,0.0
MD,depleted field,2004,0.0
MD,depleted field,2005,0.0
MD,depleted field,2006,593034.375
MD,depleted field,2007,0.0
MD,depleted field,2008,0.0
MD,depleted field,2009,1037000.0
MD,depleted field,2010,0.0
MD,depleted field,2011,0.0
MD,depleted field,2012,0.0
MD,depleted field,2013,0.0
MD,depleted field,2014,0.0
MD,depleted field,2015,0.0
MD,depleted field,2016,0.0
MD,depleted field,2017,0.0
MD,depleted field,2018,0.0
MD,depleted field,2019,0.0
MD,depleted field,2020,0.0
MD,depleted field,2021,0.0
MD,depleted field,2022,0.0
MD,salt cavern,1999,0.0
MD,salt cavern,2000,0.0
MD,salt cavern,2001,0.0
MD,salt cavern,2002,0.0
MD,salt cavern,2003,0.0
MD,salt cavern,2004,0.0
MD,salt cavern,2005,0.0
MD,salt cavern,2006,0.0
MD,salt cavern,2007,0.0
MD,salt cavern,2008,0.0
MD,salt cavern,2009,0.0
MD,salt cavern,2010,0.0
MD,salt cavern,2011,0.0
MD,salt cavern,2012,0.0
MD,salt cavern,2013,0.0
MD,salt cavern,2014,0.0
MD,salt cavern,2015,0.0
MD,salt cavern,2016,0.0
MD,salt cavern,2017,0.0
MD,salt cavern,2018,0.0
MD,salt cavern,2019,0.0
MD,salt cavern,2020,0.0
MD,salt cavern,2021,0.0
MD,salt cavern,2022,0.0
MI,aquifer,1999,10320224.0
MI,aquifer,2000,0.0
MI,aquifer,2001,0.0
MI,aquifer,2002,0.0
MI,aquifer,2003,0.0
MI,aquifer,2004,0.0
MI,aquifer,2005,0.0
MI,aquifer,2006,0.0
MI,aquifer,2007,0.0
MI,aquifer,2008,0.0
MI,aquifer,2009,0.0
MI,aquifer,2010,0.0
MI,aquifer,2011,0.0
MI,aquifer,2012,0.0
MI,aquifer,2013,0.0
MI,aquifer,2014,0.0
MI,aquifer,2015,0.0
MI,aquifer,2016,0.0
MI,aquifer,2017,0.0
MI,aquifer,2018,0.0
MI,aquifer,2019,0.0
MI,aquifer,2020,0.0
MI,aquifer,2021,0.0
MI,aquifer,2022,0.0
MI,depleted field,1999,686749917.519626
MI,depleted field,2000,0.0
MI,depleted field,2001,21249861.945961
MI,depleted field,2002,0.0
MI,depleted field,2003,0.0
MI,depleted field,2004,0.0
MI,depleted field,2005,7661050.77698946
MI,depleted field,2006,6398669.6253562
MI,depleted field,2007,19376159.8064171
MI,depleted field,2008,0.0
MI,depleted field,2009,3933341.0
MI,depleted field,2010,435540.0
MI,depleted field,2011,5772979.0
MI,depleted field,2012,589016.0
MI,depleted field,2013,1832379.0
MI,depleted field,2014,37332.0
MI,depleted field,2015,11119751.0
MI,depleted field,2016,0.0
MI,depleted field,2017,0.0
MI,depleted field,2018,0.0
MI,depleted field,2019,0.0
MI,depleted field,2020,0.0
MI,depleted field,2021,0.0
MI,depleted field,2022,0.0
MI,salt cavern,1999,2168717.5491758
MI,salt cavern,2000,0.0
MI,salt cavern,2001,27459.5163823445
MI,salt cavern,2002,0.0
MI,salt cavern,2003,44986.8672646922
MI,salt cavern,2004,0.0
MI,salt cavern,2005,12269.1456176434
MI,salt cavern,2006,3505.47017646953
MI,salt cavern,2007,7595.18538235035
MI,salt cavern,2008,0.0
MI,salt cavern,2009,0.0
MI,salt cavern,2010,9333.0
MI,salt cavern,2011,0.0
MI,salt cavern,2012,0.0
MI,salt cavern,2013,0.0
MI,salt cavern,2014,0.0
MI,salt cavern,2015,0.0
MI,salt cavern,2016,0.0
MI,salt cavern,2017,1037.0
MI,salt cavern,2018,0.0
MI,salt cavern,2019,0.0
MI,salt cavern,2020,0.0
MI,salt cavern,2021,0.0
MI,salt cavern,2022,1037.0
MN,aquifer,1999,2074000.0
MN,aquifer,2000,0.0
MN,aquifer,2001,0.0
MN,aquifer,2002,0.0
MN,aquifer,2003,0.0
MN,aquifer,2004,0.0
MN,aquifer,2005,0.0
MN,aquifer,2006,0.0
MN,aquifer,2007,0.0
MN,aquifer,2008,0.0
MN,aquifer,2009,0.0
MN,aquifer,2010,0.0
MN,aquifer,2011,0.0
MN,aquifer,2012,0.0
MN,aquifer,2013,0.0
MN,aquifer,2014,0.0
MN,aquifer,2015,0.0
MN,aquifer,2016,0.0
MN,aquifer,2017,0.0
MN,aquifer,2018,0.0
MN,aquifer,2019,0.0
MN,aquifer,2020,0.0
MN,aquifer,2021,0.0
MN,aquifer,2022,0.0
MS,aquifer,1999,0.0
MS,aquifer,2000,0.0
MS,aquifer,2001,0.0
MS,aquifer,2002,0.0
MS,aquifer,2003,0.0
MS,aquifer,2004,0.0
MS,aquifer,2005,0.0
MS,aquifer,2006,0.0
MS,aquifer,2007,0.0
MS,aquifer,2008,0.0
MS,aquifer,2009,0.0
MS,aquifer,2010,0.0
MS,aquifer,2011,0.0
MS,aquifer,2012,0.0
MS,aquifer,2013,0.0
MS,aquifer,2014,0.0
MS,aquifer,2015,0.0
MS,aquifer,2016,0.0
MS,aquifer,2017,0.0
MS,aquifer,2018,0.0
MS,aquifer,2019,0.0
MS,aquifer,2020,0.0
MS,aquifer,2021,0.0
MS,aquifer,2022,0.0
MS,depleted field,1999,49884959.6778984
MS,depleted field,2000,0.0
MS,depleted field,2001,182336.95481468
MS,depleted field,2002,0.0
MS,depleted field,2003,0.0
MS,depleted field,2004,1166956.51081394
MS,depleted field,2005,0.0
MS,depleted field,2006,27715.2171318308
MS,depleted field,2007,7828333.26004352
MS,depleted field,2008,0.0
MS,depleted field,2009,12526960.0
MS,depleted field,2010,5288700.0
MS,depleted field,2011,0.0
MS,depleted field,2012,0.0
MS,depleted field,2013,3111000.0
MS,depleted field,2014,0.0
MS,depleted field,2015,0.0
MS,depleted field,2016,97478.0
MS,depleted field,2017,0.0
MS,depleted field,2018,0.0
MS,depleted field,2019,0.0
MS,depleted field,2020,0.0
MS,depleted field,2021,0.0
MS,depleted field,2022,0.0
MS,salt cavern,1999,23553579.6220787
MS,salt cavern,2000,0.0
MS,salt cavern,2001,7796964.32089692
MS,salt cavern,2002,0.0
MS,salt cavern,2003,0.0
MS,salt cavern,2004,0.0
MS,salt cavern,2005,3493639.78224804
MS,salt cavern,2006,0.0
MS,salt cavern,2007,0.0
MS,salt cavern,2008,10869800.9446861
MS,salt cavern,2009,483242.0
MS,salt cavern,2010,13657290.0
MS,salt cavern,2011,6226148.0
MS,salt cavern,2012,38898907.0
MS,salt cavern,2013,9386924.0
MS,salt cavern,2014,21609006.0
MS,salt cavern,2015,1593869.0
MS,salt cavern,2016,3351584.0
MS,salt cavern,2017,0.0
MS,salt cavern,2018,0.0
MS,salt cavern,2019,0.0
MS,salt cavern,2020,0.0
MS,salt cavern,2021,0.0
MS,salt cavern,2022,0.0
MO,aquifer,1999,8563701.64362586
MO,aquifer,2000,165671.329721922
MO,aquifer,2001,30943.570675334
MO,aquifer,2002,29300.5492235459
MO,aquifer,2003,0.0
MO,aquifer,2004,0.0
MO,aquifer,2005,38884.8410256412
MO,aquifer,2006,98307.450198628
MO,aquifer,2007,119119.055254603
MO,aquifer,2008,2673024.22968581
MO,aquifer,2009,0.0
MO,aquifer,2010,638792.0
MO,aquifer,2011,2430728.0
MO,aquifer,2012,0.0
MO,aquifer,2013,0.0
MO,aquifer,2014,0.0
MO,aquifer,2015,0.0
MO,aquifer,2016,0.0
MO,aquifer,2017,0.0
MO,aquifer,2018,0.0
MO,aquifer,2019,0.0
MO,aquifer,2020,0.0
MO,aquifer,2021,0.0
MO,aquifer,2022,0.0
MT,aquifer,1999,0.0
MT,aquifer,2000,0.0
MT,aquifer,2001,0.0
MT,aquifer,2002,0.0
MT,aquifer,2003,0.0
MT,aquifer,2004,0.0
MT,aquifer,2005,0.0
MT,aquifer,2006,0.0
MT,aquifer,2007,0.0
MT,aquifer,2008,0.0
MT,aquifer,2009,0.0
MT,aquifer,2010,0.0
MT,aquifer,2011,0.0
MT,aquifer,2012,0.0
MT,aquifer,2013,0.0
MT,aquifer,2014,0.0
MT,aquifer,2015,0.0
MT,aquifer,2016,0.0
MT,aquifer,2017,0.0
MT,aquifer,2018,0.0
MT,aquifer,2019,0.0
MT,aquifer,2020,0.0
MT,aquifer,2021,0.0
MT,aquifer,2022,0.0
MT,depleted field,1999,202217219.589315
MT,depleted field,2000,0.0
MT,depleted field,2001,1423374.95417637
MT,depleted field,2002,41367.6850926876
MT,depleted field,2003,0.0
MT,depleted field,2004,0.0
MT,depleted field,2005,0.0
MT,depleted field,2006,0.0
MT,depleted field,2007,0.0
MT,depleted field,2008,0.0
MT,depleted field,2009,1549278.0
MT,depleted field,2010,0.0
MT,depleted field,2011,0.0
MT,depleted field,2012,0.0
MT,depleted field,2013,0.0
MT,depleted field,2014,0.0
MT,depleted field,2015,0.0
MT,depleted field,2016,0.0
MT,depleted field,2017,0.0
MT,depleted field,2018,0.0
MT,depleted field,2019,0.0
MT,depleted field,2020,0.0
MT,depleted field,2021,0.0
MT,depleted field,2022,0.0
MT,salt cavern,1999,0.0
MT,salt cavern,2000,0.0
MT,salt cavern,2001,0.0
MT,salt cavern,2002,0.0
MT,salt cavern,2003,0.0
MT,salt cavern,2004,0.0
MT,salt cavern,2005,0.0
MT,salt cavern,2006,0.0
MT,salt cavern,2007,0.0
MT,salt cavern,2008,0.0
MT,salt cavern,2009,0.0
MT,salt cavern,2010,0.0
MT,salt cavern,2011,0.0
MT,salt cavern,2012,0.0
MT,salt cavern,2013,0.0
MT,salt cavern,2014,0.0
MT,salt cavern,2015,0.0
MT,salt cavern,2016,0.0
MT,salt cavern,2017,0.0
MT,salt cavern,2018,0.0
MT,salt cavern,2019,0.0
MT,salt cavern,2020,0.0
MT,salt cavern,2021,0.0
MT,salt cavern,2022,0.0
NE,depleted field,1999,14859856.0214634
NE,depleted field,2000,0.0
NE,depleted field,2001,0.0
NE,depleted field,2002,0.0
NE,depleted field,2003,376.503902439028
NE,depleted field,2004,0.0
NE,depleted field,2005,0.0
NE,depleted field,2006,0.0
NE,depleted field,2007,0.0
NE,depleted field,2008,1001742.0
NE,depleted field,2009,0.0
NE,depleted field,2010,1244400.0
NE,depleted field,2011,0.0
NE,depleted field,2012,0.0
NE,depleted field,2013,0.0
NE,depleted field,2014,0.0
NE,depleted field,2015,0.0
NE,depleted field,2016,0.0
NE,depleted field,2017,0.0
NE,depleted field,2018,0.0
NE,depleted field,2019,0.0
NE,depleted field,2020,0.0
NE,depleted field,2021,0.0
NE,depleted field,2022,0.0
NE,salt cavern,1999,0.0
NE,salt cavern,2000,0.0
NE,salt cavern,2001,0.0
NE,salt cavern,2002,0.0
NE,salt cavern,2003,0.0
NE,salt cavern,2004,0.0
NE,salt cavern,2005,0.0
NE,salt cavern,2006,0.0
NE,salt cavern,2007,0.0
NE,salt cavern,2008,0.0
NE,salt cavern,2009,0.0
NE,salt cavern,2010,0.0
NE,salt cavern,2011,0.0
NE,salt cavern,2012,0.0
NE,salt cavern,2013,0.0
NE,salt cavern,2014,0.0
NE,salt cavern,2015,0.0
NE,salt cavern,2016,0.0
NE,salt cavern,2017,0.0
NE,salt cavern,2018,0.0
NE,salt cavern,2019,0.0
NE,salt cavern,2020,0.0
NE,salt cavern,2021,0.0
NE,salt cavern,2022,0.0
NM,aquifer,1999,3982080.0
NM,aquifer,2000,0.0
NM,aquifer,2001,0.0
NM,aquifer,2002,0.0
NM,aquifer,2003,0.0
NM,aquifer,2004,0.0
NM,aquifer,2005,0.0
NM,aquifer,2006,0.0
NM,aquifer,2007,0.0
NM,aquifer,2008,0.0
NM,aquifer,2009,0.0
NM,aquifer,2010,0.0
NM,aquifer,2011,0.0
NM,aquifer,2012,0.0
NM,aquifer,2013,0.0
NM,aquifer,2014,0.0
NM,aquifer,2015,0.0
NM,aquifer,2016,0.0
NM,aquifer,2017,0.0
NM,aquifer,2018,0.0
NM,aquifer,2019,0.0
NM,aquifer,2020,0.0
NM,aquifer,2021,0.0
NM,aquifer,2022,0.0
NM,depleted field,1999,58819603.6767677
NM,depleted field,2000,0.0
NM,depleted field,2001,0.0
NM,depleted field,2002,0.0
NM,depleted field,2003,0.0
NM,depleted field,2004,0.0
NM,depleted field,2005,0.0
NM,depleted field,2006,0.0
NM,depleted field,2007,0.0
NM,depleted field,2008,2820466.44507295
NM,depleted field,2009,0.0
NM,depleted field,2010,3836900.0
NM,depleted field,2011,0.0
NM,depleted field,2012,4459100.0
NM,depleted field,2013,0.0
NM,depleted field,2014,0.0
NM,depleted field,2015,0.0
NM,depleted field,2016,0.0
NM,depleted field,2017,0.0
NM,depleted field,2018,0.0
NM,depleted field,2019,0.0
NM,depleted field,2020,0.0
NM,depleted field,2021,0.0
NM,depleted field,2022,0.0
NM,salt cavern,1999,0.0
NM,salt cavern,2000,0.0
NM,salt cavern,2001,0.0
NM,salt cavern,2002,0.0
NM,salt cavern,2003,0.0
NM,salt cavern,2004,0.0
NM,salt cavern,2005,0.0
NM,salt cavern,2006,0.0
NM,salt cavern,2007,0.0
NM,salt cavern,2008,0.0
NM,salt cavern,2009,0.0
NM,salt cavern,2010,0.0
NM,salt cavern,2011,0.0
NM,salt cavern,2012,0.0
NM,salt cavern,2013,0.0
NM,salt cavern,2014,0.0
NM,salt cavern,2015,0.0
NM,salt cavern,2016,0.0
NM,salt cavern,2017,0.0
NM,salt cavern,2018,0.0
NM,salt cavern,2019,0.0
NM,salt cavern,2020,0.0
NM,salt cavern,2021,0.0
NM,salt cavern,2022,0.0
NY,aquifer,1999,0.0
NY,aquifer,2000,0.0
NY,aquifer,2001,0.0
NY,aquifer,2002,0.0
NY,aquifer,2003,0.0
NY,aquifer,2004,0.0
NY,aquifer,2005,0.0
NY,aquifer,2006,0.0
NY,aquifer,2007,0.0
NY,aquifer,2008,0.0
NY,aquifer,2009,0.0
NY,aquifer,2010,0.0
NY,aquifer,2011,0.0
NY,aquifer,2012,0.0
NY,aquifer,2013,0.0
NY,aquifer,2014,0.0
NY,aquifer,2015,0.0
NY,aquifer,2016,0.0
NY,aquifer,2017,0.0
NY,aquifer,2018,0.0
NY,aquifer,2019,0.0
NY,aquifer,2020,0.0
NY,aquifer,2021,0.0
NY,aquifer,2022,0.0
NY,depleted field,1999,93141816.8350239
NY,depleted field,2000,196281.098818034
NY,depleted field,2001,11262.0302600563
NY,depleted field,2002,7373948.38455759
NY,depleted field,2003,5571487.25579409
NY,depleted field,2004,2263131.79511513
NY,depleted field,2005,48265.8439716548
NY,depleted field,2006,4488723.48936342
NY,depleted field,2007,8466901.60693784
NY,depleted field,2008,0.0
NY,depleted field,2009,17014059.0
NY,depleted field,2010,0.0
NY,depleted field,2011,0.0
NY,depleted field,2012,1555500.0
NY,depleted field,2013,0.0
NY,depleted field,2014,0.0
NY,depleted field,2015,0.0
NY,depleted field,2016,0.0
NY,depleted field,2017,638792.0
NY,depleted field,2018,0.0
NY,depleted field,2019,0.0
NY,depleted field,2020,0.0
NY,depleted field,2021,0.0
NY,depleted field,2022,0.0
NY,salt cavern,1999,931748.931623932
NY,salt cavern,2000,0.0
NY,salt cavern,2001,0.0
NY,salt cavern,2002,571901.068376068
NY,salt cavern,2003,0.0
NY,salt cavern,2004,0.0
NY,salt cavern,2005,0.0
NY,salt cavern,2006,0.0
NY,salt cavern,2007,0.0
NY,salt cavern,2008,0.0
NY,salt cavern,2009,0.0
NY,salt cavern,2010,0.0
NY,salt cavern,2011,0.0
NY,salt cavern,2012,0.0
NY,salt cavern,2013,1503650.0
NY,salt cavern,2014,0.0
NY,salt cavern,2015,0.0
NY,salt cavern,2016,0.0
NY,salt cavern,2017,0.0
NY,salt cavern,2018,0.0
NY,salt cavern,2019,0.0
NY,salt cavern,2020,0.0
NY,salt cavern,2021,0.0
NY,salt cavern,2022,0.0
OH,aquifer,1999,0.0
OH,aquifer,2000,0.0
OH,aquifer,2001,0.0
OH,aquifer,2002,0.0
OH,aquifer,2003,0.0
OH,aquifer,2004,0.0
OH,aquifer,2005,0.0
OH,aquifer,2006,0.0
OH,aquifer,2007,0.0
OH,aquifer,2008,0.0
OH,aquifer,2009,0.0
OH,aquifer,2010,0.0
OH,aquifer,2011,0.0
OH,aquifer,2012,0.0
OH,aquifer,2013,0.0
OH,aquifer,2014,0.0
OH,aquifer,2015,0.0
OH,aquifer,2016,0.0
OH,aquifer,2017,0.0
OH,aquifer,2018,0.0
OH,aquifer,2019,0.0
OH,aquifer,2020,0.0
OH,aquifer,2021,0.0
OH,aquifer,2022,0.0
OH,depleted field,1999,260860206.484146
OH,depleted field,2000,0.0
OH,depleted field,2001,986073.559749693
OH,depleted field,2002,0.0
OH,depleted field,2003,0.0
OH,depleted field,2004,0.0
OH,depleted field,2005,33095.8022352755
OH,depleted field,2006,0.0
OH,depleted field,2007,0.0
OH,depleted field,2008,0.0
OH,depleted field,2009,5265886.0
OH,depleted field,2010,3314252.0
OH,depleted field,2011,2074000.0
OH,depleted field,2012,0.0
OH,depleted field,2013,495686.0
OH,depleted field,2014,0.0
OH,depleted field,2015,0.0
OH,depleted field,2016,12444.0
OH,depleted field,2017,22088100.0
OH,depleted field,2018,1669570.0
OH,depleted field,2019,0.0
OH,depleted field,2020,0.0
OH,depleted field,2021,0.0
OH,depleted field,2022,0.0
OH,salt cavern,1999,0.0
OH,salt cavern,2000,0.0
OH,salt cavern,2001,0.0
OH,salt cavern,2002,0.0
OH,salt cavern,2003,0.0
OH,salt cavern,2004,0.0
OH,salt cavern,2005,0.0
OH,salt cavern,2006,0.0
OH,salt cavern,2007,0.0
OH,salt cavern,2008,0.0
OH,salt cavern,2009,0.0
OH,salt cavern,2010,0.0
OH,salt cavern,2011,0.0
OH,salt cavern,2012,0.0
OH,salt cavern,2013,0.0
OH,salt cavern,2014,0.0
OH,salt cavern,2015,0.0
OH,salt cavern,2016,0.0
OH,salt cavern,2017,0.0
OH,salt cavern,2018,0.0
OH,salt cavern,2019,0.0
OH,salt cavern,2020,0.0
OH,salt cavern,2021,0.0
OH,salt cavern,2022,0.0
OK,aquifer,1999,0.0
OK,aquifer,2000,0.0
OK,aquifer,2001,0.0
OK,aquifer,2002,0.0
OK,aquifer,2003,0.0
OK,aquifer,2004,0.0
OK,aquifer,2005,0.0
OK,aquifer,2006,0.0
OK,aquifer,2007,0.0
OK,aquifer,2008,0.0
OK,aquifer,2009,0.0
OK,aquifer,2010,0.0
OK,aquifer,2011,0.0
OK,aquifer,2012,32147.0
OK,aquifer,2013,0.0
OK,aquifer,2014,0.0
OK,aquifer,2015,0.0
OK,aquifer,2016,0.0
OK,aquifer,2017,0.0
OK,aquifer,2018,0.0
OK,aquifer,2019,0.0
OK,aquifer,2020,0.0
OK,aquifer,2021,0.0
OK,aquifer,2022,0.0
OK,depleted field,1999,216542536.291894
OK,depleted field,2000,0.0
OK,depleted field,2001,2138951.72199062
OK,depleted field,2002,4239512.0028173
OK,depleted field,2003,0.0
OK,depleted field,2004,0.0
OK,depleted field,2005,0.0
OK,depleted field,2006,712983.907330215
OK,depleted field,2007,0.0
OK,depleted field,2008,0.0
OK,depleted field,2009,0.0
OK,depleted field,2010,3100630.0
OK,depleted field,2011,3629500.0
OK,depleted field,2012,0.0
OK,depleted field,2013,204289.0
OK,depleted field,2014,7673800.0
OK,depleted field,2015,3111000.0
OK,depleted field,2016,5101003.0
OK,depleted field,2017,2385100.0
OK,depleted field,2018,0.0
OK,depleted field,2019,0.0
OK,depleted field,2020,2425543.0
OK,depleted field,2021,0.0
OK,depleted field,2022,0.0
OK,salt cavern,1999,0.0
OK,salt cavern,2000,0.0
OK,salt cavern,2001,0.0
OK,salt cavern,2002,0.0
OK,salt cavern,2003,0.0
OK,salt cavern,2004,0.0
OK,salt cavern,2005,0.0
OK,salt cavern,2006,0.0
OK,salt cavern,2007,0.0
OK,salt cavern,2008,0.0
OK,salt cavern,2009,0.0
OK,salt cavern,2010,0.0
OK,salt cavern,2011,0.0
OK,salt cavern,2012,0.0
OK,salt cavern,2013,0.0
OK,salt cavern,2014,0.0
OK,salt cavern,2015,0.0
OK,salt cavern,2016,0.0
OK,salt cavern,2017,0.0
OK,salt cavern,2018,0.0
OK,salt cavern,2019,0.0
OK,salt cavern,2020,0.0
OK,salt cavern,2021,0.0
OK,salt cavern,2022,0.0
OR,aquifer,1999,0.0
OR,aquifer,2000,0.0
OR,aquifer,2001,0.0
OR,aquifer,2002,0.0
OR,aquifer,2003,0.0
OR,aquifer,2004,0.0
OR,aquifer,2005,0.0
OR,aquifer,2006,0.0
OR,aquifer,2007,0.0
OR,aquifer,2008,0.0
OR,aquifer,2009,0.0
OR,aquifer,2010,0.0
OR,aquifer,2011,0.0
OR,aquifer,2012,0.0
OR,aquifer,2013,0.0
OR,aquifer,2014,0.0
OR,aquifer,2015,0.0
OR,aquifer,2016,0.0
OR,aquifer,2017,0.0
OR,aquifer,2018,0.0
OR,aquifer,2019,0.0
OR,aquifer,2020,0.0
OR,aquifer,2021,0.0
OR,aquifer,2022,0.0
OR,depleted field,1999,6832559.11226867
OR,depleted field,2000,2594397.12290842
OR,depleted field,2001,2965361.22545888
OR,depleted field,2002,1526185.11920921
OR,depleted field,2003,71135.7470817845
OR,depleted field,2004,402122.735569762
OR,depleted field,2005,0.0
OR,depleted field,2006,1569101.72695277
OR,depleted field,2007,1594381.37260993
OR,depleted field,2008,0.0
OR,depleted field,2009,155550.0
OR,depleted field,2010,0.0
OR,depleted field,2011,0.0
OR,depleted field,2012,0.0
OR,depleted field,2013,440725.0
OR,depleted field,2014,0.0
OR,depleted field,2015,0.0
OR,depleted field,2016,0.0
OR,depleted field,2017,0.0
OR,depleted field,2018,0.0
OR,depleted field,2019,4236145.0
OR,depleted field,2020,0.0
OR,depleted field,2021,1138626.0
OR,depleted field,2022,447984.0
OR,salt cavern,1999,0.0
OR,salt cavern,2000,0.0
OR,salt cavern,2001,0.0
OR,salt cavern,2002,0.0
OR,salt cavern,2003,0.0
OR,salt cavern,2004,0.0
OR,salt cavern,2005,0.0
OR,salt cavern,2006,0.0
OR,salt cavern,2007,0.0
OR,salt cavern,2008,0.0
OR,salt cavern,2009,0.0
OR,salt cavern,2010,0.0
OR,salt cavern,2011,0.0
OR,salt cavern,2012,0.0
OR,salt cavern,2013,0.0
OR,salt cavern,2014,0.0
OR,salt cavern,2015,0.0
OR,salt cavern,2016,0.0
OR,salt cavern,2017,0.0
OR,salt cavern,2018,0.0
OR,salt cavern,2019,0.0
OR,salt cavern,2020,0.0
OR,salt cavern,2021,0.0
OR,salt cavern,2022,0.0
PA,aquifer,1999,0.0
PA,aquifer,2000,0.0
PA,aquifer,2001,0.0
PA,aquifer,2002,0.0
PA,aquifer,2003,0.0
PA,aquifer,2004,0.0
PA,aquifer,2005,0.0
PA,aquifer,2006,0.0
PA,aquifer,2007,0.0
PA,aquifer,2008,0.0
PA,aquifer,2009,0.0
PA,aquifer,2010,0.0
PA,aquifer,2011,0.0
PA,aquifer,2012,976854.0
PA,aquifer,2013,0.0
PA,aquifer,2014,0.0
PA,aquifer,2015,0.0
PA,aquifer,2016,0.0
PA,aquifer,2017,0.0
PA,aquifer,2018,0.0
PA,aquifer,2019,0.0
PA,aquifer,2020,0.0
PA,aquifer,2021,0.0
PA,aquifer,2022,0.0
PA,depleted field,1999,398184251.452888
PA,depleted field,2000,0.0
PA,depleted field,2001,18926546.2008674
PA,depleted field,2002,0.0
PA,depleted field,2003,19685887.234854
PA,depleted field,2004,548865.188425243
PA,depleted field,2005,0.0
PA,depleted field,2006,733758.334526122
PA,depleted field,2007,5413648.06083423
PA,depleted field,2008,0.0
PA,depleted field,2009,12568440.0
PA,depleted field,2010,0.0
PA,depleted field,2011,2098888.0
PA,depleted field,2012,130662.0
PA,depleted field,2013,0.0
PA,depleted field,2014,0.0
PA,depleted field,2015,0.0
PA,depleted field,2016,0.0
PA,depleted field,2017,1348100.0
PA,depleted field,2018,0.0
PA,depleted field,2019,0.0
PA,depleted field,2020,0.0
PA,depleted field,2021,25925.0
PA,depleted field,2022,0.0
PA,salt cavern,1999,0.0
PA,salt cavern,2000,0.0
PA,salt cavern,2001,0.0
PA,salt cavern,2002,0.0
PA,salt cavern,2003,0.0
PA,salt cavern,2004,0.0
PA,salt cavern,2005,0.0
PA,salt cavern,2006,0.0
PA,salt cavern,2007,0.0
PA,salt cavern,2008,0.0
PA,salt cavern,2009,0.0
PA,salt cavern,2010,0.0
PA,salt cavern,2011,0.0
PA,salt cavern,2012,0.0
PA,salt cavern,2013,0.0
PA,salt cavern,2014,0.0
PA,salt cavern,2015,0.0
PA,salt cavern,2016,0.0
PA,salt cavern,2017,0.0
PA,salt cavern,2018,0.0
PA,salt cavern,2019,0.0
PA,salt cavern,2020,0.0
PA,salt cavern,2021,0.0
PA,salt cavern,2022,0.0
TN,aquifer,1999,0.0
TN,aquifer,2000,0.0
TN,aquifer,2001,0.0
TN,aquifer,2002,0.0
TN,aquifer,2003,0.0
TN,aquifer,2004,0.0
TN,aquifer,2005,0.0
TN,aquifer,2006,0.0
TN,aquifer,2007,0.0
TN,aquifer,2008,0.0
TN,aquifer,2009,0.0
TN,aquifer,2010,0.0
TN,aquifer,2011,0.0
TN,aquifer,2012,0.0
TN,aquifer,2013,0.0
TN,aquifer,2014,0.0
TN,aquifer,2015,0.0
TN,aquifer,2016,0.0
TN,aquifer,2017,0.0
TN,aquifer,2018,0.0
TN,aquifer,2019,0.0
TN,aquifer,2020,0.0
TN,aquifer,2021,0.0
TN,aquifer,2022,0.0
TN,depleted field,1999,933300.0
TN,depleted field,2000,0.0
TN,depleted field,2001,0.0
TN,depleted field,2002,0.0
TN,depleted field,2003,0.0
TN,depleted field,2004,0.0
TN,depleted field,2005,0.0
TN,depleted field,2006,0.0
TN,depleted field,2007,0.0
TN,depleted field,2008,0.0
TN,depleted field,2009,0.0
TN,depleted field,2010,0.0
TN,depleted field,2011,0.0
TN,depleted field,2012,0.0
TN,depleted field,2013,0.0
TN,depleted field,2014,0.0
TN,depleted field,2015,974780.0
TN,depleted field,2016,0.0
TN,depleted field,2017,0.0
TN,depleted field,2018,0.0
TN,depleted field,2019,0.0
TN,depleted field,2020,0.0
TN,depleted field,2021,0.0
TN,depleted field,2022,0.0
TN,salt cavern,1999,0.0
TN,salt cavern,2000,0.0
TN,salt cavern,2001,0.0
TN,salt cavern,2002,0.0
TN,salt cavern,2003,0.0
TN,salt cavern,2004,0.0
TN,salt cavern,2005,0.0
TN,salt cavern,2006,0.0
TN,salt cavern,2007,0.0
TN,salt cavern,2008,0.0
TN,salt cavern,2009,0.0
TN,salt cavern,2010,0.0
TN,salt cavern,2011,0.0
TN,salt cavern,2012,0.0
TN,salt cavern,2013,0.0
TN,salt cavern,2014,0.0
TN,salt cavern,2015,0.0
TN,salt cavern,2016,0.0
TN,salt cavern,2017,0.0
TN,salt cavern,2018,0.0
TN,salt cavern,2019,0.0
TN,salt cavern,2020,0.0
TN,salt cavern,2021,0.0
TN,salt cavern,2022,0.0
TX,aquifer,1999,0.0
TX,aquifer,2000,0.0
TX,aquifer,2001,0.0
TX,aquifer,2002,0.0
TX,aquifer,2003,0.0
TX,aquifer,2004,0.0
TX,aquifer,2005,0.0
TX,aquifer,2006,0.0
TX,aquifer,2007,0.0
TX,aquifer,2008,0.0
TX,aquifer,2009,0.0
TX,aquifer,2010,0.0
TX,aquifer,2011,0.0
TX,aquifer,2012,0.0
TX,aquifer,2013,0.0
TX,aquifer,2014,0.0
TX,aquifer,2015,0.0
TX,aquifer,2016,0.0
TX,aquifer,2017,0.0
TX,aquifer,2018,0.0
TX,aquifer,2019,0.0
TX,aquifer,2020,0.0
TX,aquifer,2021,0.0
TX,aquifer,2022,0.0
TX,depleted field,1999,382031648.437037
TX,depleted field,2000,11024711.3245767
TX,depleted field,2001,6597672.84534812
TX,depleted field,2002,0.0
TX,depleted field,2003,0.0
TX,depleted field,2004,6356857.78649294
TX,depleted field,2005,1027917.4293052
TX,depleted field,2006,2901656.51738411
TX,depleted field,2007,1291164.57583463
TX,depleted field,2008,17755172.0915729
TX,depleted field,2009,3772606.0
TX,depleted field,2010,0.0
TX,depleted field,2011,927078.0
TX,depleted field,2012,0.0
TX,depleted field,2013,4273477.0
TX,depleted field,2014,0.0
TX,depleted field,2015,6434585.0
TX,depleted field,2016,10314002.0
TX,depleted field,2017,0.0
TX,depleted field,2018,880413.0
TX,depleted field,2019,0.0
TX,depleted field,2020,688568.0
TX,depleted field,2021,222955.0
TX,depleted field,2022,1183217.0
TX,salt cavern,1999,71928189.7273984
TX,salt cavern,2000,0.0
TX,salt cavern,2001,9298571.3299599
TX,salt cavern,2002,0.0
TX,salt cavern,2003,1237028.64655812
TX,salt cavern,2004,1345755.87419923
TX,salt cavern,2005,2969826.098398
TX,salt cavern,2006,3806820.6055219
TX,salt cavern,2007,0.0
TX,salt cavern,2008,28449573.9581276
TX,salt cavern,2009,14527333.0
TX,salt cavern,2010,7214409.0
TX,salt cavern,2011,22275797.0
TX,salt cavern,2012,12793469.0
TX,salt cavern,2013,3841048.0
TX,salt cavern,2014,0.0
TX,salt cavern,2015,0.0
TX,salt cavern,2016,5601874.0
TX,salt cavern,2017,0.0
TX,salt cavern,2018,0.0
TX,salt cavern,2019,0.0
TX,salt cavern,2020,29036.0
TX,salt cavern,2021,0.0
TX,salt cavern,2022,6584950.0
UT,aquifer,1999,2860031.07913669
UT,aquifer,2000,0.0
UT,aquifer,2001,0.0
UT,aquifer,2002,0.0
UT,aquifer,2003,0.0
UT,aquifer,2004,0.0
UT,aquifer,2005,0.0
UT,aquifer,2006,0.0
UT,aquifer,2007,0.0
UT,aquifer,2008,0.0
UT,aquifer,2009,0.0
UT,aquifer,2010,0.0
UT,aquifer,2011,0.0
UT,aquifer,2012,9333.0
UT,aquifer,2013,0.0
UT,aquifer,2014,0.0
UT,aquifer,2015,45628.0
UT,aquifer,2016,0.0
UT,aquifer,2017,0.0
UT,aquifer,2018,0.0
UT,aquifer,2019,0.0
UT,aquifer,2020,0.0
UT,aquifer,2021,0.0
UT,aquifer,2022,0.0
UT,depleted field,1999,51198639.7670549
UT,depleted field,2000,3490816.34775374
UT,depleted field,2001,0.0
UT,depleted field,2002,0.0
UT,depleted field,2003,0.0
UT,depleted field,2004,0.0
UT,depleted field,2005,0.0
UT,depleted field,2006,0.0
UT,depleted field,2007,0.0
UT,depleted field,2008,0.0
UT,depleted field,2009,0.0
UT,depleted field,2010,0.0
UT,depleted field,2011,2799900.0
UT,depleted field,2012,0.0
UT,depleted field,2013,0.0
UT,depleted field,2014,0.0
UT,depleted field,2015,0.0
UT,depleted field,2016,0.0
UT,depleted field,2017,0.0
UT,depleted field,2018,0.0
UT,depleted field,2019,0.0
UT,depleted field,2020,0.0
UT,depleted field,2021,0.0
UT,depleted field,2022,0.0
UT,salt cavern,1999,0.0
UT,salt cavern,2000,0.0
UT,salt cavern,2001,0.0
UT,salt cavern,2002,0.0
UT,salt cavern,2003,0.0
UT,salt cavern,2004,0.0
UT,salt cavern,2005,0.0
UT,salt cavern,2006,0.0
UT,salt cavern,2007,0.0
UT,salt cavern,2008,0.0
UT,salt cavern,2009,0.0
UT,salt cavern,2010,0.0
UT,salt cavern,2011,0.0
UT,salt cavern,2012,0.0
UT,salt cavern,2013,0.0
UT,salt cavern,2014,0.0
UT,salt cavern,2015,0.0
UT,salt cavern,2016,0.0
UT,salt cavern,2017,0.0
UT,salt cavern,2018,0.0
UT,salt cavern,2019,0.0
UT,salt cavern,2020,0.0
UT,salt cavern,2021,0.0
UT,salt cavern,2022,0.0
VA,aquifer,1999,0.0
VA,aquifer,2000,0.0
VA,aquifer,2001,0.0
VA,aquifer,2002,0.0
VA,aquifer,2003,0.0
VA,aquifer,2004,0.0
VA,aquifer,2005,0.0
VA,aquifer,2006,0.0
VA,aquifer,2007,0.0
VA,aquifer,2008,0.0
VA,aquifer,2009,0.0
VA,aquifer,2010,0.0
VA,aquifer,2011,0.0
VA,aquifer,2012,0.0
VA,aquifer,2013,0.0
VA,aquifer,2014,0.0
VA,aquifer,2015,0.0
VA,aquifer,2016,0.0
VA,aquifer,2017,0.0
VA,aquifer,2018,0.0
VA,aquifer,2019,0.0
VA,aquifer,2020,0.0
VA,aquifer,2021,0.0
VA,aquifer,2022,0.0
VA,depleted field,1999,1600499.51515152
VA,depleted field,2000,144740.060606061
VA,depleted field,2001,0.0
VA,depleted field,2002,747896.96969697
VA,depleted field,2003,131981.818181818
VA,depleted field,2004,0.0
VA,depleted field,2005,0.0
VA,depleted field,2006,0.0
VA,depleted field,2007,0.0
VA,depleted field,2008,0.0
VA,depleted field,2009,0.0
VA,depleted field,2010,0.0
VA,depleted field,2011,0.0
VA,depleted field,2012,0.0
VA,depleted field,2013,0.0
VA,depleted field,2014,0.0
VA,depleted field,2015,0.0
VA,depleted field,2016,0.0
VA,depleted field,2017,0.0
VA,depleted field,2018,0.0
VA,depleted field,2019,0.0
VA,depleted field,2020,0.0
VA,depleted field,2021,0.0
VA,depleted field,2022,0.0
VA,salt cavern,1999,673803.348531479
VA,salt cavern,2000,0.0
VA,salt cavern,2001,0.0
VA,salt cavern,2002,266904.62737946
VA,salt cavern,2003,863514.970933546
VA,salt cavern,2004,902765.651430526
VA,salt cavern,2005,993042.216573578
VA,salt cavern,2006,429794.951441924
VA,salt cavern,2007,0.0
VA,salt cavern,2008,52845.6681484859
VA,salt cavern,2009,0.0
VA,salt cavern,2010,0.0
VA,salt cavern,2011,0.0
VA,salt cavern,2012,0.0
VA,salt cavern,2013,0.0
VA,salt cavern,2014,0.0
VA,salt cavern,2015,0.0
VA,salt cavern,2016,0.0
VA,salt cavern,2017,0.0
VA,salt cavern,2018,0.0
VA,salt cavern,2019,0.0
VA,salt cavern,2020,0.0
VA,salt cavern,2021,0.0
VA,salt cavern,2022,0.0
WA,aquifer,1999,20288495.9488273
WA,aquifer,2000,0.0
WA,aquifer,2001,227905.624733474
WA,aquifer,2002,1037813.68017058
WA,aquifer,2003,337235.053304903
WA,aquifer,2004,552630.345415778
WA,aquifer,2005,504764.724946696
WA,aquifer,2006,611918.443496801
WA,aquifer,2007,0.0
WA,aquifer,2008,2486569.01279318
WA,aquifer,2009,498797.0
WA,aquifer,2010,494649.0
WA,aquifer,2011,0.0
WA,aquifer,2012,3201219.0
WA,aquifer,2013,0.0
WA,aquifer,2014,0.0
WA,aquifer,2015,0.0
WA,aquifer,2016,0.0
WA,aquifer,2017,0.0
WA,aquifer,2018,0.0
WA,aquifer,2019,0.0
WA,aquifer,2020,0.0
WA,aquifer,2021,0.0
WA,aquifer,2022,0.0
WA,depleted field,1999,0.0
WA,depleted field,2000,0.0
WA,depleted field,2001,0.0
WA,depleted field,2002,0.0
WA,depleted field,2003,0.0
WA,depleted field,2004,0.0
WA,depleted field,2005,0.0
WA,depleted field,2006,0.0
WA,depleted field,2007,0.0
WA,depleted field,2008,0.0
WA,depleted field,2009,0.0
WA,depleted field,2010,0.0
WA,depleted field,2011,0.0
WA,depleted field,2012,0.0
WA,depleted field,2013,0.0
WA,depleted field,2014,0.0
WA,depleted field,2015,0.0
WA,depleted field,2016,0.0
WA,depleted field,2017,0.0
WA,depleted field,2018,0.0
WA,depleted field,2019,0.0
WA,depleted field,2020,0.0
WA,depleted field,2021,0.0
WA,depleted field,2022,0.0
WV,aquifer,2015,68442.0
WV,aquifer,2016,0.0
WV,aquifer,2017,0.0
WV,aquifer,2018,0.0
WV,aquifer,2019,0.0
WV,aquifer,2020,0.0
WV,aquifer,2021,0.0
WV,aquifer,2022,0.0
WV,depleted field,1999,384607266.190289
WV,depleted field,2000,0.0
WV,depleted field,2001,0.0
WV,depleted field,2002,0.0
WV,depleted field,2003,8587548.02523202
WV,depleted field,2004,690361.221820712
WV,depleted field,2005,122754.19901675
WV,depleted field,2006,545049.627258182
WV,depleted field,2007,12215616.5739495
WV,depleted field,2008,0.0
WV,depleted field,2009,3093371.0
WV,depleted field,2010,0.0
WV,depleted field,2011,0.0
WV,depleted field,2012,0.0
WV,depleted field,2013,1465281.0
WV,depleted field,2014,4406213.0
WV,depleted field,2015,0.0
WV,depleted field,2016,2036668.0
WV,depleted field,2017,7802388.0
WV,depleted field,2018,0.0
WV,depleted field,2019,183549.0
WV,depleted field,2020,0.0
WV,depleted field,2021,0.0
WV,depleted field,2022,829600.0
WV,salt cavern,1999,0.0
WV,salt cavern,2000,0.0
WV,salt cavern,2001,0.0
WV,salt cavern,2002,0.0
WV,salt cavern,2003,0.0
WV,salt cavern,2004,0.0
WV,salt cavern,2005,0.0
WV,salt cavern,2006,0.0
WV,salt cavern,2007,0.0
WV,salt cavern,2008,0.0
WV,salt cavern,2009,0.0
WV,salt cavern,2010,0.0
WV,salt cavern,2011,0.0
WV,salt cavern,2012,0.0
WV,salt cavern,2013,0.0
WV,salt cavern,2014,0.0
WV,salt cavern,2015,0.0
WV,salt cavern,2016,0.0
WV,salt cavern,2017,0.0
WV,salt cavern,2018,0.0
WV,salt cavern,2019,0.0
WV,salt cavern,2020,0.0
WV,salt cavern,2021,0.0
WV,salt cavern,2022,0.0
WY,aquifer,1999,1292963.4601044
WY,aquifer,2000,0.0
WY,aquifer,2001,0.0
WY,aquifer,2002,0.0
WY,aquifer,2003,0.0
WY,aquifer,2004,0.0
WY,aquifer,2005,0.0
WY,aquifer,2006,0.0
WY,aquifer,2007,0.0
WY,aquifer,2008,0.0
WY,aquifer,2009,0.0
WY,aquifer,2010,0.0
WY,aquifer,2011,0.0
WY,aquifer,2012,6222.0
WY,aquifer,2013,0.0
WY,aquifer,2014,0.0
WY,aquifer,2015,0.0
WY,aquifer,2016,0.0
WY,aquifer,2017,0.0
WY,aquifer,2018,0.0
WY,aquifer,2019,0.0
WY,aquifer,2020,0.0
WY,aquifer,2021,0.0
WY,aquifer,2022,0.0
WY,depleted field,1999,47904162.9744562
WY,depleted field,2000,0.0
WY,depleted field,2001,0.0
WY,depleted field,2002,4597136.6813222
WY,depleted field,2003,0.0
WY,depleted field,2004,0.0
WY,depleted field,2005,0.0
WY,depleted field,2006,0.0
WY,depleted field,2007,0.0
WY,depleted field,2008,0.0
WY,depleted field,2009,0.0
WY,depleted field,2010,0.0
WY,depleted field,2011,0.0
WY,depleted field,2012,7689355.0
WY,depleted field,2013,25925000.0
WY,depleted field,2014,0.0
WY,depleted field,2015,0.0
WY,depleted field,2016,0.0
WY,depleted field,2017,0.0
WY,depleted field,2018,933300.0
WY,depleted field,2019,0.0
WY,depleted field,2020,16389785.0
WY,depleted field,2021,0.0
WY,depleted field,2022,0.0
WY,salt cavern,1999,0.0
WY,salt cavern,2000,0.0
WY,salt cavern,2001,0.0
WY,salt cavern,2002,0.0
WY,salt cavern,2003,0.0
WY,salt cavern,2004,0.0
WY,salt cavern,2005,0.0
WY,salt cavern,2006,0.0
WY,salt cavern,2007,0.0
WY,salt cavern,2008,0.0
WY,salt cavern,2009,0.0
WY,salt cavern,2010,0.0
WY,salt cavern,2011,0.0
WY,salt cavern,2012,0.0
WY,salt cavern,2013,0.0
WY,salt cavern,2014,0.0
WY,salt cavern,2015,0.0
WY,salt cavern,2016,0.0
WY,salt cavern,2017,0.0
WY,salt cavern,2018,0.0
WY,salt cavern,2019,0.0
WY,salt cavern,2020,0.0
WY,salt cavern,2021,0.0
WY,salt cavern,2022,0.0
AL,aquifer,2023,0.0
AL,depleted field,2023,0.0
AL,salt cavern,2023,0.0
AR,aquifer,2023,0.0
AR,depleted field,2023,0.0
AR,salt cavern,2023,0.0
AZ,aquifer,2023,0.0
AZ,depleted field,2023,0.0
AZ,salt cavern,2023,0.0
CA,aquifer,2023,0.0
CA,depleted field,2023,0.0
CA,salt cavern,2023,0.0
CO,aquifer,2023,0.0
CO,depleted field,2023,0.0
CO,salt cavern,2023,0.0
DE,aquifer,2023,0.0
FL,aquifer,2023,0.0
FL,depleted field,2023,1149598.136739986
FL,salt cavern,2023,2650870.2224681987
GA,aquifer,2023,0.0
IA,aquifer,2023,0.0
ID,aquifer,2023,0.0
ID,depleted field,2023,0.0
ID,salt cavern,2023,0.0
IL,aquifer,2023,0.0
IL,depleted field,2023,0.0
IN,aquifer,2023,0.0
IN,depleted field,2023,0.0
KS,aquifer,2023,0.0
KS,depleted field,2023,0.0
KS,salt cavern,2023,-1.1652900866465643e-10
KY,aquifer,2023,0.0
KY,depleted field,2023,0.0
LA,aquifer,2023,0.0
LA,depleted field,2023,0.0
LA,salt cavern,2023,0.0
MD,aquifer,2023,0.0
MD,depleted field,2023,0.0
MD,salt cavern,2023,0.0
MI,aquifer,2023,0.0
MI,depleted field,2023,0.0
MI,salt cavern,2023,0.0
MN,aquifer,2023,0.0
MO,aquifer,2023,0.0
MO,depleted field,2023,0.0
MS,aquifer,2023,0.0
MS,depleted field,2023,0.0
MS,salt cavern,2023,0.0
MT,aquifer,2023,0.0
MT,depleted field,2023,0.0
MT,salt cavern,2023,0.0
NC,aquifer,2023,0.0
ND,aquifer,2023,0.0
ND,depleted field,2023,0.0
ND,salt cavern,2023,0.0
NE,aquifer,2023,0.0
NE,depleted field,2023,0.0
NE,salt cavern,2023,0.0
NJ,aquifer,2023,0.0
NM,aquifer,2023,0.0
NM,depleted field,2023,0.0
NM,salt cavern,2023,0.0
NV,aquifer,2023,0.0
NV,depleted field,2023,0.0
NV,salt cavern,2023,0.0
NY,aquifer,2023,0.0
NY,depleted field,2023,0.0
NY,salt cavern,2023,0.0
OH,aquifer,2023,0.0
OH,depleted field,2023,0.0
OH,salt cavern,2023,0.0
OK,aquifer,2023,0.0
OK,depleted field,2023,0.0
OK,salt cavern,2023,0.0
OR,aquifer,2023,0.0
OR,depleted field,2023,0.0
PA,aquifer,2023,0.0
PA,depleted field,2023,0.0
PA,salt cavern,2023,0.0
SC,aquifer,2023,0.0
SD,aquifer,2023,0.0
SD,depleted field,2023,0.0
SD,salt cavern,2023,219948.18146624847
TN,aquifer,2023,0.0
TN,depleted field,2023,0.0
TX,aquifer,2023,0.0
TX,depleted field,2023,0.0
TX,salt cavern,2023,0.0
UT,aquifer,2023,0.0
UT,depleted field,2023,0.0
UT,salt cavern,2023,0.0
VA,aquifer,2023,0.0
VA,depleted field,2023,0.0
VA,salt cavern,2023,0.0
WA,aquifer,2023,0.0
WI,aquifer,2023,0.0
WI,salt cavern,2023,0.0
WV,aquifer,2023,0.0
WV,depleted field,2023,0.0
WV,salt cavern,2023,0.0
WY,aquifer,2023,0.0
WY,depleted field,2023,0.0
WY,salt cavern,2023,0.0
