BLD_YRS_FOR_GAS_WELL_1,BLD_YRS_FOR_GAS_WELL_2,BLD_YRS_FOR_GAS_WELL_3,BuildWellNum
AL,V,2005,0.0
AL,D,2005,0.0
AL,V,2015,0.0
AL,D,2015,0.0
AL,V,2012,0.0
AL,D,2012,0.0
AL,V,2013,0.0
AL,D,2013,0.0
AL,V,2014,0.0
AL,D,2014,0.0
AL,V,2008,1.0
AL,D,2008,268.0
AL,V,2009,0.0
AL,D,2009,53.0
AL,V,2010,0.0
AL,D,2010,113.0
AL,V,2011,0.0
AL,D,2011,0.0
AL,V,1998,0.0
AL,D,1998,15.0
AL,V,1999,0.0
AL,D,1999,33.0
AL,V,2016,0.0
AL,D,2016,0.0
AL,V,2017,0.0
AL,D,2017,0.0
AL,V,2018,0.0
AL,D,2018,0.0
AL,V,1990,2.0
AL,D,1990,637.0
AL,V,1991,3.0
AL,D,1991,1027.0
AL,V,1992,0.0
AL,D,1992,0.0
AL,V,2007,1.0
AL,D,2007,363.0
AL,V,2019,0.0
AL,D,2019,0.0
AL,V,2004,1.0
AL,D,2004,368.0
AL,V,1997,0.0
AL,D,1997,51.0
AL,V,2001,1.0
AL,D,2001,237.0
AL,V,2002,1.0
AL,D,2002,205.0
AL,V,2003,1.0
AL,D,2003,353.0
AL,V,2000,1.0
AL,D,2000,154.0
AL,V,1996,2.0
AL,D,1996,577.0
AL,V,2020,0.0
AL,D,2020,0.0
AL,V,1993,1.0
AL,D,1993,163.0
AL,V,1995,0.0
AL,D,1995,0.0
AL,V,1994,0.0
AL,D,1994,51.0
AL,V,2006,2.0
AL,D,2006,702.0
AR,V,2008,22.0
AR,D,2008,1.0
AR,H,2008,796.0
AR,V,2002,46.0
AR,D,2002,1.0
AR,H,2002,1646.0
AR,V,2007,26.0
AR,D,2007,1.0
AR,H,2007,932.0
AR,V,2009,20.0
AR,D,2009,1.0
AR,H,2009,702.0
AR,V,2010,29.0
AR,D,2010,1.0
AR,H,2010,1053.0
AR,V,2018,0.0
AR,D,2018,0.0
AR,H,2018,0.0
AR,V,2011,28.0
AR,D,2011,1.0
AR,H,2011,1002.0
AR,V,2016,0.0
AR,D,2016,0.0
AR,H,2016,0.0
AR,V,2017,0.0
AR,D,2017,0.0
AR,H,2017,0.0
AR,V,2014,12.0
AR,D,2014,0.0
AR,H,2014,441.0
AR,V,2015,5.0
AR,D,2015,0.0
AR,H,2015,176.0
AR,V,2012,16.0
AR,D,2012,1.0
AR,H,2012,568.0
AR,V,2013,8.0
AR,D,2013,0.0
AR,H,2013,303.0
AR,V,2005,0.0
AR,D,2005,0.0
AR,H,2005,2.0
AR,V,2006,10.0
AR,D,2006,0.0
AR,H,2006,342.0
AR,V,2019,0.0
AR,D,2019,0.0
AR,H,2019,0.0
AR,V,2020,0.0
AR,D,2020,0.0
AR,H,2020,0.0
AR,V,2004,0.0
AR,D,2004,0.0
AR,H,2004,0.0
AR,V,2003,23.0
AR,D,2003,1.0
AR,H,2003,827.0
AZ,H,2013,0.0
AZ,V,2013,0.0
AZ,D,2013,0.0
AZ,H,2007,0.0
AZ,V,2007,0.0
AZ,D,2007,0.0
AZ,H,2014,0.0
AZ,V,2014,0.0
AZ,D,2014,2.0
AZ,H,2012,0.0
AZ,V,2012,0.0
AZ,D,2012,0.0
AZ,H,2020,0.0
AZ,V,2020,0.0
AZ,D,2020,0.0
AZ,H,2015,0.0
AZ,V,2015,0.0
AZ,D,2015,0.0
AZ,H,2017,0.0
AZ,V,2017,0.0
AZ,D,2017,0.0
AZ,H,2018,0.0
AZ,V,2018,0.0
AZ,D,2018,0.0
AZ,H,2019,0.0
AZ,V,2019,0.0
AZ,D,2019,0.0
AZ,H,2016,0.0
AZ,V,2016,0.0
AZ,D,2016,0.0
AZ,H,2008,0.0
AZ,V,2008,0.0
AZ,D,2008,0.0
AZ,H,2009,0.0
AZ,V,2009,0.0
AZ,D,2009,0.0
AZ,H,2010,0.0
AZ,V,2010,0.0
AZ,D,2010,0.0
AZ,H,2006,0.0
AZ,V,2006,0.0
AZ,D,2006,0.0
AZ,H,2011,0.0
AZ,V,2011,0.0
AZ,D,2011,0.0
CA,D,1999,203.0
CA,V,1999,29.0
CA,H,1999,41.0
CA,D,2011,1972.0
CA,V,2011,286.0
CA,H,2011,402.0
CA,D,2017,0.0
CA,V,2017,0.0
CA,H,2017,0.0
CA,D,2015,0.0
CA,V,2015,0.0
CA,H,2015,0.0
CA,D,2016,0.0
CA,V,2016,0.0
CA,H,2016,0.0
CA,D,2012,86.0
CA,V,2012,12.0
CA,H,2012,18.0
CA,D,2014,21.0
CA,V,2014,3.0
CA,H,2014,4.0
CA,D,2013,0.0
CA,V,2013,0.0
CA,H,2013,0.0
CA,D,2018,0.0
CA,V,2018,0.0
CA,H,2018,0.0
CA,D,2019,0.0
CA,V,2019,0.0
CA,H,2019,0.0
CA,D,2020,0.0
CA,V,2020,0.0
CA,H,2020,0.0
CA,D,2001,56.0
CA,V,2001,8.0
CA,H,2001,11.0
CA,D,2002,0.0
CA,V,2002,0.0
CA,H,2002,0.0
CA,D,2003,13.0
CA,V,2003,2.0
CA,H,2003,3.0
CA,D,2000,13.0
CA,V,2000,2.0
CA,H,2000,3.0
CA,D,2005,62.0
CA,V,2005,9.0
CA,H,2005,13.0
CA,D,2008,78.0
CA,V,2008,11.0
CA,H,2008,16.0
CA,D,2009,0.0
CA,V,2009,0.0
CA,H,2009,0.0
CA,D,2004,17.0
CA,V,2004,2.0
CA,H,2004,3.0
CA,D,2006,70.0
CA,V,2006,10.0
CA,H,2006,14.0
CA,D,2010,0.0
CA,V,2010,0.0
CA,H,2010,0.0
CA,D,2007,66.0
CA,V,2007,10.0
CA,H,2007,13.0
CO,D,2009,978.0
CO,V,2009,13.0
CO,H,2009,313.0
CO,D,2010,1344.0
CO,V,2010,18.0
CO,H,2010,430.0
CO,D,2008,2075.0
CO,V,2008,28.0
CO,H,2008,664.0
CO,D,2018,0.0
CO,V,2018,0.0
CO,H,2018,0.0
CO,D,2011,11231.0
CO,V,2011,153.0
CO,H,2011,3595.0
CO,D,2012,1761.0
CO,V,2012,24.0
CO,H,2012,564.0
CO,D,2013,556.0
CO,V,2013,8.0
CO,H,2013,178.0
CO,D,2019,0.0
CO,V,2019,0.0
CO,H,2019,0.0
CO,D,2020,0.0
CO,V,2020,0.0
CO,H,2020,0.0
CO,D,2016,0.0
CO,V,2016,0.0
CO,H,2016,0.0
CO,D,2017,0.0
CO,V,2017,0.0
CO,H,2017,0.0
CO,D,2014,0.0
CO,V,2014,0.0
CO,H,2014,0.0
CO,D,2015,0.0
CO,V,2015,0.0
CO,H,2015,0.0
CO,D,2007,1785.0
CO,V,2007,24.0
CO,H,2007,571.0
CO,D,2005,4217.0
CO,V,2005,57.0
CO,H,2005,1350.0
CO,D,2006,0.0
CO,V,2006,0.0
CO,H,2006,0.0
FL,V,2019,0.0
FL,D,2019,0.0
FL,H,2019,0.0
FL,V,2011,4.0
FL,D,2011,2.0
FL,H,2011,25.0
FL,V,2012,0.0
FL,D,2012,0.0
FL,H,2012,0.0
FL,V,2016,0.0
FL,D,2016,0.0
FL,H,2016,0.0
FL,V,2013,0.0
FL,D,2013,0.0
FL,H,2013,0.0
FL,V,2014,0.0
FL,D,2014,0.0
FL,H,2014,2.0
FL,V,2015,0.0
FL,D,2015,0.0
FL,H,2015,1.0
FL,V,2020,0.0
FL,D,2020,0.0
FL,H,2020,0.0
FL,V,2018,0.0
FL,D,2018,0.0
FL,H,2018,0.0
FL,V,2017,0.0
FL,D,2017,0.0
FL,H,2017,0.0
ID,V,2020,0.0
ID,D,2020,0.0
ID,H,2020,0.0
ID,V,2015,0.0
ID,D,2015,2.0
ID,H,2015,0.0
ID,V,2019,0.0
ID,D,2019,0.0
ID,H,2019,0.0
ID,V,2016,0.0
ID,D,2016,0.0
ID,H,2016,0.0
ID,V,2017,0.0
ID,D,2017,1.0
ID,H,2017,0.0
ID,V,2018,0.0
ID,D,2018,0.0
ID,H,2018,0.0
IL,D,2013,0.0
IL,V,2013,0.0
IL,H,2013,0.0
IL,D,2010,0.0
IL,V,2010,0.0
IL,H,2010,0.0
IL,D,2005,0.0
IL,V,2005,1.0
IL,H,2005,23.0
IL,D,2020,0.0
IL,V,2020,0.0
IL,H,2020,0.0
IL,D,2018,0.0
IL,V,2018,0.0
IL,H,2018,0.0
IL,D,2008,0.0
IL,V,2008,0.0
IL,H,2008,2.0
IL,D,2019,0.0
IL,V,2019,0.0
IL,H,2019,0.0
IL,D,2011,0.0
IL,V,2011,0.0
IL,H,2011,0.0
IL,D,2012,0.0
IL,V,2012,0.0
IL,H,2012,0.0
IL,D,2016,0.0
IL,V,2016,0.0
IL,H,2016,1.0
IL,D,2017,0.0
IL,V,2017,0.0
IL,H,2017,0.0
IL,D,2014,0.0
IL,V,2014,0.0
IL,H,2014,2.0
IL,D,2015,0.0
IL,V,2015,0.0
IL,H,2015,0.0
IL,D,2007,0.0
IL,V,2007,0.0
IL,H,2007,0.0
IL,D,2009,0.0
IL,V,2009,0.0
IL,H,2009,6.0
IL,D,2006,0.0
IL,V,2006,0.0
IL,H,2006,0.0
IN,D,2005,0.0
IN,H,2005,0.0
IN,V,2005,0.0
IN,D,2008,0.0
IN,H,2008,0.0
IN,V,2008,0.0
IN,D,2003,3.0
IN,H,2003,174.0
IN,V,2003,11.0
IN,D,2014,0.0
IN,H,2014,0.0
IN,V,2014,0.0
IN,D,2015,0.0
IN,H,2015,4.0
IN,V,2015,0.0
IN,D,2007,0.0
IN,H,2007,13.0
IN,V,2007,1.0
IN,D,2011,5.0
IN,H,2011,272.0
IN,V,2011,18.0
IN,D,2013,2.0
IN,H,2013,94.0
IN,V,2013,6.0
IN,D,2018,0.0
IN,H,2018,0.0
IN,V,2018,0.0
IN,D,2019,0.0
IN,H,2019,0.0
IN,V,2019,0.0
IN,D,2016,0.0
IN,H,2016,0.0
IN,V,2016,0.0
IN,D,2017,0.0
IN,H,2017,0.0
IN,V,2017,0.0
IN,D,2004,1.0
IN,H,2004,88.0
IN,V,2004,6.0
IN,D,2006,0.0
IN,H,2006,14.0
IN,V,2006,1.0
IN,D,2020,0.0
IN,H,2020,0.0
IN,V,2020,0.0
IN,D,2012,0.0
IN,H,2012,0.0
IN,V,2012,0.0
IN,D,2010,1.0
IN,H,2010,53.0
IN,V,2010,3.0
IN,D,2009,1.0
IN,H,2009,35.0
IN,V,2009,2.0
KS,H,1996,0.0
KS,D,1996,0.0
KS,V,1996,0.0
KS,H,2010,3.0
KS,D,2010,396.0
KS,V,2010,503.0
KS,H,1994,0.0
KS,D,1994,0.0
KS,V,1994,0.0
KS,H,1995,10.0
KS,D,1995,1166.0
KS,V,1995,1480.0
KS,H,2009,12.0
KS,D,2009,1484.0
KS,V,2009,1885.0
KS,H,2011,12.0
KS,D,2011,1412.0
KS,V,2011,1793.0
KS,H,2012,0.0
KS,D,2012,0.0
KS,V,2012,0.0
KS,H,2013,0.0
KS,D,2013,0.0
KS,V,2013,0.0
KS,H,2018,0.0
KS,D,2018,0.0
KS,V,2018,0.0
KS,H,2015,0.0
KS,D,2015,0.0
KS,V,2015,0.0
KS,H,2016,0.0
KS,D,2016,0.0
KS,V,2016,0.0
KS,H,2017,0.0
KS,D,2017,0.0
KS,V,2017,0.0
KS,H,2014,0.0
KS,D,2014,17.0
KS,V,2014,21.0
KS,H,2006,3.0
KS,D,2006,337.0
KS,V,2006,428.0
KS,H,2007,0.0
KS,D,2007,0.0
KS,V,2007,0.0
KS,H,2008,0.0
KS,D,2008,0.0
KS,V,2008,0.0
KS,H,2004,3.0
KS,D,2004,322.0
KS,V,2004,409.0
KS,H,1997,0.0
KS,D,1997,49.0
KS,V,1997,62.0
KS,H,2019,0.0
KS,D,2019,0.0
KS,V,2019,0.0
KS,H,2020,0.0
KS,D,2020,0.0
KS,V,2020,0.0
KS,H,1998,0.0
KS,D,1998,0.0
KS,V,1998,0.0
KS,H,1999,0.0
KS,D,1999,0.0
KS,V,1999,0.0
KS,H,2000,0.0
KS,D,2000,0.0
KS,V,2000,0.0
KS,H,2001,1.0
KS,D,2001,66.0
KS,V,2001,84.0
KS,H,2002,6.0
KS,D,2002,702.0
KS,V,2002,892.0
KS,H,2005,3.0
KS,D,2005,363.0
KS,V,2005,460.0
KS,H,1991,3.0
KS,D,1991,425.0
KS,V,1991,540.0
KS,H,1992,2.0
KS,D,1992,198.0
KS,V,1992,252.0
KS,H,1993,4.0
KS,D,1993,471.0
KS,V,1993,598.0
KS,H,2003,2.0
KS,D,2003,189.0
KS,V,2003,240.0
KS,H,1990,0.0
KS,D,1990,25.0
KS,V,1990,32.0
KY,H,2014,3287.0
KY,V,2014,1412.0
KY,H,2016,0.0
KY,V,2016,0.0
KY,H,2011,0.0
KY,V,2011,0.0
KY,H,2006,909.0
KY,V,2006,390.0
KY,H,2007,469.0
KY,V,2007,202.0
KY,H,2010,362.0
KY,V,2010,156.0
KY,H,2015,0.0
KY,V,2015,0.0
KY,H,2008,0.0
KY,V,2008,0.0
KY,H,2009,603.0
KY,V,2009,259.0
KY,H,2012,329.0
KY,V,2012,142.0
KY,H,2013,964.0
KY,V,2013,414.0
KY,H,2020,0.0
KY,V,2020,0.0
KY,H,2017,0.0
KY,V,2017,0.0
KY,H,2018,0.0
KY,V,2018,0.0
KY,H,2019,1967.0
KY,V,2019,846.0
LA,H,1998,3266.0
LA,D,1998,86.0
LA,V,1998,89.0
LA,H,1993,1571.0
LA,D,1993,41.0
LA,V,1993,43.0
LA,H,2006,0.0
LA,D,2006,0.0
LA,V,2006,0.0
LA,H,2007,651.0
LA,D,2007,17.0
LA,V,2007,18.0
LA,H,2008,1014.0
LA,D,2008,27.0
LA,V,2008,28.0
LA,H,2013,0.0
LA,D,2013,0.0
LA,V,2013,0.0
LA,H,2014,0.0
LA,D,2014,0.0
LA,V,2014,0.0
LA,H,2002,712.0
LA,D,2002,19.0
LA,V,2002,19.0
LA,H,2003,0.0
LA,D,2003,0.0
LA,V,2003,0.0
LA,H,2004,3602.0
LA,D,2004,95.0
LA,V,2004,98.0
LA,H,2005,0.0
LA,D,2005,0.0
LA,V,2005,0.0
LA,H,2019,0.0
LA,D,2019,0.0
LA,V,2019,0.0
LA,H,2020,0.0
LA,D,2020,0.0
LA,V,2020,0.0
LA,H,2016,0.0
LA,D,2016,0.0
LA,V,2016,0.0
LA,H,2009,0.0
LA,D,2009,0.0
LA,V,2009,0.0
LA,H,2010,263.0
LA,D,2010,7.0
LA,V,2010,7.0
LA,H,2011,172.0
LA,D,2011,5.0
LA,V,2011,5.0
LA,H,2012,26.0
LA,D,2012,1.0
LA,V,2012,1.0
LA,H,1995,1149.0
LA,D,1995,30.0
LA,V,1995,31.0
LA,H,1996,1069.0
LA,D,1996,28.0
LA,V,1996,29.0
LA,H,1999,0.0
LA,D,1999,0.0
LA,V,1999,0.0
LA,H,2000,0.0
LA,D,2000,0.0
LA,V,2000,0.0
LA,H,2001,617.0
LA,D,2001,16.0
LA,V,2001,17.0
LA,H,2017,0.0
LA,D,2017,0.0
LA,V,2017,0.0
LA,H,2018,0.0
LA,D,2018,0.0
LA,V,2018,0.0
LA,H,2015,0.0
LA,D,2015,0.0
LA,V,2015,0.0
LA,H,1994,0.0
LA,D,1994,0.0
LA,V,1994,0.0
LA,H,1997,0.0
LA,D,1997,0.0
LA,V,1997,0.0
MD,D,2008,0.0
MD,V,2008,0.0
MD,H,2008,0.0
MD,D,2009,0.0
MD,V,2009,0.0
MD,H,2009,0.0
MD,D,2017,0.0
MD,V,2017,0.0
MD,H,2017,0.0
MD,D,2019,0.0
MD,V,2019,0.0
MD,H,2019,0.0
MD,D,2020,0.0
MD,V,2020,0.0
MD,H,2020,0.0
MD,D,2016,0.0
MD,V,2016,0.0
MD,H,2016,0.0
MD,D,2018,0.0
MD,V,2018,0.0
MD,H,2018,0.0
MD,D,2007,0.0
MD,V,2007,0.0
MD,H,2007,0.0
MD,D,2010,0.0
MD,V,2010,0.0
MD,H,2010,0.0
MD,D,2003,0.0
MD,V,2003,0.0
MD,H,2003,1.0
MD,D,2004,0.0
MD,V,2004,0.0
MD,H,2004,0.0
MD,D,2005,0.0
MD,V,2005,0.0
MD,H,2005,0.0
MD,D,2015,0.0
MD,V,2015,0.0
MD,H,2015,0.0
MD,D,2011,0.0
MD,V,2011,0.0
MD,H,2011,0.0
MD,D,2012,0.0
MD,V,2012,0.0
MD,H,2012,0.0
MD,D,2006,0.0
MD,V,2006,0.0
MD,H,2006,0.0
MD,D,2013,0.0
MD,V,2013,0.0
MD,H,2013,0.0
MD,D,2014,0.0
MD,V,2014,0.0
MD,H,2014,0.0
MI,D,2008,0.0
MI,V,2008,3.0
MI,H,2008,280.0
MI,D,2016,0.0
MI,V,2016,0.0
MI,H,2016,0.0
MI,D,2010,0.0
MI,V,2010,0.0
MI,H,2010,0.0
MI,D,2007,0.0
MI,V,2007,0.0
MI,H,2007,40.0
MI,D,2018,0.0
MI,V,2018,0.0
MI,H,2018,0.0
MI,D,2019,0.0
MI,V,2019,0.0
MI,H,2019,0.0
MI,D,2017,0.0
MI,V,2017,0.0
MI,H,2017,0.0
MI,D,2009,0.0
MI,V,2009,6.0
MI,H,2009,599.0
MI,D,2013,0.0
MI,V,2013,0.0
MI,H,2013,0.0
MI,D,2014,0.0
MI,V,2014,0.0
MI,H,2014,0.0
MI,D,2020,0.0
MI,V,2020,0.0
MI,H,2020,0.0
MI,D,2012,0.0
MI,V,2012,0.0
MI,H,2012,0.0
MI,D,2015,0.0
MI,V,2015,0.0
MI,H,2015,0.0
MI,D,2011,0.0
MI,V,2011,4.0
MI,H,2011,376.0
MO,H,2013,0.0
MO,H,2020,0.0
MO,H,2015,0.0
MO,H,2014,0.0
MO,H,2017,0.0
MO,H,2018,0.0
MO,H,2019,0.0
MO,H,2016,0.0
MO,H,2011,3.0
MO,H,2012,0.0
MS,V,2006,62.0
MS,H,2006,90.0
MS,D,2006,7.0
MS,V,2012,0.0
MS,H,2012,0.0
MS,D,2012,0.0
MS,V,2005,55.0
MS,H,2005,79.0
MS,D,2005,7.0
MS,V,2009,0.0
MS,H,2009,0.0
MS,D,2009,0.0
MS,V,2010,0.0
MS,H,2010,0.0
MS,D,2010,0.0
MS,V,2013,0.0
MS,H,2013,0.0
MS,D,2013,0.0
MS,V,2004,175.0
MS,H,2004,254.0
MS,D,2004,21.0
MS,V,2014,0.0
MS,H,2014,0.0
MS,D,2014,0.0
MS,V,2015,0.0
MS,H,2015,0.0
MS,D,2015,0.0
MS,V,2011,0.0
MS,H,2011,0.0
MS,D,2011,0.0
MS,V,2020,0.0
MS,H,2020,0.0
MS,D,2020,0.0
MS,V,2018,0.0
MS,H,2018,0.0
MS,D,2018,0.0
MS,V,2019,0.0
MS,H,2019,0.0
MS,D,2019,0.0
MS,V,2016,0.0
MS,H,2016,0.0
MS,D,2016,0.0
MS,V,2017,0.0
MS,H,2017,0.0
MS,D,2017,0.0
MS,V,2008,11.0
MS,H,2008,16.0
MS,D,2008,1.0
MS,V,2007,187.0
MS,H,2007,270.0
MS,D,2007,22.0
MT,H,1998,20.0
MT,D,1998,3.0
MT,V,1998,329.0
MT,H,1999,12.0
MT,D,1999,2.0
MT,V,1999,197.0
MT,H,1997,5.0
MT,D,1997,1.0
MT,V,1997,73.0
MT,H,2006,48.0
MT,D,2006,6.0
MT,V,2006,773.0
MT,H,2007,20.0
MT,D,2007,3.0
MT,V,2007,324.0
MT,H,2008,10.0
MT,D,2008,1.0
MT,V,2008,159.0
MT,H,2005,45.0
MT,D,2005,6.0
MT,V,2005,729.0
MT,H,2010,0.0
MT,D,2010,0.0
MT,V,2010,0.0
MT,H,2011,32.0
MT,D,2011,4.0
MT,V,2011,519.0
MT,H,2012,0.0
MT,D,2012,0.0
MT,V,2012,0.0
MT,H,2009,0.0
MT,D,2009,0.0
MT,V,2009,0.0
MT,H,2001,59.0
MT,D,2001,8.0
MT,V,2001,944.0
MT,H,2002,12.0
MT,D,2002,2.0
MT,V,2002,199.0
MT,H,2003,0.0
MT,D,2003,0.0
MT,V,2003,0.0
MT,H,2004,25.0
MT,D,2004,3.0
MT,V,2004,404.0
MT,H,2018,0.0
MT,D,2018,0.0
MT,V,2018,0.0
MT,H,2019,0.0
MT,D,2019,0.0
MT,V,2019,0.0
MT,H,2020,4.0
MT,D,2020,1.0
MT,V,2020,63.0
MT,H,2016,0.0
MT,D,2016,0.0
MT,V,2016,0.0
MT,H,2013,0.0
MT,D,2013,0.0
MT,V,2013,0.0
MT,H,2014,0.0
MT,D,2014,0.0
MT,V,2014,0.0
MT,H,2015,0.0
MT,D,2015,0.0
MT,V,2015,0.0
MT,H,2017,0.0
MT,D,2017,0.0
MT,V,2017,0.0
MT,H,2000,0.0
MT,D,2000,0.0
MT,V,2000,0.0
ND,V,2020,287.0
ND,V,2007,0.0
ND,V,2008,0.0
ND,V,2009,2.0
ND,V,2010,0.0
ND,V,2011,338.0
ND,V,2012,0.0
ND,V,2013,0.0
ND,V,2005,5.0
ND,V,2006,52.0
ND,V,2015,57.0
ND,V,2016,0.0
ND,V,2017,52.0
ND,V,2014,0.0
ND,V,2019,338.0
ND,V,2018,417.0
NE,H,2011,31.0
NE,H,2012,0.0
NE,H,2009,0.0
NE,H,2019,0.0
NE,H,2018,3.0
NE,H,2008,56.0
NE,H,2010,0.0
NE,H,2013,0.0
NE,H,2020,0.0
NE,H,2015,31.0
NE,H,2016,9.0
NE,H,2014,0.0
NE,H,2017,1.0
NM,D,1990,1.0
NM,H,1990,21.0
NM,V,1990,4.0
NM,D,1993,116.0
NM,H,1993,2258.0
NM,V,1993,431.0
NM,D,1994,101.0
NM,H,1994,1969.0
NM,V,1994,376.0
NM,D,1991,120.0
NM,H,1991,2332.0
NM,V,1991,445.0
NM,D,1992,0.0
NM,H,1992,0.0
NM,V,1992,0.0
NM,D,1999,0.0
NM,H,1999,0.0
NM,V,1999,0.0
NM,D,2000,329.0
NM,H,2000,6391.0
NM,V,2000,1221.0
NM,D,2001,53.0
NM,H,2001,1021.0
NM,V,2001,195.0
NM,D,2002,27.0
NM,H,2002,528.0
NM,V,2002,101.0
NM,D,2003,51.0
NM,H,2003,988.0
NM,V,2003,189.0
NM,D,2004,61.0
NM,H,2004,1186.0
NM,V,2004,227.0
NM,D,2005,66.0
NM,H,2005,1274.0
NM,V,2005,243.0
NM,D,2006,61.0
NM,H,2006,1189.0
NM,V,2006,227.0
NM,D,2007,42.0
NM,H,2007,813.0
NM,V,2007,155.0
NM,D,1995,9.0
NM,H,1995,175.0
NM,V,1995,34.0
NM,D,1996,26.0
NM,H,1996,502.0
NM,V,1996,96.0
NM,D,1997,136.0
NM,H,1997,2645.0
NM,V,1997,505.0
NM,D,1998,32.0
NM,H,1998,627.0
NM,V,1998,120.0
NM,D,2012,9.0
NM,H,2012,169.0
NM,V,2012,32.0
NM,D,2013,0.0
NM,H,2013,0.0
NM,V,2013,0.0
NM,D,2014,5.0
NM,H,2014,101.0
NM,V,2014,19.0
NM,D,2015,14.0
NM,H,2015,269.0
NM,V,2015,51.0
NM,D,2016,0.0
NM,H,2016,0.0
NM,V,2016,0.0
NM,D,2017,0.0
NM,H,2017,0.0
NM,V,2017,0.0
NM,D,2018,0.0
NM,H,2018,0.0
NM,V,2018,0.0
NM,D,2019,0.0
NM,H,2019,0.0
NM,V,2019,0.0
NM,D,2020,0.0
NM,H,2020,0.0
NM,V,2020,0.0
NM,D,2008,66.0
NM,H,2008,1285.0
NM,V,2008,246.0
NM,D,2009,22.0
NM,H,2009,437.0
NM,V,2009,83.0
NM,D,2010,0.0
NM,H,2010,0.0
NM,V,2010,0.0
NM,D,2011,0.0
NM,H,2011,0.0
NM,V,2011,0.0
NV,H,2020,0.0
NY,V,1995,127.0
NY,H,1995,123.0
NY,V,1996,37.0
NY,H,1996,37.0
NY,V,1997,0.0
NY,H,1997,0.0
NY,V,1998,87.0
NY,H,1998,85.0
NY,V,1999,263.0
NY,H,1999,256.0
NY,V,2000,0.0
NY,H,2000,0.0
NY,V,2001,70.0
NY,H,2001,68.0
NY,V,2002,295.0
NY,H,2002,288.0
NY,V,2003,0.0
NY,H,2003,0.0
NY,V,1989,754.0
NY,H,1989,734.0
NY,V,1990,112.0
NY,H,1990,109.0
NY,V,1991,107.0
NY,H,1991,105.0
NY,V,1992,86.0
NY,H,1992,83.0
NY,V,1993,0.0
NY,H,1993,0.0
NY,V,1994,64.0
NY,H,1994,63.0
NY,V,2009,0.0
NY,H,2009,0.0
NY,V,2010,55.0
NY,H,2010,53.0
NY,V,2011,322.0
NY,H,2011,314.0
NY,V,2012,182.0
NY,H,2012,177.0
NY,V,2013,0.0
NY,H,2013,0.0
NY,V,2014,33.0
NY,H,2014,33.0
NY,V,2015,0.0
NY,H,2015,0.0
NY,V,2016,10.0
NY,H,2016,9.0
NY,V,2004,0.0
NY,H,2004,0.0
NY,V,2005,0.0
NY,H,2005,0.0
NY,V,2006,272.0
NY,H,2006,264.0
NY,V,2007,352.0
NY,H,2007,343.0
NY,V,2008,0.0
NY,H,2008,0.0
NY,V,2017,0.0
NY,H,2017,0.0
NY,V,2018,0.0
NY,H,2018,0.0
NY,V,2019,0.0
NY,H,2019,0.0
NY,V,2020,0.0
NY,H,2020,0.0
OH,V,1990,136.0
OH,V,1991,174.0
OH,V,1989,23389.0
OH,V,1994,0.0
OH,V,1995,0.0
OH,V,1992,24.0
OH,V,1993,0.0
OH,V,2001,20.0
OH,V,2002,676.0
OH,V,2003,0.0
OH,V,2004,0.0
OH,V,2005,0.0
OH,V,2006,210.0
OH,V,2007,471.0
OH,V,2008,0.0
OH,V,1996,0.0
OH,V,1997,0.0
OH,V,1998,0.0
OH,V,1999,0.0
OH,V,2000,0.0
OH,V,2014,256.0
OH,V,2015,0.0
OH,V,2016,1219.0
OH,V,2017,0.0
OH,V,2018,0.0
OH,V,2019,103.0
OH,V,2020,0.0
OH,V,2012,0.0
OH,V,2009,547.0
OH,V,2010,0.0
OH,V,2011,0.0
OH,V,2013,0.0
OK,V,2003,45.0
OK,H,2003,998.0
OK,D,2003,12.0
OK,V,1996,0.0
OK,H,1996,0.0
OK,D,1996,0.0
OK,V,1997,0.0
OK,H,1997,1.0
OK,D,1997,0.0
OK,V,1998,16.0
OK,H,1998,347.0
OK,D,1998,4.0
OK,V,1999,0.0
OK,H,1999,0.0
OK,D,1999,0.0
OK,V,2000,0.0
OK,H,2000,0.0
OK,D,2000,0.0
OK,V,2001,472.0
OK,H,2001,10565.0
OK,D,2001,128.0
OK,V,2002,26.0
OK,H,2002,574.0
OK,D,2002,7.0
OK,V,1989,194.0
OK,H,1989,4354.0
OK,D,1989,53.0
OK,V,1990,0.0
OK,H,1990,0.0
OK,D,1990,0.0
OK,V,1991,155.0
OK,H,1991,3472.0
OK,D,1991,42.0
OK,V,1992,29.0
OK,H,1992,649.0
OK,D,1992,8.0
OK,V,1993,9.0
OK,H,1993,204.0
OK,D,1993,2.0
OK,V,1994,0.0
OK,H,1994,3.0
OK,D,1994,0.0
OK,V,1995,26.0
OK,H,1995,579.0
OK,D,1995,7.0
OK,V,2008,150.0
OK,H,2008,3366.0
OK,D,2008,41.0
OK,V,2009,71.0
OK,H,2009,1589.0
OK,D,2009,19.0
OK,V,2010,17.0
OK,H,2010,379.0
OK,D,2010,5.0
OK,V,2011,326.0
OK,H,2011,7298.0
OK,D,2011,89.0
OK,V,2012,0.0
OK,H,2012,0.0
OK,D,2012,0.0
OK,V,2013,0.0
OK,H,2013,0.0
OK,D,2013,0.0
OK,V,2014,0.0
OK,H,2014,0.0
OK,D,2014,0.0
OK,V,2015,0.0
OK,H,2015,0.0
OK,D,2015,0.0
OK,V,2016,0.0
OK,H,2016,0.0
OK,D,2016,0.0
OK,V,2004,54.0
OK,H,2004,1209.0
OK,D,2004,15.0
OK,V,2005,46.0
OK,H,2005,1033.0
OK,D,2005,13.0
OK,V,2006,57.0
OK,H,2006,1283.0
OK,D,2006,16.0
OK,V,2007,13.0
OK,H,2007,288.0
OK,D,2007,3.0
OK,V,2020,0.0
OK,H,2020,0.0
OK,D,2020,0.0
OK,V,2017,0.0
OK,H,2017,0.0
OK,D,2017,0.0
OK,V,2018,0.0
OK,H,2018,0.0
OK,D,2018,0.0
OK,V,2019,0.0
OK,H,2019,0.0
OK,D,2019,0.0
OR,V,2009,0.0
OR,D,2009,1.0
OR,H,2009,0.0
OR,V,2010,0.0
OR,D,2010,1.0
OR,H,2010,0.0
OR,V,2011,0.0
OR,D,2011,1.0
OR,H,2011,0.0
OR,V,2012,0.0
OR,D,2012,0.0
OR,H,2012,0.0
OR,V,2013,0.0
OR,D,2013,0.0
OR,H,2013,0.0
OR,V,2014,0.0
OR,D,2014,0.0
OR,H,2014,0.0
OR,V,2015,0.0
OR,D,2015,1.0
OR,H,2015,0.0
OR,V,2016,0.0
OR,D,2016,2.0
OR,H,2016,0.0
OR,V,2017,0.0
OR,D,2017,0.0
OR,H,2017,0.0
OR,V,2018,0.0
OR,D,2018,0.0
OR,H,2018,0.0
OR,V,2019,0.0
OR,D,2019,0.0
OR,H,2019,0.0
OR,V,2020,0.0
OR,D,2020,0.0
OR,H,2020,0.0
PA,V,1992,0.0
PA,H,1992,0.0
PA,D,1992,0.0
PA,V,1996,5.0
PA,H,1996,762.0
PA,D,1996,0.0
PA,V,1993,1.0
PA,H,1993,99.0
PA,D,1993,0.0
PA,V,1994,0.0
PA,H,1994,50.0
PA,D,1994,0.0
PA,V,1995,0.0
PA,H,1995,0.0
PA,D,1995,0.0
PA,V,2000,81.0
PA,H,2000,12096.0
PA,D,2000,0.0
PA,V,1997,6.0
PA,H,1997,894.0
PA,D,1997,0.0
PA,V,1998,0.0
PA,H,1998,0.0
PA,D,1998,0.0
PA,V,1999,15.0
PA,H,1999,2231.0
PA,D,1999,0.0
PA,V,1989,13.0
PA,H,1989,1952.0
PA,D,1989,0.0
PA,V,1990,2.0
PA,H,1990,298.0
PA,D,1990,0.0
PA,V,1991,5.0
PA,H,1991,695.0
PA,D,1991,0.0
PA,V,2006,21.0
PA,H,2006,3075.0
PA,D,2006,0.0
PA,V,2007,20.0
PA,H,2007,2930.0
PA,D,2007,0.0
PA,V,2008,20.0
PA,H,2008,2911.0
PA,D,2008,0.0
PA,V,2009,12.0
PA,H,2009,1713.0
PA,D,2009,0.0
PA,V,2010,0.0
PA,H,2010,0.0
PA,D,2010,0.0
PA,V,2011,116.0
PA,H,2011,17199.0
PA,D,2011,0.0
PA,V,2012,7.0
PA,H,2012,1100.0
PA,D,2012,0.0
PA,V,2013,0.0
PA,H,2013,0.0
PA,D,2013,0.0
PA,V,2001,27.0
PA,H,2001,4073.0
PA,D,2001,0.0
PA,V,2002,5.0
PA,H,2002,725.0
PA,D,2002,0.0
PA,V,2003,11.0
PA,H,2003,1596.0
PA,D,2003,0.0
PA,V,2004,12.0
PA,H,2004,1778.0
PA,D,2004,0.0
PA,V,2005,16.0
PA,H,2005,2411.0
PA,D,2005,0.0
PA,V,2019,5.0
PA,H,2019,709.0
PA,D,2019,0.0
PA,V,2020,0.0
PA,H,2020,0.0
PA,D,2020,0.0
PA,V,2016,0.0
PA,H,2016,0.0
PA,D,2016,0.0
PA,V,2017,3.0
PA,H,2017,392.0
PA,D,2017,0.0
PA,V,2014,39.0
PA,H,2014,5744.0
PA,D,2014,0.0
PA,V,2015,16.0
PA,H,2015,2414.0
PA,D,2015,0.0
PA,V,2018,4.0
PA,H,2018,619.0
PA,D,2018,0.0
SD,V,2009,17.0
SD,V,2010,13.0
SD,V,2012,4.0
SD,V,2013,0.0
SD,V,2014,0.0
SD,V,2011,53.0
SD,V,2020,0.0
SD,V,2016,0.0
SD,V,2017,0.0
SD,V,2018,0.0
SD,V,2015,0.0
SD,V,2019,4.0
TN,V,2006,0.0
TN,V,2007,0.0
TN,V,2008,0.0
TN,V,2010,0.0
TN,V,2011,797.0
TN,V,2012,0.0
TN,V,2009,25.0
TN,V,2005,39.0
TN,V,2018,0.0
TN,V,2019,0.0
TN,V,2020,0.0
TN,V,2016,0.0
TN,V,2013,62.0
TN,V,2014,0.0
TN,V,2015,0.0
TN,V,2017,0.0
TX,V,2016,0.0
TX,D,2016,0.0
TX,H,2016,0.0
TX,V,2018,0.0
TX,D,2018,0.0
TX,H,2018,0.0
TX,V,2019,0.0
TX,D,2019,0.0
TX,H,2019,0.0
TX,V,2020,0.0
TX,D,2020,0.0
TX,H,2020,0.0
TX,V,2017,0.0
TX,D,2017,0.0
TX,H,2017,0.0
TX,V,2013,57.0
TX,D,2013,20.0
TX,H,2013,800.0
TX,V,2014,86.0
TX,D,2014,30.0
TX,H,2014,1211.0
TX,V,2015,0.0
TX,D,2015,0.0
TX,H,2015,0.0
TX,V,1989,1255.0
TX,D,1989,439.0
TX,H,1989,17605.0
TX,V,1990,147.0
TX,D,1990,51.0
TX,H,1990,2060.0
TX,V,1991,0.0
TX,D,1991,0.0
TX,H,1991,0.0
TX,V,1992,0.0
TX,D,1992,0.0
TX,H,1992,0.0
TX,V,1993,52.0
TX,D,1993,18.0
TX,H,1993,732.0
TX,V,1994,101.0
TX,D,1994,35.0
TX,H,1994,1417.0
TX,V,1995,389.0
TX,D,1995,136.0
TX,H,1995,5456.0
TX,V,1996,0.0
TX,D,1996,0.0
TX,H,1996,0.0
TX,V,1997,191.0
TX,D,1997,67.0
TX,H,1997,2674.0
TX,V,1998,129.0
TX,D,1998,45.0
TX,H,1998,1814.0
TX,V,1999,0.0
TX,D,1999,0.0
TX,H,1999,0.0
TX,V,2000,121.0
TX,D,2000,42.0
TX,H,2000,1701.0
TX,V,2001,203.0
TX,D,2001,71.0
TX,H,2001,2852.0
TX,V,2002,135.0
TX,D,2002,47.0
TX,H,2002,1893.0
TX,V,2003,182.0
TX,D,2003,64.0
TX,H,2003,2548.0
TX,V,2004,238.0
TX,D,2004,83.0
TX,H,2004,3343.0
TX,V,2005,168.0
TX,D,2005,59.0
TX,H,2005,2363.0
TX,V,2006,0.0
TX,D,2006,0.0
TX,H,2006,0.0
TX,V,2007,141.0
TX,D,2007,49.0
TX,H,2007,1980.0
TX,V,2008,723.0
TX,D,2008,253.0
TX,H,2008,10144.0
TX,V,2009,395.0
TX,D,2009,138.0
TX,H,2009,5543.0
TX,V,2010,98.0
TX,D,2010,34.0
TX,H,2010,1375.0
TX,V,2011,2909.0
TX,D,2011,1018.0
TX,H,2011,40801.0
TX,V,2012,47.0
TX,D,2012,16.0
TX,H,2012,656.0
UT,D,2000,1035.0
UT,H,2000,72.0
UT,V,2000,518.0
UT,D,2001,269.0
UT,H,2001,19.0
UT,V,2001,135.0
UT,D,2002,0.0
UT,H,2002,0.0
UT,V,2002,0.0
UT,D,2003,137.0
UT,H,2003,9.0
UT,V,2003,69.0
UT,D,2004,278.0
UT,H,2004,19.0
UT,V,2004,139.0
UT,D,2005,277.0
UT,H,2005,19.0
UT,V,2005,139.0
UT,D,2006,488.0
UT,H,2006,34.0
UT,V,2006,244.0
UT,D,2007,216.0
UT,H,2007,15.0
UT,V,2007,108.0
UT,D,2008,243.0
UT,H,2008,17.0
UT,V,2008,121.0
UT,D,2009,125.0
UT,H,2009,9.0
UT,V,2009,62.0
UT,D,2010,192.0
UT,H,2010,13.0
UT,V,2010,96.0
UT,D,2011,973.0
UT,H,2011,68.0
UT,V,2011,487.0
UT,D,2012,330.0
UT,H,2012,23.0
UT,V,2012,165.0
UT,D,2013,114.0
UT,H,2013,8.0
UT,V,2013,57.0
UT,D,2014,151.0
UT,H,2014,10.0
UT,V,2014,76.0
UT,D,2015,29.0
UT,H,2015,2.0
UT,V,2015,15.0
UT,D,2016,0.0
UT,H,2016,0.0
UT,V,2016,0.0
UT,D,2017,0.0
UT,H,2017,0.0
UT,V,2017,0.0
UT,D,2018,0.0
UT,H,2018,0.0
UT,V,2018,0.0
UT,D,2019,0.0
UT,H,2019,0.0
UT,V,2019,0.0
UT,D,2020,83.0
UT,H,2020,6.0
UT,V,2020,42.0
VA,V,1989,296.0
VA,H,1989,170.0
VA,V,1990,43.0
VA,H,1990,24.0
VA,V,1991,43.0
VA,H,1991,24.0
VA,V,1992,169.0
VA,H,1992,98.0
VA,V,1993,173.0
VA,H,1993,100.0
VA,V,1994,28.0
VA,H,1994,16.0
VA,V,1995,128.0
VA,H,1995,73.0
VA,V,1996,0.0
VA,H,1996,0.0
VA,V,1997,238.0
VA,H,1997,137.0
VA,V,1998,217.0
VA,H,1998,125.0
VA,V,1999,231.0
VA,H,1999,133.0
VA,V,2000,190.0
VA,H,2000,109.0
VA,V,2001,298.0
VA,H,2001,172.0
VA,V,2002,0.0
VA,H,2002,0.0
VA,V,2003,49.0
VA,H,2003,28.0
VA,V,2004,231.0
VA,H,2004,133.0
VA,V,2005,166.0
VA,H,2005,96.0
VA,V,2006,664.0
VA,H,2006,383.0
VA,V,2007,353.0
VA,H,2007,203.0
VA,V,2008,439.0
VA,H,2008,252.0
VA,V,2009,557.0
VA,H,2009,320.0
VA,V,2010,106.0
VA,H,2010,61.0
VA,V,2011,197.0
VA,H,2011,114.0
VA,V,2012,59.0
VA,H,2012,34.0
VA,V,2013,52.0
VA,H,2013,30.0
VA,V,2014,67.0
VA,H,2014,38.0
VA,V,2015,32.0
VA,H,2015,18.0
VA,V,2016,26.0
VA,H,2016,15.0
VA,V,2017,0.0
VA,H,2017,0.0
VA,V,2018,0.0
VA,H,2018,0.0
VA,V,2019,10.0
VA,H,2019,5.0
VA,V,2020,1.0
VA,H,2020,0.0
WV,H,1989,1451.0
WV,V,1989,18.0
WV,H,1990,1245.0
WV,V,1990,15.0
WV,H,1991,296.0
WV,V,1991,4.0
WV,H,1992,445.0
WV,V,1992,5.0
WV,H,1993,0.0
WV,V,1993,0.0
WV,H,1994,6040.0
WV,V,1994,74.0
WV,H,1995,0.0
WV,V,1995,0.0
WV,H,1996,0.0
WV,V,1996,0.0
WV,H,1997,0.0
WV,V,1997,0.0
WV,H,1998,7974.0
WV,V,1998,98.0
WV,H,1999,0.0
WV,V,1999,0.0
WV,H,2000,5829.0
WV,V,2000,71.0
WV,H,2001,0.0
WV,V,2001,0.0
WV,H,2002,2964.0
WV,V,2002,36.0
WV,H,2003,1188.0
WV,V,2003,15.0
WV,H,2004,903.0
WV,V,2004,11.0
WV,H,2005,2191.0
WV,V,2005,27.0
WV,H,2006,3624.0
WV,V,2006,44.0
WV,H,2007,0.0
WV,V,2007,0.0
WV,H,2008,1135.0
WV,V,2008,14.0
WV,H,2009,1223.0
WV,V,2009,15.0
WV,H,2010,1873.0
WV,V,2010,23.0
WV,H,2011,0.0
WV,V,2011,0.0
WV,H,2012,17.0
WV,V,2012,0.0
WV,H,2013,0.0
WV,V,2013,0.0
WV,H,2014,2927.0
WV,V,2014,36.0
WV,H,2015,0.0
WV,V,2015,0.0
WV,H,2016,4238.0
WV,V,2016,52.0
WV,H,2017,0.0
WV,V,2017,0.0
WV,H,2018,0.0
WV,V,2018,0.0
WV,H,2019,1791.0
WV,V,2019,22.0
WV,H,2020,0.0
WV,V,2020,0.0
WY,H,2002,91.0
WY,D,2002,1109.0
WY,V,2002,137.0
WY,H,2003,174.0
WY,D,2003,2112.0
WY,V,2003,260.0
WY,H,2004,143.0
WY,D,2004,1734.0
WY,V,2004,214.0
WY,H,2005,238.0
WY,D,2005,2895.0
WY,V,2005,357.0
WY,H,2006,90.0
WY,D,2006,1093.0
WY,V,2006,135.0
WY,H,2007,157.0
WY,D,2007,1906.0
WY,V,2007,235.0
WY,H,2008,111.0
WY,D,2008,1343.0
WY,V,2008,166.0
WY,H,2009,0.0
WY,D,2009,0.0
WY,V,2009,0.0
WY,H,2010,28.0
WY,D,2010,343.0
WY,V,2010,42.0
WY,H,2011,309.0
WY,D,2011,3757.0
WY,V,2011,463.0
WY,H,2012,0.0
WY,D,2012,0.0
WY,V,2012,0.0
WY,H,2013,0.0
WY,D,2013,0.0
WY,V,2013,0.0
WY,H,2014,0.0
WY,D,2014,0.0
WY,V,2014,0.0
WY,H,2015,0.0
WY,D,2015,0.0
WY,V,2015,0.0
WY,H,2016,0.0
WY,D,2016,0.0
WY,V,2016,0.0
WY,H,2017,0.0
WY,D,2017,0.0
WY,V,2017,0.0
WY,H,2018,0.0
WY,D,2018,0.0
WY,V,2018,0.0
WY,H,2019,0.0
WY,D,2019,0.0
WY,V,2019,0.0
WY,H,2020,0.0
WY,D,2020,0.0
WY,V,2020,0.0
AL,D,2023,0.0
AL,H,2023,0.0
AL,V,2023,0.0
AR,D,2023,0.0
AR,H,2023,0.0
AR,V,2023,0.0
AZ,D,2023,0.0
AZ,H,2023,0.0
AZ,V,2023,0.0
CA,D,2023,0.0
CA,H,2023,0.0
CA,V,2023,0.0
CO,D,2023,0.0
CO,H,2023,0.0
CO,V,2023,0.0
FL,D,2023,0.0
FL,H,2023,0.0
FL,V,2023,0.0
ID,D,2023,0.0
ID,H,2023,0.0
ID,V,2023,0.0
IL,D,2023,0.0
IL,H,2023,0.0
IL,V,2023,0.0
IN,D,2023,0.0
IN,H,2023,0.0
IN,V,2023,0.0
KS,D,2023,0.0
KS,H,2023,0.0
KS,V,2023,0.0
KY,D,2023,0.0
KY,H,2023,0.0
KY,V,2023,0.0
LA,D,2023,0.0
LA,H,2023,0.0
LA,V,2023,0.0
MD,D,2023,0.0
MD,H,2023,0.0
MD,V,2023,0.0
MI,D,2023,0.0
MI,H,2023,0.0
MI,V,2023,0.0
MO,D,2023,0.0
MO,H,2023,0.0
MO,V,2023,0.0
MS,D,2023,0.0
MS,H,2023,0.0
MS,V,2023,0.0
MT,D,2023,0.0
MT,H,2023,0.0
MT,V,2023,0.0
ND,D,2023,0.0
ND,H,2023,0.0
ND,V,2023,0.0
NE,D,2023,0.0
NE,H,2023,0.0
NE,V,2023,0.0
NM,D,2023,0.0
NM,H,2023,0.0
NM,V,2023,0.0
NV,D,2023,0.0
NV,H,2023,0.0
NV,V,2023,0.0
NY,D,2023,0.0
NY,H,2023,0.0
NY,V,2023,0.0
OH,D,2023,0.0
OH,H,2023,0.0
OH,V,2023,0.0
OK,D,2023,0.0
OK,H,2023,0.0
OK,V,2023,0.0
OR,D,2023,0.0
OR,H,2023,0.0
OR,V,2023,0.0
PA,D,2023,0.0
PA,H,2023,0.0
PA,V,2023,0.0
SD,D,2023,0.0
SD,H,2023,0.0
SD,V,2023,0.0
TN,D,2023,0.0
TN,H,2023,0.0
TN,V,2023,0.0
TX,D,2023,0.0
TX,H,2023,0.0
TX,V,2023,0.0
UT,D,2023,0.0
UT,H,2023,264.0
UT,V,2023,0.0
VA,D,2023,0.0
VA,H,2023,0.0
VA,V,2023,0.0
WV,D,2023,0.0
WV,H,2023,0.0
WV,V,2023,0.0
WY,D,2023,0.0
WY,H,2023,0.0
WY,V,2023,0.0
